comment,VALUE
ayo duolingo masalah hati batas fitur fitur ubah baik aplikasi makan ram stabil ganti bintang 5 hp restart gegara aplimasi berat parah,NEGATIF
kaget banget hati nya batas bebas beres latih iklan pencet tanda x kadang suka ngebug audio kadang suara rekam suara deteksi harap nyaman guna duolingo  thanks,NEGATIF
senang aplikasi duolingo edukasi anak giat ajar bahasa inggris bahasa animasi nya bagus tarik aplikasi nya mudah duolingo milik kosakata beda mudah paham nya iklan nya tp,POSITIF
suka duolingo peringkat misi gitu semangat karakter lucu bahasa ajar sukaaa banget sebenernya duolingo matematika app store bagus banget,POSITIF
aplikasi bagus tarik interaktif seru pakai aplikasi motivasi konsisten santai moga duolingo konsisten kembang aplikasi tarik,POSITIF
semenjak update jelek aplikasi nya bantu proses ajar bahasa iklan xp kadang audio nya masalah gak suara klik otomatis isi ujung salah ngurangin hati tolong baik depan klo dah baik sistem ku edit bintang 5 makasih,NEGATIF
bagus banget aplikasi suka banget aplikasi yg gratis ajar bahasa inggris runtut baik kadang bug nya suara nya kadang gak nyala karna jaring gak bagus its okay karna yg alami bug skip bagus baik and liga seru juara liga but kadang suka kesel karna ngerjain pakai banget kalah karna suranya audio nya bug mohon baik yah,POSITIF
apk bagus hafal bahasa inggris iklan selesai latih ya gpp terkadang ganggu latih muncul iklan bahasa inggris terkadang terkadang salah bingung tolong apk baru,POSITIF
aplikasi bagus bantu ajar bahasa inggris iklan menganggu iklan selesai latih sayang ajar duolingo milik jelas harap developer hormat jelas bahasa inggris ubah tulis baca subject objek beda,POSITIF
bagus banget yg ajar bahasa apa kurang nya bug karna audio ny nyala  karna sinyal karna nya liga hp download hp nenek liga nya jdi ambigu notifikasi muncul dg tulis 7 yah bagiamana peringkat,POSITIF
bagus banget bantu sy ajar bhs inggris otodidak lambat proses tpi bagus tp sy suka versi tp versi jg bagusko sy rekom yg ajar bhs inggris sistem kayak game jd gak gampang bosan jg bnyk bhs yg ajar,POSITIF
aplikasi edukatif worth it download ui simpel serta animasi tambah kesan tarik hidup sampai materi mudah paham orang saran developer hormat jelas kata bahasa inggris ubah tulis baca subjek objek beda,POSITIF
aplikasi bagus interaktif saking bagus performa aplikasi perhati tim development duolingo nggak masalah iklan keluh performa aplikasi berat ram konsumsi kalah game online kelas call of duty mobile tim duolingo perhati baik performa aplikasi ganggu jenis aplikasi,NEGATIF
aplikasi baik adad iklandan iklan  masalahkarena iklan mengganggukarena paham iklan fungsi pasu aplikasi hidupuntuk iklan coba premium aplikasi cocok lancar bahasa asingasal rutin konsistenusahakan habis minimal 15 menit aplikasi,POSITIF
mudah ajar pilih tahap mula bahasa inggris aplikasi tambah vocabulary tingkat grammar mu ajar speaking listening writing pokok bantu tingkat bahasa inggris mu,POSITIF
senang gunain duo linggo ajar bahasa jepangtapi semenjak update audio hilang yaenak sih kalo ajar bahasa inggris baca kalo audio hilang cuman ajar pake bahasa jepang gak ngerti baca kanji enak kanji udah ajar kanji ajar tolong baik audio,NEGATIF
aplikasi yg bantu ajar bahasa inggris update fiturnya bagus iklan karna pakai paket data ajar iklan dana aplikasi fitur yg beda aplikasi bagus rekomendasi,POSITIF
aplikasi keren bantu proses ajar binggris saran tolong tingkat variasi sulit tantang cepat progress terimakasih ,POSITIF
tolong latih speaking optimal apa gagal ucap nada kondisi ruang kondusif salah mikrofon masalah,NEGATIF
aplikasi bantu ajar bahasa asing pilih bahasa tera aplikasi iklan iklan muncul tambah bug aplikasi,POSITIF
aplikasi asik seru ajar bahasa aja sistem main jg didik ya dukung ajar bahasa listening writing speaking nya dpt,POSITIF
ya nyaman versi hati nggak unlimited iklan putar gak skip menganggu banget tolong baik,POSITIF
aplikasi bagus bantu mudah ikut ajar fahami ajar bahasa senang kesan sendiri tambah semangat ajar terima kasih moga depan tingkat,POSITIF
visual nya bagus anak2 pakai orang dewasa kurang nya inaporpriate language kaya idiot lain2 aplikasi nge freeze iklan tolong baik nge freezenya kata2 yg nya hapus,POSITIF
fitur bagus keren kurang sedia bahasa binggris tutur bindonesia depan tambah kursus bahasa tutur bindonesia pasu rating 5,POSITIF
senang ajar duolingotidak bosan asa main game tertantangterima kasih duolingo ajar materi2 yg kalo ajar materi itu2 aja nggak kembang duolingo kembang cepat puas nikmat ajar duolingo sampai2 tagih malas nonton youtube yg temukanduolingo aplikasi baik dlm ajar bahasa,POSITIF
manteb ngulang bosen jujur banget kalo duolingo ngajarinnya dasar kelompok materi ajar keluarga buah buah hewan cakap kek gitu,POSITIF
bintang 4 suka duolingo gratiss  bener bener bantu ajar bahasa aplikasi manfaat fitur yg bagus seruuu tarik kurang nya skrng serba bayar apk gratis lgi ,POSITIF
bagus pemulasaya smpat hapus paling aplikasi duolingo versi update jelek audio fungsi,POSITIF
duolingo salah aplikasi ajar bahasa inggris aplikasi cocok mula ajar dasar segi cakap tulis text book ajar kait baca kosakata bahasa inggris langsung implementasi aplikasi duolingo tarik tingkat level metode ajar aplikasi free akses,POSITIF
suka ajar bahasa inggris pakai aplikasi duolingo update menu ubah drastis paham bosan moga duolingo,NEGATIF
apl bagus suka ajar aplikasi ajar inggris  bug bug nya selesai ajar alami white screen tolong baik ya developer apl nya bagus ,POSITIF
ajar aplikasi enak banget ajar atur kek susun bener bener tu materi sampe serap gak langsung kayak kaget ajar level gitu seru ajar duolingo ajar belas menit aja udah banget ilmu yg ambil model tampil aplikasi kayak game asa santai aja gitu ajar seru deh pokok,POSITIF
suka banget apk nya bantu ajar animasi ilustrasi nya mood booster banget suara tring pas jawab correct satisfying banget siii sayang heart nya beli wkwk nunggu 4 jam dapet hati gratis,POSITIF
bantu ajar bahasa bantu orang les apa bagus seru terkadang bosan bulan terkadang tambah games tarik terimakasih duolingo,POSITIF
saran moga depan iklan hilangin ganggu selesai ajar iklan iklan iklan males ajar karna ganggu iklan  orang bayar bulan iklan hilang aja kaya les yg bayar aplikasi bagus iklan nya mohon ganggu iya emng iklan uang tpi iklan ajar pwsti iklan,POSITIF
game bahasa bagus main bahasa lengkap kosakata mudah kendala iklan tolong iklan kandung unsur seksual pornografi ganggu khusus main oranglain hormat tolong developer duolingo benah,POSITIF
syukur aplikasi ajar bahasa duolingo membantudan ajar tdk bosan moga duolingo maju depan amin,POSITIF
loading ajar nya lambat udah iklan game mudah upaya dapat hati oleh 2 hati langsung ikut ajar ulang terima kasih,NEGATIF
aplikasi worth ajar bahasa level ajar challenge uji mampu ajar tarik papan peringkat semangat giat ajar nomor,POSITIF
duolingo bantu ajar bahasa baruapa mula senang ajar main  sambil ajar bahasa bantu komunikasi orang ,POSITIF
aplikasi bagus improve ajar bahasa hari progres yg sedia bantu konsisten ajar,POSITIF
duolingo aplikasi bahasa inggris senang ajar nya duolingo duolingo bantu banyak kosa arti bahasa inggris indonesia mudah koreksi mana salah asyik proses ajar,POSITIF
aplikasi bagus ajar bahasa inggris mudah aplikasi ajar seru banget bahasa asing neng banget deh aplikasi saran banget ajar bahasa asing ,POSITIF
bagus sayang iklan developer tolong hapus iklan jadi duolingo aplikasi ajar bahasa baik gratis senang ganggu keluar biaya bayar aplikasi,POSITIF
bagus bantu kalimat kurang kadang suka nge lag pas listening bagus banget ajar bahasa inggris aplikasi free terima kasih duolingo ,POSITIF
aplikasi cocok ajar bahasa rekomendasi duolingo sih karna bahasa yg dpt paham ajar duolingo menarikunikdan penuh animasi bosan,POSITIF
jujur dualingo bantu ajar seru paham sesuai tingkat but rubah tahan kualitas dualingo app ajar gratis,POSITIF
candu ajar duolingo udah tata menu bagus tiap nomor mudah bosan banyak,NEGATIF
aplikasi bahasa mula tengah ajar sagat mudah dimegerti rekomendasi ajar bahasa lancar bahasa sesuai pilih andaharus imbang tekun tekad kuat,POSITIF
seriusini manfaat banget yg ajar bahasa inggris silah download duolingo jamin gk nyesal aplikasi bimbing level easy level hard uji ulang lupa perlajaran ajar terima kasih ,POSITIF
aplikasi bagus mudah ajar bahasa sayang iklan nya banget trus pas nambahin xp ngak sesuai smaa xp,NEGATIF
aplikasi nya fleksibel mana bantu bahasa inggris  bicara lafal mantap,POSITIF
bismillahirohmanirohim duolingo alas jelas konsisten bingung guna duolingo should provided explanation of the question because because there are so many inconsistent answers it makes us confused iklan,POSITIF
aplikasi udah bagus loading nya mutar ajar bahasa inggris duolingo mohon tingkat ya,NEGATIF
bener bener aplikasiiiiii enak bgt ajar ga ngebosenin krn rangking minggunyaa kaya main game bahasa yg ajar bener2 apk ajar bahasa yg sesuai sm butuh,POSITIF
bagus banget suka hafal kosakata pakai premium gratis 2 minggu coba an rencana 2 minggu beli premium,POSITIF
aplikasi ajar bahasa dunia baik 1 poko bagus guna banget terimakasih kpd developer aplikasi aplikasi guna ajar smaberkat apliaksi juara 1 se-kabupaten translator sma kabupaten pakai aplikasi kelas 1 smp sampe pake alih bahasa bahasa arabjepangdan korea terimakasih developer duolingo ,POSITIF
bagus banget ajar bahasa inggris cuman ketidaknyamanan unit 4 pakai jamak story scene lgbt blak-blakan bikin nyaman aplikasi ajar anak pakai aja sih shelly nya istri nama anna tolong aplikasi ajar begitu serah gak papa ngasah otak please,POSITIF
aplikasi bagus seru bangetbisa dipke main ajar pokok yg download nyesel dehtpi sayang duolinggo gk terap sistem gratis fitur nya jdi susah seru seru deh,POSITIF
pas kali download duolingo langsung tagih hari 10 kali buka duolingo ajar pokok duolingo the best udh bicara bahasa inggris kalimat aja berkat duolingo moga sukses ya duolingo sekian akuterima kasih,POSITIF
bagus banget kakak hafal bahasa thank you duolingo audio ngelag ngelag audio deh kasih bintang 5 moga ngelag ya audio asli itu sih ngelag sinyal ngelag bye,POSITIF
terimakasih duolingo bahasa inggris juara kelas mapel bahasa inggris aplikasi bagus keren bahasa inggris sekian terimakasih ,POSITIF
aplikasi bagus ajar bahasa inggris kursus bahasa arab mudah paham kalimah pelapalan arab alangkah kalo iklan sayang banget hati batas tiba2 nggak kecewa bet dah,POSITIF
rekomendasi semangat baik tingkat 5 bintang apk karna guna tarik kalang anak muda ajar bahasa inggris bahasa bahasa ajar terimakasih kembang yng tingkat apk tarik harap  moga fitur harus premium,POSITIF
guna apk duolingo duolingo enak kalo salah kurang nilai tp skrg knp hatinyawa hati nunggu 3jam hati nyaman yng benaringin serius ajar bahasa luang ajar salah dibatasai luang ku buang,NEGATIF
iklan aplikasi bagus ajar bahasa mancanegara kali gak bahasa inggris bahasa bahasa arab,POSITIF
ajar aja iklan dikit dikit iklan duolingo yg tampa iklan ajar kalo dikit dikit iklan kalo niat cerdas tampa harap imbal hapus iklan nya tolong dengar,NEGATIF
bantu ajar bahasa inggris cocok tuk mula anak anak jg yg level animasi game nya asik jd bosan smg ,POSITIF
suka banget ajar mudah senang main ajar liga exp ajar lampau orang gw suka duolingo fitur premium gratis minggu makasih banget udah bimbing bahasa inggris saya,POSITIF
aplikasi membatumudah paham senang bosan ajar bahasa ragu downloaddan duolingo harap tingkat variasi,POSITIF
duolingo aplikasi bantu bahasa ya china perancis korea jerman spanyol arab dll masuk aplikasi bantu sistem kompetitif maksud kompetitif maksud saing capai skor tinggi leaderboard daystreak pamer ajar bahasa sungguh ngapain baca review cepat download ajar,POSITIF
aplikasi bagus bantu yg ajar bahasa lag tips hati nya habis kerjain latih aja hati gratis apk nya suka sendiriii,POSITIF
aplikasi snagat bagus yg ajar bahasa asing latih ubah latih kali kali yg gampang gilir yg susah gk bisa,POSITIF
aplikasi bagus tau sodara coba tagih suka bahasa inggris mahir aplikasi bantu asah dalam mampu saya,POSITIF
bagus duolingo bikin gak nyaman pake heart gak leluasa batas bngt gitu duolingo ttp bagus saran aja sih klo kyk aja main ajar batas,POSITIF
bagus saran  duolingo sedia fitur chatting bagi pesan guna langsung praktik hasil ajar guna milik semangat ajar bahasa maju duolingo ,POSITIF
buka aplikasi trus crash nutup trus pas heart aplikasi bilang butuh heart practice update banyak animasi bikin aplikasi ngga lancar,POSITIF
aplikasi ajar bagus bug baik tdk jawab contoh  terjemah bahasa inggris minum bir opsi i subjek he bingung jwb drink beer jawab salah he drinks beer pdhl jls2 minum bir mngkin trlihat sepele tp menngaggu nyaman tolong baik terima kasih,POSITIF
sih aplikasi ku guna ajar bahasa asing ajar unik kreatif ajar bosan terimakasih duolingo mu capai tuju,POSITIF
ajar duolingo keluh apa tawar langgan keahlihan bahasa maju terimakasih duolingo,POSITIF
ajar bahasa jepang bayang betapa sulit bahasa jepang tulis rumit buat percaya duolingo sengat bantu ajar tingkat rendah tarik kali materi sisip ulang guna biasa kata,POSITIF
pelajarnnya mudah paham gampang diinget ajar ulang ulang yg ajar nyentel otak paham kembang niceee banget bintang 5,POSITIF
apknya bantu ajar bahasa inggris but dialog arah hubung jenis iklan banget kali selesai ajar iklan,POSITIF
jelek sederhana gratis  mudah erti biarpun jelek contoh suara bikin bingung mahal lambat loading warna rumit tampil banyak unit capai 8 gerbang,NEGATIF
ajar english aplikasi seru tambah papan peringkat semangat ajar rank,POSITIF
museum that is a new museum eeh disalahin this is a museum this hai duolingo kalo kualitas kayak gin lama2 kabur moga aplikasi model gin bagus dah males duolingo ku turunin bintang,NEGATIF
aplikasi bagus ajar bahasa inggris kerja tolang karna beda guna,NEGATIF
ajar bahasa asing aplikasi bantu mula tengah pertanyaantes suara dll bantu mudah teks suka duolingo bantu kualitas aplikasi tingkat tolong tambah chat teman ikut ikut teman berkomunukasi orang terima kasih banyak-,POSITIF
bantu bagus aplikasi duolinggosemoga duolinggo anak sya cerdas bahasa asingaamiin,POSITIF
aplikasi sangaaad buagus kaum rebah ken pinter bahasa inggris gamau ribet inget kalimat gambar lucu kalimat mudah banget dihafalin saranin coba deh ayo coba ga coba bintang 5 niih,POSITIF
ajar bahasa main game bahasa pilih ajar lengkap praktis mudah,POSITIF
andai komunikasi fitur chat guna duolingo dar ikut senang moga timbang provider kembang aplikasi terimakasih,POSITIF
bagus ajar fun diulang2 biar inget oh iya ajar bahasa inggris translatenya bhs inggris contoh ambil bhs prancis,POSITIF
aplikasi bagus ajar kosa ucap bahasa inggris benaryang seru aplikasi nya game  liat ulas wajib aplikasi nya download,POSITIF
gatau komen because ni apk keren banget bener2 ngebantu gw ajar bahasa pngen gw pelajarin thanks banget for duolingo ajar rumah gampang simple efektif alhamdulillah gada kurang apa gw download ni apk love u so much 33,POSITIF
aplikasi bantu ajar bahasa asing itudi dalam lengkap banget daritata bahasapercakapandan kosa adapokoknya keren banget,POSITIF
rekomen banget ajar otodidak lancarin bahasa inggris lambat ajar seengaknya dapetlah progres tahap tahap,POSITIF
duolingo 1 fitur-fitur sedia hasil guna bosan ajar duolingo tampil kata motivasi bangun ajar guna guna tes ajar temu personal terima kasih duolingo,POSITIF
ajar bahasa inggris duolingo senang 44 ajar ajar dasar mahir ajar bahasa inggris tulis ajar conversation percaya terimakasih duolingo,POSITIF
aplikasi duolingo bagus sih latih bahasa inggris karakter duolingo bikin latih binggris seru duolingo versi seru versi,POSITIF
seru efisien banget anak anak sd smp - jenjang yg sih ajar kek anak oh iya hati yha biar main pakai adik,POSITIF
aplikasi bagus bangettttworth it bgt ajar bahasafitur fitur guna udah keren abistp duo skrng jdi iklan lumayan ganggu sih sejujurnyatetep gmn lgi yh,POSITIF
aplikasi nya lucu ajar nya seru gampang erti dapet nilai bahasa inggris rendah nyoba ajar duolingo alhamdulillah nilai baik recomended banget deh ni aplikasi thank you,POSITIF
i like duolingo semenjak update main batas batas ajar cari hati tukar points nonton iklan biar ajar duolingo pilih iklan ajar duolingo,POSITIF
aplikasi bantu ajar ajar ajar speaking listening vocab terimakasih duolingo,POSITIF
bagus banget apl duolingo ini bahasa inggris apl bahasa bhs italy bhs spanyol bhs korea ajar gampang paham,POSITIF
kasih bintang karna bagus pas ajar bahasa inggris pakek sepikertu dah bener ulang ulang salah gak tau sepiker salah duolingo nya gak denger salam terimakasih ertikann,POSITIF
suka ajar apl iklan selesai tes iklan gak suka gak iklan,NEGATIF
aplikasi bagus mudah fitur nya fitur bahas guna,POSITIF
tokoh unik proses perlahan latih otak biasa bahasa inggrisdengan target semangat ajar nya,POSITIF
pembelajaranya mudah erti solusi baik ajar bahasasedikit resah iklan lazada langsung masuk aplikasi men skip exit aplikasi lazada,POSITIF
bagus manfaat ku udah bagus bangetttcuman kalo saran tambah i buku informasi guna ajar kosakata leta nya,POSITIF
maaf aplikasi guna terjemah keti bener salah tau eat ate maaf ya kasih bintang 4 update lumayan bagussaya kasih bintang 5,POSITIF
aplikasi bagus aplikasi bantu ajar bhs inggris ajar kosakata aplikasi cocok gemar bhs asing contoh china jepang korea inggris sekian terima kasih,POSITIF
aplikasi bantu ajar bahasa inggris mula ajar kosa ajar bicara dengar,POSITIF
iklan enak interface nya ribet proses jaha mas rada kaku iklan ganggu ajar sumpah,NEGATIF
aplikasi ny bagus tau ajar bhs inggris aplikasi muncul iklan kasih 4 bintang,POSITIF
bagus ajar 5 bahasa jepangbahasa inggriskorean rusiaarabic giat ajar aplikasi duolingo,POSITIF
suka banget aplikasi ajar bahasa inggris seru banget ajar bahasa inggris ajar bahasa,POSITIF
tolong babak kilat tambahin dkit kb smakin susah trs jg pilih kotak gaush ngacak njg bkin pusing kntol bljr bhsa inggris pngen ganti bahasa jepang bhsa jepangnya tulis inggris hrusnya indo bosan klo mapelnya 1,NEGATIF
apk cocok mula mahir sistem ajar nya keren iklan apk tetep bagus ajar,POSITIF
apk ajar bahasa inggris bahasa ajar bahasa inggris bahasa rekomendasi apk bagusssssssbangetttttttttt,POSITIF
di-update bayar sih jadi ga sukatrus hati 5dulu update hati batas suka karna bantu banget ajar bahasa inggris ,POSITIF
ajar bahasa apa terima kasih aplikasi duolingo senang ajar bahasa,POSITIF
kembali duolingo semenjak update duolingo buruknyawa batas bayar nyawa saran kembali duolingo,NEGATIF
aplikasi bagus ajar bahasa tuju sistem hati salah 5x lanjut nya kecewa,POSITIF
aplikasi bantu ajar bahasa asing salah kosa nya baku tolong baik kosa kalimat  aplikasi nya the best banget aplikasi ajar bahasa no 1 gue gratis mudah fahami tampil enak liat mudah banget level tarik sekian trima kasih duolingo aplikasi,POSITIF
bagus banget ajar bahasa korea inggris arab nya worth it banget sih kalo super duolingo nya poko mah bagus bangett,POSITIF
assalamu alakum ka terima kasih ka  aplikasi bantu ajar bahasa  tambah wawas duolingo hebat duolingo top duolingo sukses,POSITIF
sya keluh fitur duolingo update versi segi pilih menu ajar rumit sya sdkit bingung milih part ajar jga bberapa question bnyk bawa tuh bosan yg fitur nyawa yg batas ga langsg itutuh paksa orang bayar lu beli nyawa ajar batas developer tlnglh kembali sprti sdh iklan,NEGATIF
bener sih tingkat aplikasi ya iklan kau tingkat udah 3 pakek aplikasi gak lan car lancar aja pas baru aneh aneh ya baru,NEGATIF
bantu ajar bahasa seru waw gokill sih temen yg ajar bahasa coba duolingo terimakasih lancar duolingo semangat temen yg ajar bahasa ,POSITIF
aplikasi guna isi luang nambah ilmu keren banget iklan skip wajar klo abis ajar apk keren bettt,POSITIF
aplikasi metode ajar bagustapi yg kurangtolong tambahin fitur chat temanagar tambah akrab orang yg ajar bhasa yg,POSITIF
yah update penuh iklan nih aplikasi gak iklan deh bayar gak skip dah gitu fitur cerita diilangin bahasa jepang guna bgt napa gak,NEGATIF
app nya bagus ngebantu ajar bahasa bahasa nya pilih banget fitur ajar topik duolingo edit udah iklan nyawa undang 1 teman ku coba super duolingo temen ku dah main apl nya gadapet super duolingo error gimana yaa,POSITIF
kali kenal duolingo kasih tau tourist pas jd guide pas coba bener2 bagusssssss tahap sesuai dg mampu bs paham dr hal2 dasar yg gk pikirin tanccuuuuuuu,POSITIF
suka banget duolingo bangga bahasa inggris duolingo fasih bahasa inggris duolingo main rangking mana xp banyak anak punya nilai akademik bagus senang juara duolingo terima kasih duolingo ,POSITIF
bantu  ajar bahasa inggris duolinggo solusi nya bahasa inggris ajar bahasa jepang korea arab jerman cocok banget ajar bahasa,POSITIF
aplikasi sih bagus tambah ilmu salah aplikasi yg baik ketik eat ate tolong baik ya developer yg bilang kasih rating 4 tolong baik yaaa,POSITIF
suka duolingo karakter ramah suka sikap karakter yg maki pakai ungu turut keren yahh begituaku harap ramah,POSITIF
aplikasi ajar bahasa seru kemas game keren bahasa inggris ajar bahasa sesuai korea jepang arab dll sayang ajar bahasa bahasa inggris,POSITIF
ngapa bikin kesel sih orang online pas buka offline pas coba buka igtwitwpwayt pas buka ni apk baca offline maksud gimanaudah di-update aja baca offline jadi gabisa next level lanjut,NEGATIF
aplikasi bagus rekomendasi ajar bahasa tolong berbahsa indonesia bahasa inggris nya bahasa inggris susah bahasa inggris somoga update tambah,POSITIF
duolingo salah app ajar bahasa bagus metode ajar senang harga jangkau anak suka terimakasih duolingo team moga sukses,POSITIF
aplikasi bagus mudah erti sya paham guna kosakata tolong developer jelas kosakata contoh  drink drank eat ate paham situ mohon developer tambah fitur jelas kosakata susah paham tambah jelas tata bahasa bagi voicenya tolong baik kadang suara susah,POSITIF
bagus animasi dalam bosan ad tantang tarik jugadan sesuai ajar ajar bahasa inggris dikit dikit,POSITIF
game nya sih bagus anak ku pintar ajar bahasa inggris duolingo sayang kalo pake wifi loading kalo pake internet  data selalure kalo pake wifi lelet kadang ngan duolingo nya kalo campur ya wifi campur data selalure bikin ana bilang bilang kesel mending pake data selalure kalo kaya gin kasih bintang ya jadi tolong ya cuman ya sis ss,POSITIF
yg baik si aplikasi nya bagusseru asik layak game inti bagus bgt bantu ajar bahasa inggris tahan duolingo moga update depan baik,POSITIF
omg omg udah pakai apk okto 2020 aplikasi udah ajar kosakata paham bahasa inggris ingat update fitur mudah ku ganggu iklan sesal update mohon iklan hambat ajar,NEGATIF
aplikasi senang teori ajar mudah orang awam ajar bahasa inggris kadang aplikasi buka runtut jadwal ajar ganggu rekomendasi,POSITIF
hai manna kelas 1 smp aplikasi bantu tingkat bahasa inggris kosa latih sulit ku paham frasa dasar tahu,POSITIF
bantu ajar bahasa inggris bahasa aplikasi manfaat ajar metode main game lomba juara,POSITIF
aplikasi bagus pilih ajar bahasa patah kata kata yg sulit ilah ajar kenal huruf coba ajar bahasa prancis 1 yg tau suruh terjemah bahasa itu,NEGATIF
aplikasi bagus wow keren sungguh senang aplikasi harap depan aplikasi fitur-fitur seru baik harap aplikasi ajar aplikasi sungguh senang untuk,POSITIF
halo salken zara apk bagus juara stu bagus nya tu cerita nya tebak bla bla bla gitu cepat hafal bahasa inggris korea arab saudi bahasa aneh ya lipa coba bahasa nya aneh mohon hilang bahasa lipa ya duolingo gak suka ya iklan doang sih doulingo lipa nya oh iya tau kakak byee,POSITIF
cocok guna mudah ajar bahasa inggris bahasa fokus dengar tutor bahasa ajak main game tebak terjemah nya selamat coba kapok,POSITIF
susah ajar enak ajar salah ulang2 hati nya batas ajar menit udah nunggu hari ,NEGATIF
aplikasi bantu ajar bahasa inggris pikir bahasa inggris susah eh pakai aplikasi ajar bahasa inggris nya jdi ez gitu aplikasi ajar perlahan mudah paham trus fitur aplikasi nya tarik the best aplikasi thank you duolingo,POSITIF
suka aplikasi harap fitur beda guna kalimat cnthhas have run runs dsb,POSITIF
benar serius ajar bahasa duolingo jawabnnya hati batas tingkat usaha capai aplikasi rancang pingin serius santai notifnya uhuk-,POSITIF
maaf kak komplen ajar suara ulang kali suruh kalimat no no no cuman hitung 1 tolong baik kak,POSITIF
baca cerita app duolingo lucu serukarena baru app tahun mendownloadsaya move on tampil,POSITIF
sempurna ajar bahasa nyawa atur atur gk repot salah sayang banget liat orang komen buru coba fiturnya,POSITIF
apk nya udah bagus tapi hati nya mahal kalo nunggu 4 jam 2 jam tolong hati nya mahal mahalagak murahin kayak harga nya 100 kointerus latih hati dapet 5 hati tau nya ajar nya dapet satumohon murah hati nya nunggu nya 1 jam aja biar dapet hatinyasekali latih hati 1 3 1,POSITIF
kasih bintang 4 krn bayar iklan nyawa batas suka antarmuka bagus,POSITIF
jujur kecewa aplikasi nya aplikasi hati habis ber ajar full iklan drinks drink eats eat salah aplikasi gratis u know a student ajar tingkat dasar tengah ajar pegang uang frustasi ajar,NEGATIF
aplikasi bagus suka lalot memori ga penuhkarna lambat proses ajar nunggu hati penuh lagiga penuh langsung ajar isi hati,POSITIF
aplikasi bagus bantu banget ajar bahasa asing bahasa ajar gak cuman b inggris pokok bagus banget dehh kayak main game gitu seru ajar,POSITIF
baguss aplikasi bantu bahasa ajar gratis hehe the best deh pokok,POSITIF
kurang premium xp waktu pakai permata super top rank kuasa premium bahasa yg sopan trima kasih bantu ajar,POSITIF
thank you tambah wawas banget kagak tau bahasa inggris yah mudah sulit but jdi favorite dar isi luang recomend banget ajar pake aplikasi,POSITIF
softwarenya keren hapus aplikasi duo lingo sele 3-4 minggu pesan email kalimat aja bagus mendownload kembali,POSITIF
aplikasi bagus mudah erti gimes nya lo pokok asik deh pakai aplikasi duolingo canggih aplikasi gratis,POSITIF
giat ajar ajar ga ngebosenin seru duolingo yg bayar ya agak2 kecewa its ok yaa,POSITIF
wihhini app ter rekomendasi dehh  ajar cepat ngerti pilih 1 bahasa pokok the best dehh ,POSITIF
bagus kayak game gitu ajar bahasa bahasa koreaenglishjapan pokok nya seruu tebak game ngomong sesuai cakap contoh tolong gamenya kasih seru dongg,POSITIF
ajar bahasa inggris tutur bahasa indonesia ajar bahasa bahasa inggris kembang tutur bahasa indonesia,NEGATIF
bagus bangetsangat bantu ajar inggrisselain bahasa jermanjepangitaliaarabafrika selatandllcuman iklantapi ga ganggu iklan 5 detik doang,POSITIF
try apk moga asah ingat kosa english otak yg udah ambyar bubar jalan mana moga minim error yaa apk nyaa berkah tim duolingo semangat proses kembang maju sukses aplikasi duolingo 3,POSITIF
update iklan ajar batas bagus tolong developer kembali duolingo,NEGATIF
senang aplikasi ajar bahasa main game kasih bintang 5 aplikasi guna interaksi orang  ajar bahasa aplikasi duolingo bahasa negara thanksforduolingo,POSITIF
apk nya bagus banget tantang main game ajar ini min apk nya pulih moga cepat ya pulih nya main game ajar min semangat min makasih min apk ,POSITIF
halotolong paket premium 1 bulankarena badget 400k 1 banyakjd ga make premiumtolong paket 1 aj biar ngumpulin duit tolong sedia cepat yah,NEGATIF
terimakasih duolingo mampu bahasa inggris tingkat pesat nilai sempurna mata ajar bahasa inggris terimakasih,POSITIF
duolingo udh ga seasik sekarng iklan nya banget apk maksa beli super kecewa bgt pokok liat duolingo,NEGATIF
aaaa terima kasih duolingo  aplikasi bantu mula  hari hapal kosakata apk mudah ajar ,POSITIF
bagus bngt suka bahasa inggris mudah gak nyesel download duolingo bljr bahasa aja duolingo bahasa bahasa udh campur app gak cmn 1 bahasa doang loooaku neng banget download bahasa inggris gak bikin kecewa dehh,POSITIF
aplikasi baik  gratis ilmu full jelas nya bagus tele kaya app pokok download deh kalin ajar kelas baik ttp gratis  thanks banget app ,POSITIF
aplikasi rekomen yg ajar binggris mula sistem nya main yg bosan ajar,POSITIF
aplikasi bagus unit 5 kuda tulis kali single harus jamak horse vs horses dialog buka unit 11 angkat subjek yg sensitif indonesia harap timbang,POSITIF
aplikasi bagus ajar bahasa inggris sakin bagus tolong y tambahin nyawanyahati salah 1 latih langsung hilang 1 nyawa susah dab malas ngulang ngulang,NEGATIF
aplikasi bahasa inggis oke mudah paham kalang usia dri anak anak dewasa aplikasi duolingo bantu ajar bahasa inggris,POSITIF
ajar bahasa jepang pas unit 3 level 1 udah selesai 4 tahap gak level ya bahasa inggris aja mohon baik ya,POSITIF
really like itpokonya recommendation banget ajar bahasa inggrisbagus banget poko kalo gatau nih kosa kasih nnti liat gausah terjemah googleaku udh share sodara aplk duolingo yng ajar bahasa inggris,POSITIF
bagus bngt apknya mudah paham senang iklan gk ngeganggu ajar ajar bahasa,POSITIF
aplikasi bagus bantu ajar bahasa rusia jerman jepang aplikasi fitur tulis dengar lafal yg bantu guna,POSITIF
iklan mute risih ngerjain suara full iklan suara ganggu,POSITIF
bantu ajar bahasa inggris saran teman keluarga pakai apkikasi bagus terimakasih jazaakallah khair katsiron,POSITIF
aplikasi nya bagusmungkin sulit susun bingung nya tau laki laki perempuanyang bagus terimakasih moga sukses,POSITIF
please help me duolingo salah alias ngawur banget sm tanya suka ga konsisten kecewa banget mohon baik,NEGATIF
bantu asah bahasa inggris bantu kumpul niat tahan kursus online terimakasih atmin,POSITIF
mula bahasa inggris pakai duolingo  aplikasi cocok yg blm binggris aplikasi nya seru gratis mudah erti pokok aplikasi baik deh klo ga percaya coba downoald,POSITIF
benar nya suka banget sampe sampe latih ber kali kali dapetin hati 5 ter nyata ga lima stres salah kasih reting nya 4 deh,POSITIF
iklan ya bagus tampil kalo iklan ga nyaman ajar ,NEGATIF
bagus banget sihtapi kadang suka salahinjadi hilang deh hati nya wanita bahasa inggris nya ganti ganti female kadang lady sengaja banget gitu,POSITIF
ajar bahasa asing cocok banget cok asli mula bagus bangsatt gua gak boong gua serius aplikasi the best banget bintang 5 nilai 100,POSITIF
kasih bintang 5 karna nyaman ajar doulingo ngga nyaman iklan baru duolingo karna nglag fikir kalo baru lancar iklan selesai ajar iklan tolong baik ya,POSITIF
bagusss please kembali duolingo kualitas turun iklan nyawa batas ajar kembang cepat level fiturnya bayar kecewa sih mohon timbang  kalo ubah kasih bintang,POSITIF
ajar ringan mudah saran nama judul ajar singkat gimana guna tau ajar ttng simpel present present perfect singkat bingung ajar topik aplikasi panjang klik buka saran baik pilih nyambung arti,POSITIF
the best application ulas iklansebenarnya iklankarena iklan salah dukung apk duolinggo sendiritapi tolong rang iklannyaterus ads berbayarnyalebih suka duo linggo fiturnya bagus initapi suka yg,NEGATIF
materi gratis lumayan bagus error terjemah fiturnya banyak bayar tolong hapus sistem nyawa baik sistem typo salah eja lebih fiturnya bagus walah f2p,POSITIF
gw suka duolingo yg gw gk suka lebih duolingo ad fitur kayak nyambungin cakap seru bikin kayak level konsisten gak lompat lompat ajar kurang duolingo iklan pake hati ajar gratis salah 1 hilang hati gak hati gak ajar yg gw gak suka ngisi hati banget 4 deh,POSITIF
aplikasi nya udah bagus kurang kalimat jelas kalimat nya aja but it s ok harap depan fitur chat duolingo ngobrol tes mampu orang negara fitur follow ngasih apresiasi aja,POSITIF
bagus bangetaku ajar bahasa teman ajar yaaaaaa kasih sempat salah 3 kali klo voice klo nebak cmn 1 kli mohon baik,POSITIF
udah bagus seru cuman ga bahasa jepang indonesia yg sedia ingris indonrsia bhasa yg lai terjemah inggris doang tolong adain jepang indo arab indo ,POSITIF
bagus mudah mudah ajar bahasa makas duolingo peri media gratis,POSITIF
suka banget cuman bayar ya geys kalo ken jelas materi nya wkwkkdang kalimat nya gak nyambung jelas nya gapapa mengertimohon tingkat ya karna jawab ga nyambung,POSITIF
semenjak apk baharu ajar bahasa asing serasa batas contoh hati maksimal nya 5 udah habis nunggu isi iklan nya menggangu kadang lesson yg refresh pokok nya update-an nya lumayan kecewa moga duolingo ,NEGATIF
kak duolingo nya kembali kayak aplikasi nya iklan hati batas kayak isi ulang bayar  maaf ya kak kasih rating 2,NEGATIF
aplikasi nya bagus banget ajar bahasa inggris mula download doulingo cocok makasih developer udah aplikasi nya aplikasi bantu,POSITIF
bagus banget ajar bahasa ajar 4 bahasa jerman jepang rusia inggris pokok seru banget woy cobain dah serrruuuuu ,POSITIF
kerennn apk nyaa kreatif yg apk ajar bahasa inggris ga ngebosenin  trus ajar dasar dlu sampe bener bener paham huh nyesel ga dluu pake apk  kalo si auto ngasi rating 1000000 10  yokk download jamin sukaaa,POSITIF
bagus bngt apknya tpi tolong ya developer baik kadang audio nya rusakkita jg ajar bhasa jepang inggris mudah pokok sukak deh  ,POSITIF
duolingo versi iklan tampil stage mudah erti,POSITIF
aplikasi nya bagus bangetsukabelajar serasa main sayang nya update pro ga bayar yaharus tahun aja,POSITIF
aplikasi nya bagus banget iklan nya duolingo gampang erti gratis kasih bintang 5 bagus aplikasi nya,POSITIF
ngebantu banget ajar bahasa korea semenjak download lumayan ga buta huruf wkwk gasuknya iklan,POSITIF
aplikasi duolingo bener bener bagussss banget main deh tampil nya simple tarik ajar all bahasa one aplikasi iklan nya gak lama banget papan skor tantang hari yg bikin semangat ajar pokok the best banget aplikasi thanks duolingo,POSITIF
iklan boss maaf nih ajar ganggu resin tugas iklan tugas iklan bikin males ulas sekian terimakasih,NEGATIF
duolingo bagus tahu latih terampil bicara ajar bahasa inggris mula,POSITIF
keren buanget seru ajar bahasa inggris  download eh udah update an donnggg tarik ajar bahasa inggris nya ,POSITIF
sumpah anjani neng banget pakek aplikasi anjani yg gk tau jdi tau klo nonton film yg pkk bahasa inggris jani ngerti dikit2 pokokny seru dah yg anjani yah gk gitu komunikasi serta anjani ken banget teman ajar aplikasi duo lingo jga kek nya dh makasih,POSITIF
aplikasi nya bagus ajar bahas thailand bom sedia mohon sedia bahasa thailand nya ya admin,POSITIF
aplikasi mudahcocok untk pemulatapi skrg lgi errorg latih speakingtlg baik segerathanks,POSITIF
aplikasi nya bagus ajar bahasa iklan naik level bayar,POSITIF
versi baru suka selesai tugas iklan gk peduli iklan kalu beda coba cari letak iklan nya gituu bagus sih bebas gk iklan beli aplikasi maksa banget,NEGATIF
aplikasi nya bagusfitur nya keren level fitur bicara kadang udah bicara bilang salah,POSITIF
aplikasi manfaat ajar mudah aplikasi baik ajar bahasa,POSITIF
suka apk ajar inggris bahasa inggris beritau bahasa suruh pikir,POSITIF
kes tele level pnyelesainnya ulang wort it materi terpa dalam otak menghapal kosa menghapal laku sabar konsisten duolingo teman baik kuat dasar kuasa bahasa inggris semangat ajar,POSITIF
aplikasi bagus bantu cuman emang kali ngelag  trus kaget ajar reading cewek honeymoon cewe gimana konsep,POSITIF
apk nya bagus banget bantu mula yg beljr bhs inggris sedia bhs lainny tdk bosan pokok ny the best ,POSITIF
best learn apk for me and i like it  terimakasih aplikasi bantu ajar pribadi ganggu iklan sedia duolingo ganggu ajar boros kuota jujur suka duolingo baharu iklan fokus ajar tunggu iklan jadi bosan,NEGATIF
rasa aplikasi tingkat animasi seru karakter bahasa inggris ku tingkat pesat sekian ku,POSITIF
revie edit 4 bintang duolingo skrg iklan batas heartnya 3 salah tdk main ganggu proses ajar kembalkkan duolingo spt,POSITIF
apk duolingo bantu ajar bhs inggris mudah paham terjemah bhs inggris sungguh apk yg tarik mula ajar bhs donload duolingo apk kasih seru,POSITIF
duolingo kesini budeg ya udah ngomong tpi salah tolong cepat baru,POSITIF
wowaplikasi bagus erti bhs inggris pakai aplikasi lumayan erti bahasa inggris yg mendowload aplikasi langsung download aja percaya,POSITIF
ajar bahasa korea hp suara instruksi suara notif selesai ting tung ganggu,NEGATIF
upgrade nyesal upgrade enak sistem heart nya nyawa gitu trus aneh nya data internet gak buka duolingo nya,NEGATIF
pas latih bahasa pakai voiceitu errorpadahal sebut benarmic handphone sajatapi tulis salahitu ya mohon diperbaikiuntuk kasih 2 bintang dulunanti voice mic bug nya baik kasih full bintang,NEGATIF
bagus cuman terkadang bug aja audio hilang mohon baik,POSITIF
apk bagus suka bantu ajar bahasa inggris pemuladan hafal dngn yg tdk membosankn batas kali ajar hati iklan,POSITIF
suka bgt apk duolingo cepat hafal bahasa ajar neng bgt latih hati ,POSITIF
bagus bahasa inggris nya lancarsekarang ajar bahasa inggris jdi seru duolingoterima kasih duolingo,POSITIF
bantu ajar bahasa senang coba download lancar bahasa asing mu,POSITIF
metode ajar senang mudah dimengertimakasih duolingosemoga depan guna orang,POSITIF
terimakasih duolingo ajar ku bahasa ingris berkomukasi orang orang cari teman -,POSITIF
app nya bagus tpi bnyak iklan nya ngiklan sih gpp tpi klo slesai sesi bljar mncul iklan trus ngeganggu nya  jdi iklan nya mncul 2mnit skli  bkin jngkel nya,POSITIF
indonesia dukung konten lesbian unit 4 materi moral d contoh anak2 ganggu mental d legal d negara barat tolong hilang konten wilayah indonesia indonesia konten semecam ancam duolingo d tanggap serius aju perintah indonesia,NEGATIF
aplikasi edukatif bangga macet pas masuk and iklan,POSITIF
sebenernya bagus cuman semenjak update iklan sebenernya ya ngga banget si dapetin permata susah ya voice nya susah ya,POSITIF
aplikasi nya bagus banget nomor 1 free bantu support pake nonton iklan aja bantuin developnya biar semangat,POSITIF
aplikasi bantu ajar bahasa negara cuman skrg akses bljrnya bebas skrng bljr ganggu karna muncul iklan bgus bgt gaada iklan ajar fokus ga ngebosenin,POSITIF
bukti ajar duolingo 1 tahunhasilnya emang wowdbiasanya pas ajar bahasa inggris buka kamus gak lagibanyak kata2 udah ajar duolingopokoknya ngebantu banget sulit bahasa inggris udah mahir memper bahasa inggrisgak itubahasa2 yg ajar mudah ajar duolingorekomend banget deh pokok nya udah mb nya kecilgratisdan gak boros data,POSITIF
suka aplikasi bantu semenjak iklan ngelag gak iklan kembang aplikasi silah tampil iklan sebab ngelagnya aplikasi,NEGATIF
aplikasi bagus alam ajar bagus fitur chatting ngobrol fitur obrol orang asing keluar terampil ajar ajar bahasa ajar orang asing,POSITIF
bagus turun banget pas buka aplikasi aja loadingnya banget gw sampe tidur eh pas bangun buka aplikasi gw gw eh pas cek twitter kek gw,NEGATIF
bagus mmbntu sy bljr dngn radak nge lag otak sya yg gw suka aplikasi bantu pelajarsekian terimakasih maaf yg sesuai kenan,POSITIF
udah bagus banget aplikasi nya udah nggak seru aplikasi nya udah bayar gratis poin dikit item susah batas nyawa yg kecewa kali salah nyawa kurang 1 full cuman 5 udah kayak candy crush aja ajar bahasa itu salah nyawa batas ajar batas cukp kecewa dgn duolingo yg sekrng,NEGATIF
suka fitur duolingo fitur obrol orang seru banget,POSITIF
pilih suara suara volume nya tolong baik ya tolong ya kak,NEGATIF
bantu bgt mudah erti beda jamak tunggal dr bingung bedainnya,POSITIF
aplikasi keren ajar tulis dengar bahasa asing pilih pokok keren deh ayo buru download,POSITIF
aplikasi bantu bnaget sih ajar bahasa udh dri bahasa inggris aplikasi nice good job,POSITIF
bagus cuman suka fitur runtun ulang gambar nya retak runtun ulang,POSITIF
aplikasi mantap materi challenge nya benar tantang bener2 tanam pikir bentuk kalimat ajar,POSITIF
hati engga batas batas tambah iklann tiap ajar moga depan baik,NEGATIF
suka kembali fitur cakap cerita karna seru bgt skrng knp pake nyawa sih bljrnya ga bebas,POSITIF
seruuuuaku suka banget sih duolingo ajar bahasadan ajar nya asikk kaya main game,POSITIF
nggak salah pilih deh download duolingo bener-bener recomended deh suka ajar bahasa dunia aplikasi baik dengar tulis bicara padu sistem game anti bosen ,POSITIF
aplikasi bagus ajar bahasa tolong tingkat level levelnyaagar ajar,POSITIF
apk bagus banget developer exercise mudah sulit kasih 5 star batu sempurna nilai sekolah thanks ,POSITIF
bagus bagus banget sayang super langgan ajar ekonomi pas pas hari,POSITIF
buruk iklan bug tolong baik saran iklan,NEGATIF
suka aplikasi mudah ajar bahasa asing konsep main game bosan thank you,POSITIF
aplikasi nya manfaat ngebug jarang iklan nya gak iklan aplikasi downwoad 1 langsung dikit bahasa inggris  bahasa asing lai yg ajar aplikasi aplikasi manfaat ajar bahasa inggris bahasa lai pokok nya is the best banget deeh aplikasi ini,POSITIF
baik yg baik nilai tingkat diikutin olimpiade ga nyangka juang ajar ga sia sia tetep semangat ajar,POSITIF
duolingo yg serba bayar ajar batas pakai hati iklan sih gak kembali duolingo yg ajar gratis,NEGATIF
overall sih sebenernya bagus hati nya aja  ku nya infinity ga ilang make hati yg smpe 5,POSITIF
seru banget cuy udah beli gapapa tantang hati yg batas hilangin ya kalo ngejawab 145 detik dapet 40-80 xp,POSITIF
apk yg recommend bngtt ajar bahasa apa alhamdulillah pakai ga kendala apa bagusss bngtt guyss please lahh tambahin fitur ngobrol chattingan temen apk biar konte gua butuh bngtt ken ngobrol temen kalo udh fitur chattingan temen gua kesini ngasih ,POSITIF
duolingo udah bagustapi tolong jelas suaranyayg asli thank youyg suara fuk you,POSITIF
bagus aplikasi duolingo iniaplikasinya manfaat orang ajar bahasa inggrisuntuk pemulathank you duolingo,POSITIF
iklan habis ajar langsung iklan ganggu kembali duolingo,NEGATIF
selesai selesai stage stage update apk masalah bug,NEGATIF
aplikasi nya very good saya binggris mudah cepat  poko nya the best deh apk nyaayo buru download duolingo unduh nya gratis,POSITIF
aplikasi bantu ajar bahasa inggris moga bug ilang n hati,POSITIF
seru banget aplikasi mula pokok rekomendasi deh  ga tau tau  pokok bagus aplikasi suka  makasih duolinggo,POSITIF
aplikasi burukpenutur bahasa indonesia bahasa inggristolong banyak bahasa tutur bahasa indonesia,NEGATIF
bantu ajar bahasa prancis mudah erti animasi  suara yg bantu paham cepat ,POSITIF
kalo latih susah kalo salah hati nya nerkurang suka duolingo yg si leluasa bayak iklan nunggu bikin gk nyaman bgt,NEGATIF
bagus banget seru recomended utk ajar bahasa tolong hati infinity kayak,POSITIF
aplikasi duolingo sungguh bagus keren bantu proses ajar bahasa inggris terima kasih gabung,POSITIF
ajar bahasa rusia banyak salah hati habis dm habis tolong mudah,NEGATIF
apk bantu ajar bahasa inggris online pakai jugapraktis no ribet iklan,POSITIF
udah bagus ya karea unit unit ajar suka banget aplikasi ajar bahasa inggris terimakasih duolingo,POSITIF
bagus banget jelas terjemah nya kalo udah update cerita seru pokok pake kauta main gpp udah bagus terimakasih ,POSITIF
bagus bgt selesai misi iklan ga ganggu bagus apk b inggris yg gratis pokok apk favorit ajar b inggris ,POSITIF
ajar bahasa inggris duolingo seru seru ajar aplikasi ya,NEGATIF
kecewa update an baru tolong kembali duolingo dulusekarang nyawa batas ajar maksimal latih aja berbayarplease bring back old version of duolingo,NEGATIF
aplikasi bagus kosakata aplikasi gratis iklan tdk ganggu,POSITIF
semangat ajar duolingo kecewa banget unduhbukannya baikeh iklan banyaksebelum ajar tamat udah potong iklan ajar terpitus kesal sekip iklan iklannyadan duolingo ngebleng bukaaneh nya iklan,NEGATIF
sangaatt sukaaa apk mudah ajar kosa bahasa inggris baikkk makaasi duolingo ,POSITIF
aplikasi nya keren ajar mudah bosan animasi bagus saing main,POSITIF
semenjak duolingo update minat gw bahasa inggris udah hilang knp yh gw klo capai halang gw henti gw bebas rantai sial,NEGATIF
sukaaa bgt aplikasi karna ajar duolingo asikkk seruuu bahasa ajar duolingo -keysha from indonesian,POSITIF
it was great before iklan  beli aplikasi sayang banget semangat ajar inggris ikut runtun duolingo moga depan baik,NEGATIF
mantep bangetjelas suaranyamudah belajarnyabanyak metode nya ga bikin bosanmudah erti,POSITIF
turut aplikasi benar2 bantu orang kuasa bahasa asing khusunya bahasa inggris metode ajar seru udah kayak main game rekam suara kadang masalah,POSITIF
aplikasi bagus banget didik edukatif konsep game fitur nyawa hati duolingo batas progres main butuh isi hati rang tambah bonus hati main leluasa main ajar aplikasi sekian terima kasih,POSITIF
alhamdulillah ajar senang mudah erti terimakasih duolingo,POSITIF
terkadang selesai tugas suka stuck ga apain,POSITIF
keren simple mudah ajar bahasa inggris pikir,POSITIF
seru simple mudah erti yg mula banget kayak,POSITIF
bagus banget benar2 ajar basic detail,POSITIF
aplikasi cocok ajar lancar komunikasi,POSITIF
bagus ajar bahasa mana aja,POSITIF
aplikasi bagus mula ajar b inggris suka aplikasi,POSITIF
cakap materi lgbt aplikasi bagus materi cakap ga rubah buka ajar usia anak risih,NEGATIF
dah gak asik kaya turut muas yg kesel karna cuman duolingo yg turut apl ajar bahasa yg bagus tpi asik,POSITIF
suka apps nya makasih banyak yaaa and puas banged gak iklan luv,POSITIF
waahh neng banget pake duolingo  ajar bhs inggris  russia  arab dll poko bantu terima kasih duolingo,POSITIF
aplikasi bagus cocok ajar bahasa inginkanaplikasi bantu paham bahasa inggris,POSITIF
bagus bahasa mandarinbahasa rusia bahasa korea tambahin terjemah indonesia nya,POSITIF
aplikasi bagus bngt bantu bngt mula yg ajar bahasa asing pokok keren bngt dehh,POSITIF
bantu aplikasi ajar suka apk duolinggo  semangat devloper ayoo download duolinggo ajar seru senang asik deh pokoknyaa,POSITIF
update buruk iklan bikin main turun main asik tp enek krn iklan mohon baik makasih,NEGATIF
tambah fitur ajar bahasa bahasa inggriscontohnya jepang indonesiatanpa ajar bahasa ingris,POSITIF
emang sih bagus aja langsung hafal macet gerakin nggak hidup aneh pakek hp iphone 14 promek,POSITIF
bagus sih cmn mngkin tambah fitur salah alas knp kalimat yg yg,POSITIF
3 deh ajar batas gak nyaman duolingo ajar batas banget sebenernya ganggu iklan oke kalo hati nya batas susah,NEGATIF
bagus ajar bahasa asing gratis bayar yg gratis hati 5 isi gratis iklan iklan pilih isi hati isi dahulupendapat hati jadi genaplebih 5 itumenjawab tonton iklan isi 2 hati sekaligusdan ajar bahasa yg asing susah salah 5,POSITIF
seruuu ajar bantu ajar bahasa inggris super cool  ,POSITIF
sumpah duolingo bagus tp knp sii juara ga keitung udh brp kali ga keitung lumayan nyesek skrg sii dpt juara 1 liga berlian tp ga keitung kek lewat gtu aja yaampun sakit hati bgtt tuh minggu udh usaha ngeluangin bwt main duolingo biar xp ku juara tp blsnnya ga timpal bikin sakit hati doang boro notif liga nya keitung aja nggaa nang bgtt tolong baik,NEGATIF
mksh duolingo berkat kmu bhs inggris dikit mksh bnyk yaa duolingo pokok klian smua download duolingo pokok aplikasi nya gk main deh jamin klian bahasa inggris cepat,POSITIF
aplikasi bagus banget ajar bahasa suka banget aplikasi kasih bintang 5 bagus bangett makasih ya developer udah ngasih aplikasi baik,POSITIF
bantu jelas nya detail akurat the beast duolingo,POSITIF
apk nya keren bikin ajar bahasa asing bosen animasi2 peringkat2 nya the best dh semangat ajar bahasa inggris nya,POSITIF
bantu ajar bahasa asingdan depan harap kata nya milik jelas ,POSITIF
aplikasi nya rekomendasi banget bagus ajar bahasa inggris tapi ya iklan ngebug restart aplikasi nya makan banget -,POSITIF
sungguh tarik aplikasi inidan bantu kenal kata dasar bahasa inggris,POSITIF
aplikasi duolingo bener-benwr keren bangetmateri ajar mudah hafal ajar mudahdan iklan saat ajar thank you duolingo,POSITIF
audio jarang nyala bingnug gimanakadang slow respon pas record,NEGATIF
game sih seru banget suka ku perhatiin cepat download game duolingo seru ajar arab inggris selamat senang ,POSITIF
animasi duolingoku gerak mati rindu animasi,POSITIF
aaaaa bagus bgttt bantu bgt ajar bahasa suka bgt duolingo pgn tambah bahasa thailand hihi,POSITIF
bagus ajar bahasa inggris mudah bagus banget ajar,POSITIF
bagus aplikasi mudah moga bantu sy ajar bahasa inggris aamiin,POSITIF
suka banget apknya apk ajar bahasa salut banget duolingo,POSITIF
duolinggo aplikasi ter-sesat playstore untung gak langgan selamat uang,NEGATIF
game bagusgame latih ajar bahasa mudah,POSITIF
wow senang ajar bahasa inggris duolingo moga sy ikut dg,POSITIF
asalamualaikum jujur suka ajar bahasa aplikasi asli download negeri,POSITIF
ajar mudah paham senang ,POSITIF
guna bett kalo lengkap fitur tes nya bayar,POSITIF
senang ajar bahasa jdi mudah,POSITIF
aplikasi nya bagus mayan kalo ajar bahasa wajib coba,POSITIF
bantu utk ajar bahasa inggris kadang yg salah ya,POSITIF
update mah iklan ga mah iklan isi nya,NEGATIF
nice bgt bljr bahasa inggris bahasa negara kek jepang korea  hafal nya mudah kalo ga tau tinggal liat teks nya aja  pokok aplikasi nya bagus  keluh  mayan ngelag ngelag pas profil pdhl intrnet bagus bagus aja  doang sih moga kembang ya dev aplikasi nya udah bagus,POSITIF
suka banget aplikasi ajar bahasa ajar mudah dimengertiwalaupun iklan mengganggucara ajar angka hurufklo jepang pokok aplikasi bantu,POSITIF
bagus aplikasi nya mudah ajar bahasa negara ,POSITIF
download game sih apk gabut apk ajar loh game pake pulsa tp seru,POSITIF
suka banget aplikasi bantu ajar english yg asyik kaya maen game eh ngga rasa tau bisaa,POSITIF
enak duolingo ga iklan fitur hati batas gratis selesai ajar iklan udh gitu isi ulang hati nunggu 4 jam minimal 1 jam ga leluasa ajar ga kaya,NEGATIF
duolingo mantep si mudah kata ulang kali level ga gampang bosen kalo pake duolingo si cocok banget orang suka main main isi tantang edukasi milik keluh aplikasi sekian terima kasih salah ulas kritik mohon maaf manusia luput salah,POSITIF
mohon team duolingo fitur ngobrol guna duolingo,POSITIF
aplikasi edukasi banget bahasa nya agam bebas pilih ajar bahasa aja 3,POSITIF
aplikasi duolingo bantu harap aplikasi sedia fitur ajar bahasa sekalligus,POSITIF
rajin bgt ajar karna emg seru praktis update oktober iklan selesai latih iklan guna hati batas maksimal 5 salah unlimited tantang buru koin pake permata gabisa gratis kayak bikin males batas fitur udah sedia gratis,NEGATIF
aplikasi bagus guna ajar bahasa inggris seru gak bikin bosan ajar main game,POSITIF
bangus mahir ajar bahasa inggris tahap konsisten yah,POSITIF
game nya bagus guna ajar sayang main pake kuota ,POSITIF
aplikasi hebat kali aplikasi yg kompkite menulisspeakingspellingpokokknya bagus banget,POSITIF
aplikasi bantu ajar bahasa asing yg ajar bahasa recommended banget si apk,POSITIF
bahasa indonesia nya baku terkadang salah guna,POSITIF
aplikasi bagus ajar bahasa inggristapi duolingo loadingnya tolong developer baik,POSITIF
bagus banget pakai metode ulang ulang kuat ingat lafal adekku bahasa inggris bahasa italia krn ampuh bangett seru kayak main adekku,POSITIF
bagus aplikasi cepat ajar bahasa inggris very simple and easy to studi ,POSITIF
aplikasi nya bantu ajar bahasa inggris ajar bahasa negara mohon maaf bagus,POSITIF
bantu mula ajar bahasa inggris,POSITIF
ajar enak mudah erti gua rekomendasi duolingo ajar bahasa,POSITIF
aplikasi bagus mudah ajar kosa baru test test nya senang,POSITIF
bantu tahu ajar bahasa asing ,POSITIF
aplikasi sederhana manfaat ajar bahasa asing gratis otodidak progressnya lambat nilai 1 maju mutual with me arendawo,POSITIF
membantuuntuk orang ajar simple kreatifthank you,POSITIF
habis hati nyawa duolingo nambahin hati klik ikon hati pojok kanan  klik practice to earn heart ngedapetin nyawa hati ngerjain latih tunggu aja iklan di-skip detik iklan 20 30 detik diakalin klik tombol mati suara speaker silang  muncul ikon silang kotak abu tinggal klik ikon silang kelar deh,POSITIF
applikasi ny mantap ajar serasa main gamekekurangan ny cmn 1 penginstal gratis iklan,POSITIF
bagus  ajar bahasa ajar bahasa inggris  jepang bahasa inggris mudah ajar ajar bahasa jepang  terkadang tunggu hati yg bagi membonsakan tolong baik main hati milik salah main salah restart undownload aja beda,POSITIF
bagus pemulayang swnang tantang cepat paham,POSITIF
gara-gara aplikasi ajar bahasa inggris sempurna ajar aplikasi main game tebak,POSITIF
aplikasi nya mohon hati nya tingkatin kalo sampe 10 biar semangat ajar nya halang hati,POSITIF
poin exp nge bug udh nyelesain poin exp rank ngga nambah coba buka ulang eh ngurang tolong baik,NEGATIF
makas bantu nya gak bosen ajar bahasa inggris,POSITIF
game bagus game bantu ajar bahasa inggris terima kasih game bantu ajar bahasa inggris terima kasih,POSITIF
aplikasi manfaat ajar main seru bgt gatau ngomong yg seru manfaat yg ga les bahasa inggris yg donwload les bahasa inggris  seru bgt donwload,POSITIF
bagus mantaap banget tolong ditambahin fitur duet bareng temen ajar bareng teman tambahun teman,POSITIF
terima kasih cipta aplikasi duolingo moga sukses aplikasi bantu  salam kupang-ntt ,POSITIF
aplikasi ajar bahasa yg unik senang wajib aplikasi bantu proses ajar bahasa yg tdk tahu,POSITIF
apk nya seru mudah kalo ajar bhs inggris mending kln dowlnot kln ajar bhs inggris denganidah sekian terima kasih,POSITIF
ajar bahasa inggris senang bosan tagih ajar thxu duolingo,POSITIF
aplikasi nya free  perfect skrng balik nya bayar and more iklan,NEGATIF
manfaat ajar bahasa mending pake duolingo mudah paham,POSITIF
aplikasi bagus bug aplikasi salah satu salah tolong baik aplikasi,POSITIF
apk bagus bantu ajar bahasa bahasa pokok ok,POSITIF
aplikasi bantu tambah - bahasa inggris aplikasi sifat les rumah mahir to be tantang hasil hati efektif tunggu tambah ilmu tahu,POSITIF
ajar nya efisien ulang ters kosakatannya  mudah,POSITIF
sekrang unit sebar pusing ajar gak kembali runtun ajar tambah iklan nyawa batas main game tolong fiturnya fikembalikan mula,POSITIF
suka bgt aplikasnya bantu bgt ak yg ajar bahasa inggris pokok bintang 5 dehh,POSITIF
aplikasi bantu ajar bahasaterutama bahasa inggris,POSITIF
aplikasi bagus lebum dulingo tida bahasa inggriskarena dulingo semangat ajar bahasa inggris,POSITIF
anisa umur 9 senang duolingo karna aplikasih mudah paham siap duolingo ranting bintang kasih bintang 1 - 5 okeyyy trimakasih thaks for watching,POSITIF
update kali duolingo bayar hati ga unlimited sedih gratis,POSITIF
user interfacenya bingung pakai fitur hati nyawa sebal karna salah 5 kali latih jam depan harap duolingo,NEGATIF
aplikasi bagus banget materi mudah paham event-event bikin ajar aplikasi mudah bosan,POSITIF
aplikasi ajar bahasa bagusssdan moga depan lagiya allah duolingo jd bayar sii hikss gitu siiterus tampil jd ubah maaf jeleksemoga duolingo mjd lbh lagiutk rangin bintang,POSITIF
duolingo  bahasa inggris cocok les ga uang mending download duolingo  bahasa inggris aja ga bug dll baguss bangett dehh i ts the best ,POSITIF
aplikasi efektif ajar bahasa bahasa nya semangat,POSITIF
aplikasi manfaat banget jijik  ga masuk unsur elgebete ajar bahas nya ,NEGATIF
bagus apk nya ngelag iklan selesai latih tpi gpp,POSITIF
duolingo bantu ajar bahasa bahasa inggria ajar milik salah latih,POSITIF
aplikasi nya bagus ajar bahasa inggris gratis nya pakai wi-fi paket hape kasih bintang ayo downlod,POSITIF
bantu ajar sistem nyawa hambat progress isi main baru menyecewakan duolingo stories hilang,POSITIF
suka duolingo suka lot loading nya jugatapi tetep bagus sih,POSITIF
mantepp polll poko inti sih niat mau ajar duolingo bantu ,POSITIF
duolingo ajar sadar berat bosan ajar bahasa asing aplikasi step by step bagus kadang miss kadang salah harap aplikasi baik,POSITIF
duolingo skrg senang iklan hati batas tp skrg batas hati lihat iklan dl habis iklan,NEGATIF
suka apk kadang ngebuk apk ajar bahasa les bahasa inggris ,POSITIF
aplikasi bantu kembang skill komunikasi terima kasih duolingo,POSITIF
apk ajar bahasa inggris tantang level tarik,POSITIF
aplikasi nya udah jelek hitung tanggal mah unlimited apa salah main skrang 5 kali salah doang main refill2 skrg udah iklan males main duo skrang ujung2 nya duo fokus bisnis ajar,NEGATIF
bantu mula ajar bahasa asing,POSITIF
sayang update kali bener-bener kecewa iklan bljar gk nyaman putus kembali doulingo update keren tambah cerita update kali bener-bener dah bayar nyawa tolong kembali,NEGATIF
bantu ajar menyenangkanbelajar bosan jenuh,POSITIF
karna pakai hati nih gimana mula bhasa inggris satu unit 1 pakai hati 5 10 1 kata nggak tau 10 nggak tau nih 10 - 5 5 mula nggak tau mentok unit 1 tuh gimana,POSITIF
seru main ajar manfaatin ajar bahasa inggris mudah terima kasih duolingo,POSITIF
bagus mula ajar latih kalimat bahasa inggria,POSITIF
bantu ajar bahasa,POSITIF
baguss bener bener mula coba,POSITIF
moga aplikasi duolingo manfaat guna bantu ajar bahasa terima kasih duolingo,POSITIF
duolingo bagus ajar bahasa inggris 90 -95 100,POSITIF
sgt bgs instal game ajar inggris masuk mts 2 sgt bgs mudah erti kadang kadang audio nya hilang gkpp sekian terimakasih,POSITIF
aplikasi bagus banget ajar 1 bahasa tambah fiturnya seru ajar nya fiturnya otak mudah bahasa pokok download dualingo nga nyesel deh,POSITIF
bagus mudah paham latih grammer listening keren,POSITIF
aplikasi keren  update bantu ajar moga bintang lima semangat thank you,POSITIF
bantu ajar ajar bahasa inggris seru menyenangkannn-,POSITIF
asalamualaikum nama dinda sy kelas 4 sd ajar bahasa inggris duolingo jatah hati nya batas ajar bahasa bahasa inggris atur susah gampang nya manfaat banget makasih ya duolingo oke aja makasih ya w asalamualaikum ,POSITIF
apl nya baguus banget suka banget main apl duolingo keren apl nya apl bikin ajar how to speak english suka banget deh tp salah cuman 1 jd gpp ya kek g nemu tp dlu dlu yg skrng ya engga siih dlu kek gni please trs g nemu arti kolom jd kek pilih lupa maaf klo lupa tp aplnya bagus bikin pintar bahasa inggris ,POSITIF
terimakasih doulingo berkat cipta nya aplikasi dik erti bahasa inggris ajar aplikasi ajar bahasa inggris otodidak cari sumber sosial media turun semangat ajar aplikasi duolingo konsisten semangat erti mudah materi thank u so much duolingo i love you,POSITIF
batu ajar bahasa kursus bahasa aplikasi tawar kursus bahasa gratis langgan bantu ajar bahasa khusus nya bahasa inggris metode ajar nya simple mudah erti,POSITIF
game suka aplikasi bilang jago bahasa inggris temen saran level sulit tantang nya sulit dikit gapapa sih level tinggi mudah gitu,POSITIF
jujur aplikasi bantu bahasa inggris aplikasi tuhh kyk main gitu truss mudah paham bahasa inggris yg ajar bahasa asing pokok aplikasi is the best,POSITIF
bantu yg ajar bahasa asing serta latih sesuai tingkat nya bagus klo fitur chat ajar guna,POSITIF
senang ajar bahasa inggris duolingo tingkat mampu bahasa inggris percaya terima kasih duolingo info anak didik bantu tingkat mampu,POSITIF
bagus banget aplikasinyabisa ajar bahasatapi kurang kadang ucap speaker gak kedengeranjadi kasih 4 bintang,POSITIF
terimakasih duolingo aplikasi bahasa inggris ajar mudah paham main game level mudah tingkat,POSITIF
aplikasi bantu ajar bahasa asing seru banget ga ngebosenin banget ajar aplikasi serius gapernah nyesel main apk seru main ajar terimakasih duolingo,POSITIF
aplikasi favorit banget ajar bahasa inggris otodidak seru materi mudah ringan paham thanks hadir aplikasi love duolingo,POSITIF
aplikasi ajar bahasa inggris nyaman senang iklan menggangu ajar nyawa tolong tambah 10 15 nyawa terimakasih,POSITIF
download duolingo dr 2019 aplikasi bagussss please duolingo tahan gratis bayar ya hehe biar yg gampang ajar bahasa yg ajar santai low budget cocok bgt pokok love u duolingo  edit  udah bayar ya ges gpp udah coba pakai 2 minggu gratis bagus ttp oke kalo ngga bayar gapapa tenang haha ya iklan permata gampang kurang nambahnya lama,POSITIF
udah bagus sih iklan gk ganggu tolong salah latih tolong jelas mana salah alasanya moga baca yaa makasih duolingo ,POSITIF
aplikasi yg bermanfaatsangat bantu erti binggris bahasa lainnyasekarang ajar jd batas pake 5 hatikalo salah ya ajar berhentiuntuk iklan maklum,POSITIF
senang jd teliti dg kosakata  tp ingin tdk muter2 dg kosa yg  terima kasih duolingo  tolong utk banyak kosakata yg spy semangat sllu kata2 yg kalimat2 yg  cerita  semangat,POSITIF
suka banget aplikasi langsung terap ngebantu banget tenses vocab thank you duolingo,POSITIF
jujur duolingo asi yg gaada iklan gaada bayar bayar krna aplikasi ajar bahasa gratis gak bebas skrg hati nya males tp iklan it s okay sih biar aplikasi dpt untung pls gak hati kecewa sm yg ,NEGATIF
gw suka banget  akun gue aneh pake hati gue hati unlimited pakai akun ikut apk sukses duolingo moga depan gue gabung usaha aja apa ajar bahasa duolingo ,POSITIF
terimakasih duolingo bantu ajar bahasa inggris bahasa moga fitur maju  sayang iklan ajar pakai hati salah hilang hati ngumpulinnya moga depan gak terimakasih,POSITIF
bahasa inggris gw ngaco liat iklan apk salah youtuber kepo nyobain skrng b inggris gw udh lumayan g kek makasih duolinggo,POSITIF
aplikasi yg cari cocok ajar bahasa inggris karna ga bayar hati unlimited ga iklan pokok tuh aplikasi baik ajar bahasa inggris terima kasih duolingo,POSITIF
makasih yah duolingoskrg ad ajar bahsa inggris skolah ngk sulit engkau apk jasa untuk terimaksih bikin ni apk thanks yah,POSITIF
duolingo alhamdulillah bahasa inggris lancar tulis bicara erti baca kalimat bahasa inggris terima kasih duolingo,POSITIF
aplikasi gk iklan and ajar nya efisien thank u duolingo i love u,POSITIF
aplnya bagus tpi udh ga kya nyawa ga unlimited aja trus iklan ganggu tolong aja tpi aplnya yg ttp bagus bantu mempepajari bahasa ,POSITIF
apk nya tarik bantu ajar bahasa asing iklan,POSITIF
whell dowlont duolingo iseng pas coba suka duolingo bantu ajar bahasa inggris and thankyou doulingo,POSITIF
suka banget duolingo bahasa inggris developer game semangat ya kak salam putu nisita asanka adnyani,POSITIF
apk suka banget kalo fitur komunikasi anggota biar oke,POSITIF
suka duolingo udh bahasa inggris terimakasih ya yg udh duolingo aja terimakasih,POSITIF
aplikasi bagusssss banget pas ajar perih bahasa,POSITIF
senang thanks game buat semangat ajar usia muda ,POSITIF
bagus ajar bahasa apk nya bayar huhu,POSITIF
baru aplikasi buka tolong baik lagi,POSITIF
bagus bantu mudah komunikasi bule harap sertifikat,POSITIF
aplikasi yg bantu yg inging ajar bahasa inggris bahasa terimakasih,POSITIF
bagus seru berebahasa apa ajar duolingo,POSITIF
baru duolingo iklan mohon iklan rang menggangu fokus ajar ,POSITIF
duolingo fasilitas ajar bahasa asing usia tarik biaya jangkau ,POSITIF
aplikasi nya bener bener bantu banget pilih bahasa jdi ga ush pusing lgi,POSITIF
jujur suka banget aplikasi aplikasi bantu ajar bahasa inggris kasih bintang 5,POSITIF
bagussssss banget bantu kita ajar bahasa inggris mana ingat ny pokok ny aplikasi ny baguss deh ,POSITIF
app nyebelin henti mulu pas selesai bab ee ulang gak banget app nya,NEGATIF
saran mula ajar bahasa inggrisseperti saya,POSITIF
suka aplikasi duolingo aplikasi ku bahasa inggris thank you babay,POSITIF
tolong duolingo sedia opsi level yg udh biasa yg bkn yg,NEGATIF
kesini iklan gpp gratis wkwkwk,POSITIF
duolingo mudah sulit mula balajar bahasa inggris,POSITIF
kesini ga karuan bawa salah simpan gede iklan batas yg jg ga jls lk pr tulis he or she ya gpp disalahin nulis she salah he salah him salah her salah pdhl g ket lk pr gimana sih kesini ga karuan kadang suka ga sesuai bahasa indo n englishnya nyeleneh pwol kdg ga jamak tunggal pokok tetep salah tunggal eh jamak ,NEGATIF
bantu applikasi duolingo bahasa inggris makasih duolingo,POSITIF
bagus sesuai iklanya bosan ajar bahasa,POSITIF
recommended apk bljr bhsa inggris dri mula yg tambah toefl lagi buruannn dwonload aplikasi ini,POSITIF
bagus lumayan bahasa inggris,POSITIF
udh keren banget klo ditambahin fitur chat guna hehe,POSITIF
skrng selesai 1 iklan terus,NEGATIF
aplikasi cocok ajar bahasa bagus banget seru asa main game  hehehe,POSITIF
aplikasi bantu ajar bahasa negara asing terima kasih dev aplikasi ini,POSITIF
aplikasi bagus mudah ikutisangat bantu ajar bahasa inggris,POSITIF
ajar seru etik voice note,POSITIF
duolingo bantu kenal kenal kalimat bahasa inggris ,POSITIF
bagus bantu isi luang manfaat bicara bahasa rusia  ,POSITIF
bagus mudah ajar bahasa inggris sekolah buka hp buka hebat duolingo,POSITIF
bagus bantu ajar hari dannn gratisss wkwk,POSITIF
bagus metode orang2 semangat ajar bahasa terima kasih,POSITIF
aplikasi dukung ajar bahsa inggris level2 nya,POSITIF
nya beda banding duolingo download ya kualitas nya golong bagus,POSITIF
bagus manfaat ajar bahasa inggris simple gak mudah bosan,POSITIF
aplikasi bagus bantu tambahin fitur chat teman,POSITIF
duolingo ajar bahasa aplikasi bantu,POSITIF
seru keren bahasa ken ga tambah bahasa thai tagalog,POSITIF
guna ajar bahasa inggris gak asa ajar kayak main game,POSITIF
suka aplkasi duolinggo bantu mula,POSITIF
bantu ajar bahasa bosan,POSITIF
keren duolingosangat bantu ajar anaktermasuk anak kls 1yg bljr bhs ingristrimksihsemoga sukses duolingo,POSITIF
aplikasi bagus cocok yg ajar bahasa inggris,POSITIF
aplikasi luarbiasa bantu thank you duolingo suka,POSITIF
mantap seru banget ajar bahasa pakai aplikasi duolingo yuk cobain,POSITIF
duolingo kt ajar bahasa inggris bahasa inggris makasih duolingo ,POSITIF
bantu ajar bahasa aplikasi recomended,POSITIF
manfaat mudah ajar duolingo,POSITIF
aplikasi bantu oihak ajar bahasa otodidak,POSITIF
bagus bantu ajar bahasa negara,POSITIF
aplikasi bagus mudah yg ajar bhs inggris yg mula,POSITIF
suka duolingo juka suka bahasa dalam lohhh rating 5,POSITIF
worth it banget ga pusing2 cari guru ajar duolingo i love it bravo,POSITIF
bantu ajar bahasa asing terima kasih duolingo,POSITIF
bagussdi jdi mudah paham seru,POSITIF
bantu bantu ajar bahasa inggris bahasa,POSITIF
aplikasi bagus dgn ajar kosakata  pokok bagus deh,POSITIF
aplikasi didik paham tata bahasa bahasa inggris,POSITIF
aplikasi bagus bantu orang ajar bahasa,POSITIF
apk nya bagus memotifasi yg ajar semangat ya,POSITIF
bagus aplikasi duolingo mudah gampang paham,POSITIF
serasa main game ajar gak bikin cepat bosen,POSITIF
ajar bahasa inggris praktis senang,POSITIF
bantu ajar bahasa inggris jepang,POSITIF
bantu kata2 bahasa inggris yg sdh lupa,POSITIF
bagus banget ajar bahasa inggris mudah tuh seru ajar main gitu cocok bosan ajar,POSITIF
aplikasih bagus tpi mngkn salah yg sebut sekian terima kasih,POSITIF
aplikasi bagus mudah paham thank you duolingo i like aplikasi duolingo,POSITIF
duolingo bantu latih bahasa inggris,POSITIF
seruu bgtt ajar duolingo bantu banget sih yg ajar bahasa pokok nya suka bangett ajar lingoo loploppp,POSITIF
bagus ajar bahasa inggris mula terimakasih,POSITIF
aplikasi bagus mudah paham kata,POSITIF
bagus banget bantu ajar bahasa inggris tarik kasih bintang ajar bahasa inggris nya naik level senang makasih duolingo,POSITIF
app bagus bantu utk belajas main,POSITIF
bermanfaatniali b inggris ku 1009098 sampe gak installnanti gak untung,POSITIF
sukaadtingkatkan lg yaa biar ga kbanyakan iklanpokoknya senang nii ajar bahasa inggristhanks,POSITIF
terimakasih duolingo ajar bahasa inggris gratis sukses aplikasi duolingo,POSITIF
aplikasi bantu ku ajar bahasa asing terima kasih tambah ilmu,POSITIF
update bnyak iklan upgrade premium kalo pengin unlimited hati,NEGATIF
suka banget aplikasi nya simple semenjak poin nyawa  hati  jantung ganggu ajar puas,POSITIF
5 pake aplikasi bagus ajar bahasa inggris,POSITIF
hati ga batas langgan tpi skrg langgan klo hati batas kecewa sy yg bs bebas main jdi kesel krna tengah main sllu henti krna habis hati,NEGATIF
no comment pokok gratis seru nyaman ajar mudah erti ,POSITIF
bagus banget app nyadan ajar bahasa inggris main game app inigak tau deh ngomong pokok app bantu bahasa inggris thank you,POSITIF
bantu ajar bahasa inggris,POSITIF
suka aplikasj ajar bahasa inggris gratis langgan tp ajar gratis,POSITIF
duolingo orang orang ber bahasa negara suka ajar duolingo terima kasih duolingo suda bimbing saya,POSITIF
aplikasi sih bagus banget ken ajar bahasa ringan burung lucu gitu trus ga iklan,POSITIF
aplikasi bagus tingkat tau ajar bahasa pemrograman ,POSITIF
aplikasi bagussaya mudah paham bahasa asing,POSITIF
doulingo seru ya main nya seru ajar main lupa ya donlowd duolingo terimakasih ,POSITIF
bagus ngebug suara ilang pas tengah ajar bikin ga mood deh,NEGATIF
aplikasi bagus mula ajar bahasa inggris duolinggo aplikasi bantu ajar bahasa inggris kosakata dasar tahap tantang,POSITIF
apk nya bagus banget gampang ajar ajar bahasa inggris,POSITIF
bahasa jepang bug mana level stuck level 1,POSITIF
bantu ajar bahasa inggris seru duolingo emang the best sih,POSITIF
aplikasi bagus mudah senang ajar bahasa inggris terimakasih duolingo,POSITIF
aplikasi bagus cocok ajar bahasa aplikasi game nggk bikin bosan kalo ajar,POSITIF
aplikasi senang ajar asa mudah proses,POSITIF
aplikasinx bagus mula yg ajar bahasa inggiris bahasa yg minat,POSITIF
baguss mula yg lancar b inggris nya pokoknyaa baguss bngtt,POSITIF
suka yg versi iklan kosakata klo tambah,NEGATIF
bagus banget aplikasi nya ajar nya mudah erti visual nya seru,POSITIF
apk nya bagus banget ajar bahasa inggris mudah ajar bahasa pokok bagus deh,POSITIF
bagussssssss bangettttt poko manfaat bantu ajar bahasa inggris ,POSITIF
keren sih  duolingo bantu mampu bahasa,POSITIF
aplikasi bagus banget yg g bahasa inggris bahasa inggris recommend,POSITIF
aplikasi learning bagus mula atas ayo temen temen undu,POSITIF
aplikasi bagus banget bahasa inggris ajar bahasa neng banget,POSITIF
bagus aplikasi bantu ajar bahasa inggris dlu ga bahasa inggris tau aplikasi ajar sungguh sungguh ken bahasa inggris dounloud aja ya,POSITIF
bagus pake bangeet update iklan anjir ganggu banget cok,NEGATIF
turut duolingo bagus siswa yg ajar bahasa inggris,POSITIF
duolingo les bahasa inggris beda gratis duolingo aplikasi baik,POSITIF
bagus sih anak2 belajartapi update iklan ,POSITIF
ni apps keren sih gw suka ngajarnya pake animasi yg bikin gk bosen mumed gk berat ajar bahasa keren deh pokok ,POSITIF
bagus rekomandasi banget yg ken bahasa inggris,POSITIF
cepat dlm hafal kosa kosa jg yg nya terima kasih ya apl,POSITIF
apk nya seru bgt luang jdi manfaat asik thank you duolingo ,POSITIF
suka aplikasi aplikasi bantu ajar bahasa asing ,POSITIF
ajar bahasa asing jepang prancisspanyol dll aplikasi bagus terimakasih,POSITIF
bantu ajar bahasa inggris bosan bentuk games,POSITIF
thanks udah tani ajar bahasa 5 moga runtuh nya tahan moga fiturnya sulit ajar,POSITIF
aplikasi bagus mula aplikasi cocok main ajar poko donlod bener deh ngga nyesel seru bangeteeeee cepetan donloddd ya gaesss kalo ga donlod nyesel loh hehe,POSITIF
bagus lgi ajar bahasa italia pronunciation grammar gampang grazie,POSITIF
main duolingo bagussangat bantu yg bahasa inggris,POSITIF
ajar duo maksud paham konsisten ngerjain soal seru oiya ngefans sm lily wkwk,POSITIF
apknya bagus bantu orang yg ajar bahasa i like it,POSITIF
aplikasi bagus cuman banyak iklan iklan ganggu,NEGATIF
seru senang ajar bahasa gamenya enjoy ajar let s go play and learn,POSITIF
suka banget pake duolingo ajar mudah gampang paham luv u duolingo  ,POSITIF
keren aplikasinyamemudahkan semangat ajar bermainthe best,POSITIF
saji sederhana ajar santai latih konsisten ajar,POSITIF
suka tambah ajar aksen grammar ucap gratis please,POSITIF
bagus ajar bahasa inggris terima kasih duolingo bahasa inggris tolong hati infinity biar gk susah kalu belajarterimaksih,POSITIF
bagus bgt ajar bahasa inggris dll pokok nya kalo ajar bahasa pakai duolingo aja,POSITIF
aplikasi kagum nikmat materi ajar nya,POSITIF
yg versi seru sh tp minus mah iklan ngeganggu,NEGATIF
apk nya bantu ajar bahasa tq duolingo,POSITIF
turut aplikasi bantu yg ken ajar bahasa asing,POSITIF
aplikasi bagus ajar bahasa ajar bahasa inggris arab,POSITIF
aplikasi bagus nggak bahasa inggris bahasa inggris,POSITIF
aplikasi bagus bgt ajar lbh variasi nggak ngebosenin,POSITIF
aplikasi nya bagusss bantu mula ajar bahasa inggris dll,POSITIF
bagus pas pingin beli super duolinggo premium tulis google play store sambung,POSITIF
i like you thankyou so much duolingo g bicara jd bahasa inggris thankyou i like you,POSITIF
apk nya bagus bantu ajar bahasa inggris,POSITIF
aplikasi bagus sayang banyak iklan bayar,NEGATIF
apk bagus manfaat yg ajar bahasaapk bagus,POSITIF
keren sih ulang trus pmbljrannya smpe bner memahaminua gampang jg,POSITIF
bagus banget cocok yg bahasa inggris smp bahasa inggris,POSITIF
aplikasi nya bagus bngtt lgi ajar bahasa inggris apk cocok bgttt,POSITIF
pakek suka karna nggk bayar kesini berbayarbisa si nggk bayar batas,POSITIF
bagus bantu ajar bahasa asing senang,POSITIF
aplikasi sempurna cocok ajar bahasa inggris mula,POSITIF
excellent very helpful aplikasi tahu bahasa inggris,POSITIF
bantu utk ajar bahasa inggris terimakasih duolingo,POSITIF
aplikasi duolingo ajar bahasa inggris gratis terimakasih ya duolingo bahasa inggris,POSITIF
bagus kalo ajar bahasa inggris pake duolingo aja ,POSITIF
aplikasi guna mula ajar bahasa inggris bintang  4,POSITIF
bagus cepat erti bahasa bahasa inggris,POSITIF
fiturnya tarik warna ajar senang,POSITIF
duolingo bantu ajar bahasa asing terimakasih,POSITIF
terjemah bahasa indonesia nya gk banget tolong ganti diskusi kunci,NEGATIF
applikasi bagus ajar bahasa asing senang,POSITIF
apk bantu ajar bahasa inggris moga depan lancar bahasa inggris gapai cita cita,POSITIF
keren banget sii bagus ken bahasa inggris hati dikit,POSITIF
seru banget sih ajar jdi semangatt deh bahasa english thankyou duolingo,POSITIF
gamenya bagus banget ajar bahasa apa kasi bintang bagus banget cepet dotlow ,POSITIF
terima kasih aplikasi ajar bagus ajar senang,POSITIF
aplikasi bagusa sekaliiiiii saya ajar bahasa negara terimakasih duolingo ,POSITIF
aplikasi bagus banget sumpah ajar bahasa inggris cocok bangetsih pokok donwlod,POSITIF
apk nya bagus bantu ajar bahasa yg diingkan animasi nya smoot bener,POSITIF
aplikasi bagustapi aga iklan ganggu,POSITIF
bagus banget iklaniklannya 5 detik doang,POSITIF
hati hati yg blm tau sm apk duolingo bahaya gratis kalo gprcya liat sndri tiktok cari duolingo lngsung ketemu,NEGATIF
suka banget apk ajar bahasa bahasa baguss bngtttttttttt,POSITIF
terimakasih aplikasih keren banget mudah ajar bahasa inggris,POSITIF
ajar asik mudah paham ribet terima kasih duolingo,POSITIF
seru tarik cocok ajar bahasa inggris,POSITIF
duolingo bagus bahasa bahasa inggris bahasa pokok ya bagus donglot aja ya ,POSITIF
pintar rena aplikasi bahasa inggris loh contoh nasirice priaman wanitawomen airwater saya jermangermany asiaasia anak laki-lakiboy anak perempuangril ketauhi thaks udah aplikasi sangaaaaaaaatt senag aplikasi udah aja sampain bye bye,POSITIF
aplikasi keren guna banget ajar seruu,POSITIF
aplikasi bantu ajar bahasa karna pandu nya,POSITIF
aplikasi nya bagus seru banget kayak main gem gk iklan,POSITIF
mudah erti cocok mula suka aplikasi,POSITIF
bagus  ulang ulang mudah  termiakasih duolingo,POSITIF
bagus informatif membosankanjika salah ulang,POSITIF
aplikasi baguscara ajar unik gratis,POSITIF
suka banget aplikasi duolinggosoalnya bikin cepet ngomong bahasa inggris ,POSITIF
aplikasi bagus karna 4 ajar bahasa inggris paham,POSITIF
udah bagus pas jalan unit 2 tuh tulis makan roti minimal you eat bread duolingo nya you are bread bingung mohon baik,POSITIF
bgs ajar bahasa duolingo,POSITIF
aplikasi nya bagus cocok ajar bahasa inggris,POSITIF
bagus bgt trus aplikasi tuh full color gitu gak bosen ajar,POSITIF
suka aplikasi duolingo bantu ajar bahasa inggris,POSITIF
suka app nya karna anak hafal b inggris trimakasih app nya,POSITIF
aplikasi nya mudah erti cepat ajar,POSITIF
aplikasi bantu latih bahasa inggris,POSITIF
apk bagus tambah ilmu tahu bosan,POSITIF
aplikasi bantu ajar bahasa bosan,POSITIF
animasi nya smooth aplikasi bagus,POSITIF
duolingo mudah yg ajar bahasa inggris suka apk ini,POSITIF
bagus banget bantu mula ajar bahasa,POSITIF
iklan mengganggutidak iklan,NEGATIF
aplikasi bagus hibur aplikasi doain aplikasi bahasa inggris no 1 sekian thanks moga sukses aplikasi amiinn,POSITIF
suka banget aplikasi bantu banget ken bahasa inggris,POSITIF
aplikasi game bantu ku ajar bhs inggris gk bikin bosen,POSITIF
aplikasi bantu bgttt bljr bahasa asingg,POSITIF
suka les inggris bantu duolingo seru banget sih bintang 1000 kalo hhehe,POSITIF
why apk bagus and ajar mudah wait msih mula buru download duolingo buru secepatnyaaaa,POSITIF
suka ajar cerita komedi dalam,POSITIF
bagus mula ajar bahasa inggris,POSITIF
ajar bahasa senang mudah erti,POSITIF
aplikasi keren bgt ajar bahasa makasih duolingo ,POSITIF
aplikasi bagus banget bantu ajar gak bosan,POSITIF
aplikasi banyak iklan g kayak tampil jga jdi bosenin bingung milihnya,NEGATIF
manfaat ajar bahasa inggris tunjang didik,POSITIF
aplikasi recomended banget ajar bahasa inggris enjoy,POSITIF
suka udah minggu ajar duolingo udah mahir ragu guys download aja,POSITIF
amazing bantu utk dalam speaking english,POSITIF
suara aja ga denger denger,POSITIF
gambar nya lucu lucu ajar nya seruuuu banget hehe,POSITIF
suka bangttt  mudah erti  bahas nya ,POSITIF
duolingo bantu ajar bahasa inggris thanks,POSITIF
bahasa rusia aplikasi bagus duolingo,POSITIF
bagus banget sebenarnyatapi ajar bahasa koreabahasanya bahasa inggriskenapa gk bahasa indonesia aja,POSITIF
bagus  tp kadang iklan bikin anu diri,POSITIF
apk bagus bngt karna mudah ajar bahasa inggris,POSITIF
keren bantu ajar bahasa inggris moga paham bahasa inggris,POSITIF
bagus ajar mandiri main ajar,POSITIF
bagus bangetaku pintar bahasa inggris terima kasih duolingo,POSITIF
ajar bahasa inggris aplikasi guna,POSITIF
aplikasi bagus ajar bahasa sja aedikit sulit,POSITIF
aplikasi bagu dam bantu latih bahasa inggris,POSITIF
bantu tingkat ajar bahasa,POSITIF
bagus banget aplikasi cocok ajar bahasa inggris,POSITIF
apk ny sgt manfaat bljr binggris mudah paham sy suka dgn apk ajar sgt suka  terimakasih developer duolingo sukses,POSITIF
aplikasi senang ajar bahasa main bosan pilih bahasa ajar,POSITIF
aplikasi bagus iklan nya ganggu,POSITIF
bagus kadang terjemah yg pas,POSITIF
apk bantu ajar bahasa terima kasih kembang,POSITIF
bagus susah senang suka duo si burung hantu lucu,POSITIF
aplikasi ajar bahasa asing nya keren banget fitur cerita tarik sekalisaran tambahin fitur ceritaanimasi biar tarik ajar aplikasi nya sekian terima kasih,POSITIF
batu ajar bahasa asing,POSITIF
aplikasi ajar bahasa inggris senang recommended,POSITIF
aplikasi ya bagus mu ajar bahasa inggris,POSITIF
duolingo bagus banget suka ajar binggris pake duolinga pakoknya duolingo debes,POSITIF
kasi bintang 5 emang bagus rekomendasi bgt ajar bahasa asing,POSITIF
aplikasi yg bagus ajar bahasa,POSITIF
great make ribet krn baru but as far so good,POSITIF
bagus ajar iklan,POSITIF
batu ajar bahasa inggris,POSITIF
bantu bicara bahasa negara,POSITIF
bantu mula ajar bahasa inggris,POSITIF
jelas ucap kalimat ajar listening,POSITIF
suka aplikasi mudah ajar bahasa ,POSITIF
guna anak anak ajar ilmu sekolah,POSITIF
ajar bahasa inggris ya ajar bahasa bahasa antar nggak pakai bahasa indonesia hmmm,POSITIF
mudah senang ajar bahasa inggris,POSITIF
aplikasi bagus aplikasi bantu ajar bantu kenal bahasa inggris,POSITIF
sumpah keren banget progress gue banget thanks duolingo,POSITIF
bantu ajar bahasa negara ,POSITIF
suka bgtt aplikasi nyaa bantu bgt kl dapet hati latih ajaa seru dehh bljr disiniii ,POSITIF
guna bantu gak bhs inggris,NEGATIF
mantap senang ajar duolingo aplikasi perhati jam ajar duolingo perhati salah isi hati ajar senang duo semangat betah lama duolingo,POSITIF
aplikasi bagus ajar bahasa ajar story cerita meni cinta jenis buruk its very bad rekomendasi aplikasi anak anak harap cerita jenis aplikasi aplikasi edukasi,NEGATIF
suka banget suka aplikasi efektif ajar bahasa asing nggak bayar jarang banget iklan bener-bener aplikasi terluv-luv deh pokok  thank you developer ,POSITIF
suka doulingo sekarangniat nya update biar bagus eh iklan apa iklan ajar sebentar iklanpakai hati bayar ga fokus pembelajaranuntuk developer tolong kembali doulingo kemarin,NEGATIF
aplikasi bagus banget ajar bahasa menulismembaca dengar bicara suka iklan ganggu 147 untun 61000 xp,POSITIF
pake app mudah simple ga ribet  kelas 6 umur 12 thn bahasa inggris gak bahasa inggris aa koreajermanjepang dll pokok deh trs kalo hati abis tinggal latih dapet deh hati makasih dualingo semangat trs yaa,POSITIF
bagus guna banget ajar b inggris bahasa ,POSITIF
duolingo bener bantu lancar bahasa yg minat duolingo fitur yg bikin bagus dengar kata fitur yg bikin ucap fasih pokok duolingo keren deh,POSITIF
aplikasi manfaat mudah paham seru main tolong hilang kisah cinta jenis cocok dipake aplikasi bajar karena pakai aplikasi umur terima kasih,POSITIF
update bug lag tampil alami ubah drastis guna bingung guna dukung kembang aplikasi kembang perhati biasa mayoritas guna nyaman aplikasi,NEGATIF
aplikasi bagus mudah guna saya suka ajar duolingo ko iklan selesai nonton iklan kah bosan penuh iklan,NEGATIF
kualitas turun contoh hati nya isi mohon baik isi hati cepat,NEGATIF
nya dengar aplikasi nya tarik coba nya nya aplikasi kecewa harap ulas nyawa batas ganggu benar latih mandapatkan nyawa iklan ganggu jarang nya iklan aplikasi,POSITIF
day streak udh 683 ilang gitu aja pdhl praktekin gajelas trus versi yg skrg ya ga bagus yg cm tampil doang yg bagus alam guna buat pribadi bagus versi yg dulu,NEGATIF
baguss guru seko saranin pake bwt ajar bhs inggris habis update tarik tambah fitur cerita seru challenge sm misi tp kesel ya peti hadiah buka nya malem jd aga susah gpp berkat bhs inggris lancar sy ajar bahasa spanyol erti jelas,POSITIF
ajar sersan serius santai mula bantu kosa yg lupa pengucapanya dlm bhs inggris ajar susah but don t worry  keep the spirit of learning and keep learning even though the conversation is a bit difficult,POSITIF
suka versi mana story in english language chapter yg retak retak unlimited heart diupdate 5 versi ui nya ubah total suka versi yg,NEGATIF
hilang semangat ajar bahasa duolingo dikarna ajar muncul iklan hati batas tolong kembali bagus banding kecewa dikarna ajar bahasa inggris dikarnakan habis hp hati,NEGATIF
gak tau bilang inti aplikasi bagus banget ngelatih bahasa ya bahasa inggris doang ajar pake bahasa indonesia gak papa dah lancar ajar bahasa biasa pake bahasa inggris bagus aplikasi lumayan puji karna ngartiin satu kosa ajar bahasa inggris alhamdulillah rekomendasi in aplikasi teman minat ajar bahasa inggris,POSITIF
suka banget aplikasi duolingo manfaat banget karna aplikasi ajar bahasa inggris mudah karna duolingo kembang bahasa inggris kembang thanks duolingo,POSITIF
suka duolingo tapisama komen update nyaman iklan oke banget males tau gitu mending ngga update sih,POSITIF
aplikasi bagus banget ajar bahasa indonesia-inggris ajar indonesia-jepang indonesia-korea saran tambahin bahasa bahasa yg ajar pakai bahasa indonesia kadang kadang susah hafal bahasa inggris tolong ditambahin cepat udah nunggu 3 ubah terimakasih developer aplikasi,POSITIF
gasuka duolingo iklan udah gitu tingkat main gabisa dilewatin banget level ga kayak dulu cara batal update gimana ya biar versi  ngethingi banget sumpah kalo level gabisa cepet salah dikit aja heart nya ilang 1gimana cepet level udah gitu nunggu 5 jam biar heart isi ah ngeselin banget duolingo versi bener2 jelekk jd males main,NEGATIF
duolingo bagus banget utk yg ken ajar bahasa asing apknya keren mudah paham sj skrg iklan ajar muncul iklan,POSITIF
aplikasi bantu ajar  asa kosa tahun duolingo sistem hati habis salah ganggu apa app duolingo maju kembang semangat duo,POSITIF
senang ajar duolingo sulit kosakata kalimat terkadang ambigu inci kalimat ajar lambat forum jawab orang bingung tolong tingkat fitur aplikasi,NEGATIF
aaaaaaaaaaaaaaaaaaaaaaaaaaaaaaaaaaaaaaa aplikasi senang cari aplikasi ajar bahasa inggris aplikasi mudah seru sesal coba tingkat tengah cepat erti fitur lengkap sayang beli super duolingo puas ayo unduh ajar sama,POSITIF
bantu animasi tarik duolingo fitur chating teman ikut seru,POSITIF
aplikasi bagusmempermudah ajar bahasa inggris duolingo bahasa ajar  jaditunggu lagiburuan download duolingo edit fitur duolingo hati infinite 5 hati doang,POSITIF
baguss ajar bahasa inggris mula bagus kalo ngobrol teman teman ikut duolingo sarannn,POSITIF
suka aplikasi duolingo karakter lucu bikin hibur pintar semangat ajar berkat duolingo pintar hafal bahasa inggris terima kasih duolingo teman ajar  maaf jarang ajar duolingo urus sekolah gak apa minggu main aplikasi maaf ya assalamu alaikum,POSITIF
maaf kasih bintang apk ny bagus sayang semenjak update apk ny burukplease balikin duolingo kayak lagi make apk ny bingung dgn fitur baru ny bayar susah ajar gk kembang kalo belajr bayar,NEGATIF
jujurly apk bagus bangettttt main game ajar bahasa asing isi luang gaada kerjaantrs pokokk the bestttttkalian yg ken bahasa asing wajib dehh download,POSITIF
bahasa inggris aplikasi mudah paham salah tunjuk ulang nya semangat juang inggris  sabarr konsisten kunci,POSITIF
semenjak apk duolingo  kosa bahasa inggris tingkat pesat apk cocok kalang mana ajar bahasa inggris terimakasih hingga duolingo ,POSITIF
aplikasi bagus update aplikasi iklan nyawa batas bayar tolong kembali mudah ajar ajar batas,POSITIF
hai my name is faisal senang ajar apk apk bantu ajar bahasa inggris ajar bahasa inggris apk duolingo senang padu animasi yg semangat berkat duolingo nilai bingris kkm yg nilai bingris nya 100 apk apk bantu mahir bahasa inggris,POSITIF
fitur hati batas bayar bulan mahasiswa hemat hemat uang kendala ajar tambah legenda gratis pakai berlian,NEGATIF
pakai apk 2017 skrng apk ajar bahasa inggris blm lancar bahasa inggris apk cocok dalam nya ntah vocab listening speaking pokok lengkap ,POSITIF
pake aplikasi ajar bahasa jepang duolingo yg mudah erti udah gitu free love love pokok oia kalo ajar bahasa jepang pake bahasa indonesia english,POSITIF
aplikasi bagus sayang selesai ajar suka iklannyaa ngeganggu huhuu mohon rang iklan ya min kalo gausa iklan kaya lagi terimakasih ,POSITIF
aplikasi bagus gera animasi atur sistem atur sekian terima kasih mohon baik ,POSITIF
senang ajar bahasa duo lingo terkadang suka gregetan iklan yg selesai 1 tugas karna sepenuh erti iklan,POSITIF
apk sungguh bantu ajar bahasa inggris ajar mudah paham duolingo gratis bayar sungguh bantu,POSITIF
aplikasi bagus aplikasi minggu lancar bicara baca beda ajar senang buku developer terima kasih karna aplikasi,POSITIF
hai alam kursus aplikasi duolingo senang karna duolingo ajar ny mula sanpai yg senang karna ketemu aplikasi duolingo aplikasi ny gratis orang cipta aplikadi smg lancar rejeki ny sht donlot aplikasi nyesel loh terimakasi duolingo,POSITIF
fitur aplikasi bagi cerita materi lgbt males make ngerekomendasikan aplikasi saran orang tua anak awas anak akses cerita,NEGATIF
suka aplikasi duolingo kecewa aplikasi iklan menggangu harap kembang aplikasi hilang iklan terimakasih,NEGATIF
aplikasi ajar bahasa yg senang suka cerita nya tarik kalang semangat berprogress ,POSITIF
1 update dah iklan ya 2 update hati batas batas bagus versi 3 aneh bug nya bicara audio nya terkadang bicara 4 hati batas bayar iyasaya didik mahaltapi ilah ringan ajar biaya cukup,NEGATIF
aplikasi bagus pakai apk saran duolingo tambah bahasa thai burmese dll ajar bahasa sedia terima kasih,POSITIF
suka duolingo yg duluyg iklan klo ajar pake hatitolong kembali duolingo  tolong rangin iklan pas ajar gk pake hati,POSITIF
tahun pakai aplikasi tiba2 kaget iklan menggangu aktivitas ajar beda awal2 pakai aplikasi iklan ganggu proses ajar,NEGATIF
duolingo gin sih maka nya bayar iklan kasih nyawa ajar aja kadang males malesan mumpung mood ajar eh dibatasin lope lope sedih banget nggak kayak,POSITIF
aplikasi bagus tarik ajar main yaa main level sesuai mampu pokok keren ,POSITIF
bantu ajar mudah paham ajar bahasa yg sama ajar bahasa inggris tarik,POSITIF
aplikasi bantu ajar bahasa asing suka versi versi ads ajar batas  5x salah tunggu isi  ajar kecewa ,NEGATIF
suka ajar pake apk iini jalan runtun 98 apk nya jd ga bebas gantung hati kalo iklan ga 5 hati yg salah,POSITIF
senang aplikasi sayang tambah bahasa thailand sayang negara thailand kenal dunia harap bahasa thailand hadir duolingo terimakasih,POSITIF
aplikasi bagus anak fitur ajar gratis lain2  anak suka ajar bahasa inggris duolingo unit 22 bangga aplikasi duolingo terimakasih duolingo ,POSITIF
iklan tolong volume suara iklan app timbul telinga pakai bluetooth,POSITIF
semangat ajar gratis mendownload kecewa bayar alangkah baik percaya,NEGATIF
kecewa versi baru level tahap ajar nya jdi susah terpa otak hafal hafal lupa,NEGATIF
bagus ajar mudah erti,POSITIF
aplikasi baguswalau terjemah nya beda gara2 aplikasi anak2 sedikit2 paham bahasa inggris terimakasih cipta aplikasi ini,POSITIF
aplikasi turun kualitas yg skrg banget iklan download iklan menggangu,NEGATIF
pakai 822 gratis unlimited hearts duolingo jatah 5 hearts salah bayar unlimited hearts kecewa bangetttt udah 2 gratis monetisasi ubah duolingo bijak ganti kah aplikasi favorit banggain rekomendasi teman2,NEGATIF
apk bagus banget level nya seru loch udh gak bayar ajar bahasa inggris private karakter2 nya lucu nyesel loh nunda download apk udh rekomendasi guru temen,POSITIF
aplikasi ajar bagus nggak bosan ajar bahasa asing pakai aplikasi duolingo kaya main game seru gratis ga nyesel kalo download duolingo,POSITIF
alam ajar doulinggo seru aktraktif ajar kosa ajar mendengarmembaca menulisdan simak cerita saran doulinggo aplikasi ajar bahasa asing,POSITIF
kurang apk salah koreksi salah nya mana eror kek nya apk baik bintang nya,NEGATIF
suka yg versi yg iklan ajar karna pake hati 5 kali salah dah ga main tolong kembali versi yg aja,NEGATIF
fitur-fitur duolingo bagus semangat misi iklan pasang ganggu ajar ,POSITIF
fitur materi bagus hitung ulang bayar langgan kurang murah gratisin,POSITIF
ni apk ngebosanin download gunain 14 so this app is amazing anf also very good  mampu bahasa inggris  nama fitur speak lafal so this app is recommended ajar bahasa inggris swipe down yuk buru download,POSITIF
aplikasi cocok ajar bahasa santai senang fitur nya lumayan lengkap latih bentuk cerita singkat,POSITIF
aplikasi bagus kurang mikrofon sesuai ucap bahasa indonesia sayang iklan,POSITIF
senang banget ajar jarang banget ajar pakai aplikasi rutin iklan lelah iklankalau bgtu ajar pakai aja,NEGATIF
tampil efektif makan mengescroll mohon update timbang bikin simpel,NEGATIF
aplikasi bagus bahasa nya bagus atur bahasa indonesia bagus nilai 5 bintang,POSITIF
aplikasi nya bagus bagus ajar bahasa inggris latih pas level pintar donwload ya kasih bintang 5 perfect,POSITIF
enak banget ajar duolingo app baru september enak  rubah 1 ajar batas males ajar bintang 5 duolingo baru,NEGATIF
tdk masalah iklan krn untung duolingo tp yg tdk suka knp poin kurang dgn isi 5 hati poin dri 7 rb sisa 3 rb bru minggu pakenya trus bayar isi ulang,NEGATIF
mula ajar bjsa inggris nol iklan hati batas susah pencet nggak bagus di-update,POSITIF
sihh premium udah nikmat banget tau ga harga premium diturunin ga 20 ribu minggu gitu gimana udah murah berat nih developer,POSITIF
duolingo tampil aneh fahamtampilannya tahu yg uda ajar iklan payahsekarang progres yg lewat pakai hati nyusain aplikasi nyebalinujung ujung bayar bayar bayar payah duolingo payah,NEGATIF
aplikasi bagustetapi bahasa indonesia inggris baik guna she he bahasa indonesia diadah aja sisa dah bagustks,POSITIF
senang ajar duolingo coba yaa ajar bahasa inggris jepang ajar main suka ayo add duolingo-ku mutiaraqfr,POSITIF
suka aplikasi gampang ngerti bahasa inggris trus sedia bahasa ajar pokok aplikasi ajar bahasa inggris install bagus,POSITIF
jelek skrg iklan wkwkwkwk klo sih ku kasih bintang 5 tp maaf sistem udh ubah brarti nilai jg ubah dongg hbsnya iklan sih trs aneh bgt kalo dilashi bintang 0 kasih bintang 0 aja deh dasar game gk skrg jg hati gmn nih ajar dibatasin sih gk guna,NEGATIF
asyik ajar pake app lancar mudah sulit paham bahasa inggris listening app mudah bintang 5 deh,POSITIF
duolingo duludahulu ngak pake iklan sudab iklannyadulu gak gak pake hati gak mainsekarang hati tu dikumpulij ngak salahribet ngak recommended banget,NEGATIF
suka metode ajar aplikasi update ajar malas iklan bayar harap harga kurang,POSITIF
bagus nya fitur fitur tarik bahasa inggris bahasa mendownload aplikasi nya,POSITIF
ajar senang mudah erti,POSITIF
tampil ajar keren interaktif iklan bentuk support duolingo,POSITIF
suka banget level nya si duo ajar saran adik ajar bahasa inggris utk ajar duolingo makasih duolingo,POSITIF
suka duolingo mana duolingo ikhlas ajar bhs inggirs gratis bayar,NEGATIF
sarana pas ajar bahasa inggris  pilih kelas untuka ajar bahada inggris  pokok ajar bahasa inggris duolingo senang  terimakasih duolingo  terimakasih admin,POSITIF
yaallah bilang terimakasih bikin aplikasi duolingo aplikasi bagus asik gk bikin bosen trs yg bikin gemes aplikasi si burung hantu warna hijau itu,POSITIF
aplikasi udah bagus pake banget saran kalo masuk pop up guna am are is tense bagus cepat paham,POSITIF
mohon maaf iklan mohon rang butuh hati selesai iklan opsi hati nonton iklan opsi mendapyhati,POSITIF
senang rajin ajar duolingosekarang ga semangatbanyak iklanhati dibatasikembalikan sperti,POSITIF
aplikasi guna bahasa inggris ajar bahasa inggris seru mendonload aplikasi keluh beritahu bicara terdeteksiitu terima kasih,POSITIF
tolong banget kurang layan iklan aplikasi ganggu risih mohon kurang iklan but overall yeah perfect except the advertisement,NEGATIF
fitur rank mana guna ganti fitur guna  rank milik xp minggu nya  xp nya mending ganti guna,NEGATIF
englishthis application is very good because duolingo i know all english words indonesiaaplikasi baguskarena duolingo tau bahasa inggris,POSITIF
kasih bintang 5 aplikasi nya keren banget lumayan hafal bahasa luartapi suka habis hati pas refill gak sampe full cuman 1,POSITIF
di-update kali buka offline pd jaring lancar hari cm bs pakai latih lbh seblm update bs ajar dgn lancar,NEGATIF
aplikasi bantu sya ajar bahasa inggris untung ajar bahasa inggris aplikasi harap kreator update bahasa inggris paham moga kreator baca pesan,POSITIF
senang pakai aplikasi mudah ajar vokab nya semangat kawan yg ajar pantang serah tetep semangat ya,POSITIF
hai suka aplikasi bantu ber bahasa inggris  makasih dulingo suka banget aplikasi bahasa inggris  cepetan nggak download ntar nyesel loh,POSITIF
aplikasi recommended bgt yg ajar b ing diajarin pelan pelan ucap tulis pokok bagus banget lahh,POSITIF
iklan bagus keuntangantapi banyak iklan bagus harap iklan kurang iklan nya,NEGATIF
aplikasi ajar bahasa yg asik ajar duolingo ajar ketemu iklan dalam iklan woiii,POSITIF
halo duolingo hati nya batas ya ajar wajar donk salah nonton iklan ini doulingo ajar gratis kayak yg kecewa pilih hati unlimited hubung google play store gagal  maksud duolingo gimana ni sekarang  ,NEGATIF
ajar senang thanks duolingo gapapa iklan duolingo tahan tutup biaya operasional ,POSITIF
aplikasi baguspelajaran mudah paham ajar cerita pasu unsur lgbtq  aplikasi bagus pasu unsur simpang salah ajar,NEGATIF
aplikasi nice banget sih bahasa ajar oke banget bahasa inggris bahasa jepang tuh ajar pake bahasa inggris indonesia ngerti bahasa inggris gak ajar bahasa bahasa inggris tetep aplikasi bener bener cocok banget ken ajar bahasa asing bener bener guna banget sih,POSITIF
tolong kembali fitur unlimited heart  bebas iklan guna ajar nyaman 5 hati iklan ajar ganggu,NEGATIF
bagussss pollll knp animasi suka ngestuck gitu ya  kayak gambar org pertanyan gitu klo udh gerak ngestuck jd ak donlot ulanggapenting si klo animasi lucuu tipsnya gmn yh,POSITIF
aplikasi ny udh bagus tpi kurang nya teks yg salah ketik drink - drank bot ny harap ad fitur dmn kt ajar orng2,POSITIF
aplikasi bagus  harap duolingo baik salah kembang,POSITIF
duolingo kerenterima kasih ajar berkat ajar bahasa inggris degdegan saat ajar gampang2 susah ,POSITIF
duolingo aplikasi bagus ajar bahasa tulis ama bicara pokok nya bagus semenjak ilklan suka suka ,POSITIF
suka aplikasi unduh iklan ganggu minat ajar kurang iklan,NEGATIF
duolingo gratis hati unlimited semangat ajar mah buka aplikasi aja males banget ggra iklan hati dikit,NEGATIF
apk bagus anak anak ajar bahasa inggris,POSITIF
aplikasi inj bantu bnget ajar bahasa inggris cuman bahasa inggris doang msih bnyak bahasa ajar aplikasi moga depan lagi,POSITIF
nyelesain legendaris pake berlian banyak iklan puas yg tolong ubah biar ajar nyaman,NEGATIF
msh yg baik app ajar bhs inggris yg ,POSITIF
mudah ajar bahasa inggris duolingo,POSITIF
apl nya bagus banget guna banget orang yg oengan ajar bahasa asing bahasa alien bahasa english thank you very much duolingo i will miss you duo,POSITIF
semenjak pakai duolingo ajar bhs inggris lumayan mudah dn gampang paham,POSITIF
ajar bahasa mudah senang,POSITIF
karna masuk yg tau masuk lot loading nya wifi sinyal nya bagus knp mohon benah,POSITIF
makasih duolingo kasih duolingo premium 2 minggu gratis yg udah kasih the best pokok ga ganggu iklan nyawa batas,POSITIF
kalo e sertifikat jenjang,POSITIF
