comment,VALUE
aplikasi yg bagus room gk buka fitur room gk ruang chat benar2 dengar bicara diupdate,NEGATIF
jujur introvert ga enjoy gara-gara ga suka sosial manusia lain introvert stuff  ngerti pakai kek nya aplikasi extrovert aja si,NEGATIF
great 4 learning and making friends from various places ajar teman orang,POSITIF
aplikasi nya bagus tpi jgn salah ok pas pakai apk bingung tpi jd biasa jg,POSITIF
maaf ya ga translate aplikasi nya bagus guna ga translate bayar,NEGATIF
cocok jga may ajar bahasa tambah teman,POSITIF
update aplikasi jelek chat hilang kadang2 jg error tolong baik,POSITIF
bagus interaksi orang ajar bahasa,POSITIF
bagus banget ajar erti bahasa suka,POSITIF
aplikasi manfaat orang orang ajar bahasa asing,POSITIF
tunggu 7 banget beda aplikasi belah bagus,NEGATIF
aplikasi ku manfaat kirim video kirim foto tolong update fitur nya,POSITIF
terima daftar cepat bingung jg yg bilang ga jam udh d acc d coba apk nya,POSITIF
aplikasi bangusssss milik teman from tandem,POSITIF
langgan masuk tandem pro,NEGATIF
baguss sihh yg pake pro ga duit hehe,POSITIF
bagus banget filter sesuai bahasa negara gender usia keren deh kbnyakan serius ajar bahasa fiturnya sempurna ajar sj kl mengulang2 ajar susah scrollingnya gak fitur search nya,POSITIF
aplikasi lebih nya apk apk bahasa nya nyaman dipakaisaya saran fitur grup komunikasi cangggungthanks tandem,POSITIF
apk temu teman negara,POSITIF
aplikasi bagus ajar bahasa asing,POSITIF
update review tarik tarik,POSITIF
suruh tunggu 7 udah 12 tetep ngga buka gue hapus udah ngga mood,NEGATIF
kali pakai aplikasi moga amanah,POSITIF
pakai 3 jatuh hati app 2 orang ajak ngobrol mesin translatenya bagus gtranslate coba bahasa jepang sih gak tau bahasa sulit grammarnya - rekomendasi orang ajar asing teman internasional - gratis fitur batas premium janji,POSITIF
awal2 pakai byk bgt iklan tp dipake gak pokok enak komunikasi,POSITIF
aplikasi bagus mudah mudah nal orang negara,POSITIF
baguss saran bis ngak ditambahin chat party kasih salam ngobrol ngak ganggu,POSITIF
udh update tetep aja gabisa call tolong baik,NEGATIF
aplikasi bagus akun kebanned terusudh 4 kali kebanned semuagila emang gak kesalahananeh banget tolong banned gara kebanned temenku ilang,NEGATIF
bagus manfaat tambah ilmu pakai orang beda hello talk,POSITIF
tandem bantu ajar bahasa featurenya bagus temu native2 ajar bahasa tambah lingkup teman skill bahasa latih bagus,POSITIF
gua gratis bayar ribet,NEGATIF
bagus temu teman ajar bahasa asing,POSITIF
3 pakai tandem aplikasi bagus 1 kurang tandem fitur hapus pesan tolong update sedia fitur hapus pesan,POSITIF
aplikasi bagus orang benar ajar bahasa orang guna tandem banyak serius ajar bahasa main benar ajar bahasa hindar perverts aplikasi jawab nggak bilang tandem bersih 100 perverts banyak orang temu nggak maksud thanks tandem for the nice experience  bayar app worth it banget,POSITIF
aplikasi bantu ajar bahasaga bahasa inggris bahasa dunia dpt teman loh ga org indonesia aja temenan org asing seruu senang,POSITIF
poko the best aplikasi nya seller nya banget login nyoba aplikasi trus abis uninstall lupa mati langgan uang potong 500k udah pajak komplen uang balikin ,POSITIF
login akun sayamemang taik aplikasi taik install cs nya kagak respon aplikasi jelek install too much problem,NEGATIF
aplikasi bagus orang indonesia bedain native learn temu orang indonesia native english learn bahasa indonesia pas diajarin bahasa inggris tau ajar native english ngapain tempel yg nunggu 7 nggak foto,POSITIF
bagus banget latih ajar bahasa asing,POSITIF
aplikasi sih bagus orang modus orang well liat sombong  annoying mostly they didnt care ya  susah nyari partner bener-bener bantu free version byk kurang ,NEGATIF
pakai gimana sih tunggu 7 emang kek gitu ya,NEGATIF
bagus apknya,POSITIF
aplikasi senang harap fitur fitur tarik mudah ringan simpan memori handphone fitur batas ganggu,POSITIF
pas masuk suruh nunggu 7 ya,POSITIF
tolong orang indonesia beda native learn ya native bicara bahasa learn ajar bahasa  notifikasi tolong perhati ya ganggu suara nyaman mode senyap getar aplikasi gak silent overall recommended,POSITIF
aplikasi bagus banget bantu mula orang banget friendly teman bagi negara ajar bahasa thank s tandem,POSITIF
bagus banget aplikasi fungsi kaya tandem kadang banget pake akun palsu pake 2 welltidak aneh2 banyak college studentada tutor ken ngobrol yg temu sopan2 cuma saran ajaaku erti newbieaku sdh coba search partner online pesan delivered tp ga nemu artikel ttg,POSITIF
guna aplikasi tandem ku aplikasi bagus bantu bahasa cari teman negara log in isi aplikasi tandem  bahasa negara tarik dll temu teman negara nya udh pilih cepat sukses tandem,POSITIF
baikcocok ajar bahasa luarsaya saran download aplikasi inibisa tambah teman luar negri mencar pacar hahaha,POSITIF
tandem kembang bagus  coba tandem puas kes  moga kembang tangan tim tandem guna nyaman tandem ,POSITIF
terimakasih baru sistem lancar kendala bantu tingkat kemapuan bahasa saran pro member aplikasi bagus  terimakasih,POSITIF
apk nya bagus keren banget liat banget ketuker native learns ya  orang indonesia ajar bahasa korea ngisinya native nya korea learns nya indonesiamungkin depan baik biar nggak ketuker native learns,POSITIF
aplikasi nya bagus teman orng nya ngga ky app rada sopantapi sayang kalo udah kirim pesan ngga hapus kalo salah ya kirim huhu malu deh,POSITIF
oh hii  aplikasi cipta bagus tolong upgrade pesan suara bang biar kirim pesan suara bahasa indonesia pas dengar bahasa sendiri cape tau bolak google translate trus,POSITIF
aplikasi sih bagus foreigner  bule gimana ya 20 orang kirimin pesan bales 1 buletan ijo nya online nyapa ngajak kenal read doank   lha tu sedih hati tuh kek ngomong ama tembok ,POSITIF
aplikasi bagus bingung sy yg salah atw yg laen yg salah ya profil tera asal dr indonesia tp native bhs inggris ajar bhs indonesia tahu sy native bahasa yg sehari2 adl bahasa indonesia learning adl bahasa yg ajar bahasa tp knp pd balik native bhs inggris learning bhs indonesia tp profil tera ajar bhs inggris asal dr indonesia bingung tuh,POSITIF
tandem is the bestbest than apk belah which pake lope lope gak jelaskalo tambah fitur group chat room biar gak canggung cuman bicara berduasaya tunggu fitur lanjut nyatapi apk ajar cari teman baik temu,POSITIF
aplikasi bagus update alami ganggu pesan otomatis layar hp hitam aplikasi tanggap,POSITIF
dasar alam masuk apk 7 tulis tunggu 7 masuk 5 menit isi profil coba lihat g-mail konfirmasi masuk belum kirim buka e-mail scrool tombol masuk apk nya pencet moga bantu ya aplikasi bagus bantu terimakasih developer,POSITIF
manfaat ajar bahasa mudah kenal native speaker negeri  akun suruh tunggu 7 tar 1-2 jam akun sudha terimakasih ,POSITIF
bagus banget apknya temen china emang mayoritas pake orang china aman gak macem-macem tolong terjemah 3 kali pakai pro please terjemah gratisin aja deh pake pro terimakasih,POSITIF
tau tandem salah vlog youtube tau tuh aplikasi rekomended banget ken ajar bahasa asing tambah teman orang tandem sy kenal tuh ramah easygoing friendly pokok the best alhamdulillah ketemu orang rude mesum aneh gitu pokok karna platform ajar kenal budaya isi ya orang emang ajar,POSITIF
bagus aplikasi nya ketemu orang yg baik2 yg gk nunggu 7 hr coba deh unnistal apps nya trus donwload nya langsung masuk nunggu 7 hr coba aja sih sp tau wktu kyk gitu gk sengaja hapus wktu log in langsung masuk aja,POSITIF
temen manca negara recommended coba apk 4 hasil temen mancanegara ku lumayan dalam bahasa rusia ramah friendly tukar pikir kenal budaya bagi nickname instagram luang video call kadang ngajak dada kasih bintang 5 apk bayar fitur nya lengkap,POSITIF
lumayan bantu latih binggris tau culture negara study partner gak orang yg aneh2 ramah karna emang sama2 tuju ajar bahasa,POSITIF
masuk appsnya pilih bahasa pakai tau tau langsung bahasa korea pikir isi persis ilustrasi beda  kali ulas aplikasi jujur kecewa tolong developer evaluasi,NEGATIF
aplikasi bagus banget keren seru ajar bahasa aja nambah temen negeri kenal orang2 seklaigus ajar kali bingung karna pas daftar approval 7 menuruku wajar karna aplikasi bagus sarig alay2 pake aplikasi iseng2 ga,POSITIF
appnya lumayan bagusudah dapet temen ajar bahasa prancis notifikasi pesan eh pas buka ko gadaakunnya ilangini tandem eror gimana add teman,POSITIF
aplikasi positif serius ajar bahasa tukar budaya rekomendasi nya ajar bahasa perancis spanyol teman asing rumah negara nya suka apps aman guna iseng gemar fliriting ajar sukses tandem,POSITIF
aplikasi bagus sharing orang nambah temen gampang error ya gak buka ,POSITIF
mengunakan aplikasi tandem cari komunikasi wilayah aplikasi tingkat poin bahasa ajar paham fasih terima kasih,POSITIF
bagus suka aplikasi punya teman dunia tolong kasih tau ganti umur edit pilih umur karna baru terimakasih,POSITIF
bagus banget aplikasi lucu aja sih banyak orang indonesia beda native learn native  bahasa asli bahasa yg km bsa learn  ajar bahasa yg ajar,POSITIF
aplikasi bagus luas relasi ajar bahasa aplikasi alam senang leceh trauma coba,NEGATIF
aplikasi yg bagus latih bahasa asing interaksi orang negara ajar chat orang gak balas chat apa yg respon sopan yg ngajarin bahasa mrk sopan,POSITIF
hmm kecewa aplikasi bagus lancar cepat lambat kirim pesan masuk aplikasi tolong baik,NEGATIF
aplikasi bagus bangett udah temu teman negara aplikasi nya sampe gabisa masuk ratingnya turunin 1  karna parah udah update tolong baik kualitas,NEGATIF
pikir bayar tidakdan puji tuhan latih bahasa inggris ibrani praktek native speaker  kadang weak connection hambat aplikasi bagus,POSITIF
nyaman baru apknya nyaman mengecewakanapk buka crash,NEGATIF
bagus banget cari referensi tutor temen ngobrol fiturnya lumayan lengkap aplikasi inter-language  keep it up,POSITIF
bagus banget aplikasi ajar nyari teman orang nya ramah ramah sopan ga neko izin aplikasi nya emng butuh 7 acc tp cepet ga hari udh acc akun ku thanks tandem,POSITIF
cari teman orang negeri aplikasi cocok sayangnyatidak fitur gratis yg bayar sesuai,POSITIF
baguss bangett bantu cari teman seluruh dunia tingkat mampu bahasa asing  and orang,POSITIF
yg gak masuk suruh nunggu 7 gua kasih tau biar langsung masuk 1 tekan why yg tulis ijo 2 cek email baca pesan yg kirim tandem kalo balas pesan nya 3 tunggu bentar trus coba lu cek apk nya,POSITIF
aplikasi bagus banget dah 1 thn pake aplikasi temen2 dr eropa usa baik2 semuakita chat wa sampe skrg teman vid call tukar2 informasi jd tau banyak sana kebiasaan2 merekamakanan2 sampe keluarga2 jg pokok seruuuuuu,POSITIF
udah bagus kadang bingung pake kadang ngerti native learn orang indonesia native nya bahasa negara pas ajarin eh orang indonesia ya gimana ya nama ajar xd,POSITIF
wooyy gw pakai aplikasi bayar aplikasi bagus langsung langgan bayar 3bln depan aja bayar besok ga buka layar hitam teroooss balikin dach duit gw anjiimmm bangeett dah,NEGATIF
kasih bintang 4 oke report yg ngirim gambar gak pantes langsung fast respon pro nya g harga nya ,POSITIF
manfaat moga fiturnya kembang bug baik aplikasi henti otomatis,POSITIF
pikir login bebas liar aplikasi cari partner aplikasi nya cari teman nunggu 7 bohong udah 2 minggu nunggu ngak bebas masuk aplikasi aja masuk aplikasi nambah partner 1 partner ngak recomended banget sih nih ,NEGATIF
jngn download  aplikasi muncul tuju ajar bahasa asing orang via chat kecewa orang bahasa asing chat mu abai  tdk bantu,NEGATIF
aplikasi nya bagus temu teman bahan dunia memperlajari bahasa bahada inggris  tahan kualitas nya ,POSITIF
aplikasi error masuk aplikasi ngobrol orang negri  pesan kadang suka kirim please benar,POSITIF
aplikasi bagus aplikasi aplikasi tandem upgrade jgn aplikasi,POSITIF
tandem aplikasi bagus kemarin ketemu orang jepang ajar bahasa jepang  pas ngomong bahasa jawa gak bahasa jepang bangke,POSITIF
i like this app finally i found an app of friendship with good purpose and positivity ketemu ma temen ajar bahasa asing moga aja gak nemu org2 mesum kaya aplikasi2 teman,POSITIF
keren bgt si  orang nawarin praktek bahasa sma  pokok aplikasi recommend bed yg ajar bahasa,POSITIF
aplikasi bagus ajar langsung bicara asli indonesian people native bahasa asli learn maksud bahasa ajar tibalik ya,POSITIF
selamat malam buka aplikasi loading eror buka aplikasi normal jaring bagus helpp ,NEGATIF
pakai tandem tp stelah download ulang gak knp sperti niy kecewa gak buka bljr bhsa dei,NEGATIF
wow app bagus fitur bayar ganggu ajar bahasa d teman russia brazil china baik orang nya d  5 star for tandemle,POSITIF
aplikasi bagus aplikasi tambah teman negara aplikasi bantu tingkat mampu bahasa asing kendala,POSITIF
manfaat mengunakan aplikasi tandem apat empermudah ajar bahasa asing ajar budaya negara teman,POSITIF
keren banget sih aplikasi nya  gue bingung aplikasi bayar ngak aplikasi gratis mudah banget make nya  serius ni aplikasi canggih banget,POSITIF
aplikasi bantu ajar bahasa nal orang biasa chat bahasa inggris dll biasa asing bahasa terimakasih,POSITIF
bagus banget apknya sulit banget login beluk 7 udah login chat orang responya lambat tpi 15 menit teman2 dri negara ajar bahasa asing senenh banget ramah ramah,POSITIF
aplikasi bantu ajar khawatir temu orang pervert karna aplikasi aman nyaman temu orang pervert,POSITIF
3 hari aplikasi coba masuk layar hitam posisi buka tolong dperbaiki cepat,NEGATIF
salah hal2 negatif minat pdhl bantu ajar bahasa thank you diperbaikin aplikasi,NEGATIF
bagus banget chat ajar bahasa asing native speaker langsung nemu orang mesum gak kayak aplikasi chat suuuukaaaa deh,POSITIF
aplikasi bagus bantu belajarkalau tambahin translate tulis biar langsung translate tulis terimakasih,POSITIF
aplikasi bagus awal tunggu undang dgn batas 7 2 jam udh akses banyak orang tandem emang ajar bahasa coba aja ga nyesel deh,POSITIF
ya chat hilangpadahal udah ketemu teman bicara pas seru eh buka hilangsaat cari guna adatolong yah baik,NEGATIF
gabisa join live party tolong baik,NEGATIF
beli hp ori langsung instal tandem make nya 2 ehh pas buka besok nya layar hitam udh mastiin biar jendela aplikasi nya ngga jalan sama plus udh reboot hp berulangkali tuju nih aplikasi tuh bagus nambah wawas yah gin suka mancing emosi,NEGATIF
aplikasi bagus latih mampu bahasa asing dpt bnyak teman asing sana ad akun sombong,POSITIF
keren si nemu temen negara,POSITIF
aplikasi bagus percaya khawatir orang dalam leluasa obrol orang ajar bahasa,POSITIF
aplikasi bagus bantu ajar bahasa asing kebaya status pesan sent ya delivered teman online offline,POSITIF
aplikasi bagus ajar bahasa negara milik teman beda negara dont hesitate to use this application,POSITIF
suka banget orang ramah ramah ajar serasa temanaku rekomendasi app coba,POSITIF
milik teman,POSITIF
kali nemu aplikasi benar2 dar hahahihi modus cari pacar tandem tukar bahasa teman thanks tandem,POSITIF
mendownload aplikasi selesai tahap pikir langsung aplikasi tunggu konfirmasi 7 wth its so long kaya aja gitu udah ga langsung tbh kalo tau kaya gin mending ga download so sorry first impression nya kecewa,NEGATIF
suka banget aplikasi beritahu cara ikut orang do ikon tiga titik do kanan perintah follow,POSITIF
aplikasi bagus dapet temen negeri tp sayang ngirim vn kirim mohon bantu,POSITIF
aplikasi keren gw temu orang nya ramah ramah sopan ajar bahasa good recommend ,POSITIF
tolong tandemkalau aplikasi ajar bahasa tolong adakan translate aplikasinyauntuk ajar bahasa translate situ gak gunaatau ganti nama aplikasi tandemchat and add your new friendssekian terima kasihini sara devoloperselebihnya bagus,POSITIF
bagus bangetbisa nambah teman negri nambah tahu budaya minat dlllumayan isi luang hahhathx tandemm tingkat lagi,POSITIF
log in gabisa ya,POSITIF
suka banget apk dapet kawann premium ingin tpi gpp yg dapet temen,POSITIF
gak login sihapk koontol,NEGATIF
tandem cepet acc akun tunggu 7,NEGATIF
udh bulan ga acc asu,NEGATIF
app yg bgus bget yg pgen bljar bahasa asing cocok loh ngelancarin speaking and writing pasti nambah tmen mancanegara jg loh,POSITIF
aplikasi bagus ajar bahasa asing tambah teman ilmu,POSITIF
masuk mudah sayang efektif orang2 aktif app,POSITIF
akun dibaned alesan daftar udh gk,NEGATIF
appnya knpa bahasa korea selesai install,NEGATIF
keren sih ku ngga respon timezone ngga berani ganggu,POSITIF
coba harap aplikasi bagus improving skill sy dlm bahasa khusnya bhs inggris,POSITIF
mantap menit udah dapet kenalanan,POSITIF
nih aplikasi udah bagus cuman tambahin fiturnya pas vc biar terjemah vc nggak bingung nggak bahasa,POSITIF
aplikasi seru bgtapalagi ken sosial orang aplikasi cocok bangetjg ajar bahasa yg,POSITIF
aplikasi bagus pakai 2 tiba2 app buka  error  baca review rasa,NEGATIF
suka aplikasi ajar bahasa inggris praktis visitor my profil bayar utk langgan ajar bahasa tanggap akun blok ga tahu visitornya bayar,POSITIF
cari teman id hebat deh tandem mohon tingkat cari id,POSITIF
gimana si masuk biaya bayar  gak ngerti aplikasi coba ribet gin ,NEGATIF
sukaaa banget sam aps iniresponnya cepat situs bersih negatifkita ajar bahasa teman,POSITIF
tolong bantu nya upgrade ngeblank susah buka applikasi nya,NEGATIF
aplikasi nya beda banget yg suka banget pokok teman dgn orang penjuru dunia btw teman udah banget lohhhh baik lagi,POSITIF
apk nya bagus tambahin fitur hapus pesan malu suka salah pas ngomong temen negeri wkwk bagus banget apk nya,POSITIF
aplikasi gk guna udah nunggu 7 udah tunggu 2 aja gak daftar gimana ya udah tunggu banget aja gak salah log in gak sih aplikasi gak guna gak download deh sesal,NEGATIF
bantu proses ajar bahasa asing peluang teman mancanegara,POSITIF
rekomendasi editor benar rekomen terimakasih tandem temu teman ajar bahasa korea,POSITIF
bagus langsung chat fitur koreksi terjemah sabar cari partner,POSITIF
gak langsung masuk udah 2 kali install nunggu 7 bintang nya hasil pake aplikasi,NEGATIF
hebat ni application nya tukar bahasa kenal culture dengar cerita culture negeri and etc the best application ,POSITIF
overall bagus sih aplikasi ngeselin pesan banyak sent gak delivered online tolong baik,POSITIF
aplikasi yg batu meninggkatkan skill bahasa inggris teman internasional ,POSITIF
keren sih aplikasi ajar bahasa inggris langsung praktekin orang langsung thanks to tandem,POSITIF
bagus baik bahasa asing temu teman dunia love,POSITIF
bagus banget ajar bahasa asing dg native speaker orang sopan2 gada yg aneh2 poko recomended deh,POSITIF
pakai aplikasi orang profesional ajak tukar bahasa alam buruk stalking pria creepy umur 30 tahun nyamperin negara sayalain kali filter guna report akun pria jerman yg nama sanya,NEGATIF
aplikasi sungguh erti bahasa download pas buka apk nya bahasa korea  tau awal2 nya kasih tau daftar nya dll,POSITIF
aplikasi bagus temu orang perancis bahasa arab ajar  alhamdulillah orang bgt  sukses aplikasi,POSITIF
wow gila sih aplikasi gw paham bahasa orang tp fitur terjemah nya gw bbrapa teman jepang cewek nya haha,POSITIF
aplikasi bagus translite bahasa pakai bahasa nge chat tolong informasi,POSITIF
keren banget latih skill writting udah temen latih speaking temen,POSITIF
so good tingkat live video ome tv enak ajar,POSITIF
error nggak masuk akun baru kali uninstall pasang tolong solusi tandem,NEGATIF
buka applikasi tandem tera not responding ya bikin akun ttp not responding tolong baik,NEGATIF
gausah panjang nihh aplikasi mantep bet dahh sayang translate aplikasi dibatasai 3 kalimat hari,POSITIF
bagus bantu temu teman dunia ajar cakap bahasa asing,POSITIF
bagus banget sih jarang banget teman orang korea negara 99 orang china ya suka gampang ajak chatting  sombong ,POSITIF
thankyou developer nya berkat nih aplikasi jdi bljr bhasa asing dpt temen negarapaling bnyk korea china aku dpt doi tolong tahan ya ,POSITIF
keren dapet temen hati2 ya modusin lelaki  app bantu improve skill bahasa apa,POSITIF
aplikasi nya bagusaku teman baruada yg wa lineada yg modus yg benar ajar bahasaada yg investor,POSITIF
upload foto profil selalu salah knapa ya tolong kasih tau masuk gimana kunci kunci,NEGATIF
ahhh neng banget aplikasi salur senang cakap orang negara lunya teman ajar bahasa inggris nyesell download ,POSITIF
aplikasi baguus tambah alam teman dgan orang negara,POSITIF
keren banget sih app ini ngomong native speaker mandarin langsung sampe diajarin merekaa love this app,POSITIF
udh nunggu 2 minggu aplikasi nya gk buka trus nunggu 7 udh 2 minggu hadeuuhh download ajar nya uninstall dehh,NEGATIF
aplikasi asah mampu komunikasi ajar bahasa,POSITIF
aplikasi burukk bayar 50000rb ya klo ga bayar ga login ga buruk jngn donlod yaa,NEGATIF
aplikasi bagus ajar bahasa orang aplikasi ajar bahasa,POSITIF
aplikasi bantu ajar komunikasi bahasa arab uhibbu jiddan,POSITIF
aplikasi bagus ajar bahasa asing langsung orang teman dengan,POSITIF
its better appfiturnya dukung ajar bahasa asingbaru jam main ketemu user friendlyyeah positive vives lha ya,POSITIF
gw php-in gimana udah nunggu sampe minggu gabisa masuk jugahaddeh kesel bgt gw digantungin gitu tolong baik biar korban php berkurangv,NEGATIF
kesini tik tok btw emang bagus banget sihh apk nyaa cocok banget ajar bahasa asing,POSITIF
aplikasi bodoh download login aja nunggu 7 udah tunggu sampe 10 tetep gak nyesel kalo download aplikasi,NEGATIF
install app eh mo login bahasa korea pahaam gimana sih gabisa pilih pake bahasa gt english yg,NEGATIF
aplikasi bagus ajar orang native speaker senang cakap langsung,POSITIF
aplikasi bagus kirim pesan tulis message not sent,POSITIF
app nya bagus banget very helpful yg cari temen negara ajar bahasa asing,POSITIF
tandem apps ajar bahasa baik deh udah gak pke tandem pas login pke account lama,POSITIF
ga full fasilitasnyaharus bayarjadi kasih 4tapi bagus aplikasinyaaku teman,POSITIF
hola como estas gud banget sih ajar bahasa asing ajar langsung orang sono ajar chattingan santuy wkwk,POSITIF
bagus teman negara ajar bahasa budaya kenal negara,POSITIF
keren banget nemuin banget orang negeri jujur kangen ngomong ama anak bangsa - inti klo ken cari teman gausah mikir download,POSITIF
cht nya ilang yaa fun banget ngobrolnya pas buka eh ilang tolong baik,NEGATIF
henti langgan gimana ya  udh 7  udh uninstall tp tetep hubung  ganggu bgt,NEGATIF
pokok bagus nih app nya yg kuat kuota and selektif pilih teman utk tuju yg capai,POSITIF
makasih gan berkat ni apk pacar cewe rusia skrng jalan 5bulan insyaallah 2021 rusia temu support buat apk nya,POSITIF
aplikasi bagus bantu ajar bahasa asing nativenya langsung,POSITIF
nginstal udh langsung suruh premium gratis apany org g digunain kecuali premium  annoying,NEGATIF
appnya bagus hati2 orang aneh yg pervert yg niat nipu udah ngomongin investasi digital udah block aja,POSITIF
bagus banget rekomended ajar bahasa apa yg km chat orang km ajak ajar,POSITIF
bagus aplikasi ajar bahasa negara teman,POSITIF
temu teman aplikasi bagus ajar bahasa thankk u tandem,POSITIF
acc nya banget bilang 7 days tau udah hmpir 3 minggu acc why,NEGATIF
aplikasi senang tp maaf kasi bintang 4 krn sesuai kplikasi trima kasih,POSITIF
bagusbanyak teman temu,POSITIF
bintang nyoba aplikasi hasil buat bahasa asing rekomendasi aplikasi teman2 ku,POSITIF
suka aplikasi karna kenal byak budaya bahasa menemuka teman yg terima kasih,POSITIF
apk bagus bantu nal orang negri ajar bahasa merekahahahaha,POSITIF
its nice to find tandem s app temu teman tukar budaya bahasa,POSITIF
aplikasi keren karna teman orang negara beda ajar bahasa,POSITIF
thank you tandemkarena teman rusia bantu ku bahasa rusia balik nya ajar nya bahasa inggris,POSITIF
admin obrol teman hilang chat asik ngobrol gimana ya tolong jawab,POSITIF
app nya bagus nggak orng aneh disinikrn app dating improve our language skillso i love this app,POSITIF
apk bagus karna teman negeri ajar bahasa,POSITIF
teman ajar bahasa asing aplikasi saran,POSITIF
bantu cari teman tingkat mampu bahasa recomended,POSITIF
hi kak maaf download aplikasi ajar bahasa asing pas isi data pake bahasa china yasaya ngartiapa ganti bahasa indonesia kah,POSITIF
bagus ajar bahasa teman negara,POSITIF
aplikasi bantu teman luas tahu ajar bahasa,POSITIF
bagus teman native speaker bantu tingkat skill bahasa inggris,POSITIF
senang tukar bahasa orang tau budaya ,POSITIF
teman akrab nama hilang kecewa log out masuk dg nama cari nama teman gak pakai email,NEGATIF
bagus banget bantu ajar bahasa asing teman teman negri apk,POSITIF
applikasi mantap cari teman jiga enak gratis ajar nahasa ga pake bayar thanks,POSITIF
full bayar yg gak bayar gak gunain kalo tau gitu gak download,NEGATIF
aplikasi nya susah buka tunggu 7 aplikasi nya susah buka,NEGATIF
nal dg teman dr negara sembari ajar bahasasangat manfaat,POSITIF
terima kasih tandem bahasa inggris bagus teman negara,POSITIF
instal aplikasi kaget hp mati total buka aplikasi untung nyala,NEGATIF
aplikasi bagus banget improve bahasa orang sopan ramah,POSITIF
aplikasi no tiputipu beneran latih bahasa temen negara bagus ko ,POSITIF
bantu latih bahasa asing fiturnya mudah,POSITIF
udah chat notifikasi kasi referensi nya ga muncul ,POSITIF
ucap terima kasih aplikasi aplikasi bantu ajar bahasa inggris teman orang negeri,POSITIF
wihh mantap banget dah aplikasi erti bahasa asing temantrim,POSITIF
aplikasi bantu cari teman negara ajar bahasa,POSITIF
nice udah dapet teman apk pokoke good ayo yg dwnld silah dwnld apk ken teman bule,POSITIF
aplikasi nya bagus buka aplikasi ga merespon kasih solusi ga,POSITIF
admin tandem tolong aplikasi saring byk orang yg chat ujung2nya suru kedok investasi menggangu,NEGATIF
apknya bagus bantu ajar bahasa asingaku suka,POSITIF
keren cari temen dunia ajar bahasa apa yg native speaker nya,POSITIF
snagat senang karna temu teman tukar bahasa,NEGATIF
bagus ketemu teman negri ganggu lebih bagud,POSITIF
masuk tandem buffering sinyal cepat,POSITIF
rekomendasiiin banget ken temen negri make senang yah min ga tombpl ruang party  malahn vertifikasi mulu tolong bantu nya min,POSITIF
aplikasi sempurna  riwayat chat teman hilang,NEGATIF
kirim video rekam suara hapus pesan,POSITIF
maaf 1 bintang why  memveritifikasi akun ku create account tp log in buat kecewa ,NEGATIF
aplikasi mantapbisa milik teman ajar bahasa ,POSITIF
baru tunggu masuk app muncul kosong,NEGATIF
gak login sih pas pilih gender nya gk udh coba kali kali,NEGATIF
aplikasi bagus ajar bahasa teman darimana ,POSITIF
aplikasi bagus teman ajar bahasa asing ,POSITIF
aplikasi bagus ajar bahasa asing teman dunia,POSITIF
hai guna akun digunakanalias dibanned bicara kasar sana trus daftar dengn email tunggu 7 24 jam tunggu 7 tolong donk tanggung moga orang nyaman tu,NEGATIF
senang bs tandemsangat guna bantu ajar bahasa asingterima kasih,POSITIF
bagusss dpt tmen  dpt alam  bljr bahasa yg mauu,POSITIF
apk nya bagus bangett asik ajar temen terimaksi cipta apk ini,POSITIF
bagus emang tulis nunggu 7 tp ga sampe 1 jam udah aktif akun,POSITIF
aplikasi gak daftar aja suruh nunggu sampe 7 udah nunggu 7 sampah gak,NEGATIF
so interesting isi orang2 niat ajar app ajar bahasa keren,POSITIF
bagus sih aplikasi gk milih tmn negara bisa yg situ doang cari tmn turke gk,POSITIF
aplikasi nya bagussaya dapet temen sanatapi yakemaren downloadhari buka app nya gabisaini yaada bantu,POSITIF
bagus masuk nunggu 7  yahh sayang apk nya bagus kembar,POSITIF
ajar bahasa native negara china,POSITIF
buka apk muncul notif tandem henti tolong baik,NEGATIF
bantu bicara bahasa asing senang,POSITIF
error upload foto something error 555kenapa si,NEGATIF
recommended banget ajar bahasa  nyari temen orang,POSITIF
apk bagus cari teman negara,POSITIF
nice gue ngobrol and welcome sih  haha app ramah bgt makasihh,POSITIF
udah teman dunia aplikasi mudah terimakasih tandem,POSITIF
bahasa tampil bahasa mandarin settingan hp bahasa bahasa indonesia,NEGATIF
apknya eror apaya ko gk masuk2 udh coba pake akun tetep salah,NEGATIF
mantep bener nihh apk terang profile bagus join udh nge chattbtw makasih ya berkat gua nggak jomblo wkwkwk,POSITIF
good app kurang pesan yg kirim hapus,POSITIF
bayar udah bagus apk nya suka bangettt kurang bayar mana kaga hasil,NEGATIF
bantu ajar berkomunikasih orang dunia,POSITIF
download daftar bayar kalo aplikasi aplikasi bayar,NEGATIF
bahasa nya korea yapas akun tulis korea semuajadi bingung,NEGATIF
tandem aplikasi yg sya cari karna sa ngat bagus keren,POSITIF
apk recommended bgt si sulit pas kali login overall sempurna,POSITIF
ksh 4 tau apk dr tiktok jd coba enak bgt seru gtu,POSITIF
ga masuk ya suka aplikasi masuk kecewa tolong bantu masuk kalaugitu kasi bintang 5,NEGATIF
nikmat aplikasi teman orang negara,POSITIF
bagus ajar bahasa asing native thank you,POSITIF
bagus aplikasi sayang bayar nunggu daftar,POSITIF
aplikasi bagus ajar bahasa mudah,POSITIF
bantu orang ramah ajar language,POSITIF
bantu bgt cari temen orang ajar bahasa asing,POSITIF
bintang 1 aja aplikasi akun palsu fake yg ngaku2 bule negeri orang indonesia asli yg suka modus nipu2  cari korban sana pria2 negeri suka php  ngebohongin wanita rayu palsu hati2 wanita2 yg ajar aplikas akun fake modus pria php tukang bohong,NEGATIF
sharing bahasa nyari temen negri,POSITIF
woiyyy orang gw udh chat2an org tiba2 gak masuk huuu udh deh gak download nih apk seru bgt anj tolong baik,NEGATIF
bagus banget temen pokok temen buru install,POSITIF
kek neng banget interaksi sm org tambah wawas jugaa,POSITIF
ajar bahasamengenal teman bagus app nya,POSITIF
udah coba account tpi gk pake email nope fb gk bisa2 sebenernya gmna daftar sih,NEGATIF
turut aplikasi bagus ajar bahasa,POSITIF
aplikasi tandem teman warga negara brazil terimakasih tandem ,POSITIF
nyoba 4 yah ehehhw ntar kalo udah menueutku bagus eheheh,POSITIF
udah download appnx bayar gak tau yg la nnx gimnaada yg tau gak yg gratis soalnx menunx gak muncul,NEGATIF
lumayan apk nya kawan susah sih pd sibuk cmn sukaaa banget ,POSITIF
unistall kali kali aplikasi buka tolong tanggap aplikasi sayaterima kasih,NEGATIF
ga masuk udah login pake email yg d daftar tapi aja ga masuk,NEGATIF
suka aplikasi bantu ajar bahasa,POSITIF
suka bangett lumayaan ngasah buta ajar bahasa nambah temen ,POSITIF
muas algoritma yg pas nal orang,POSITIF
keren suka aplikasi bahasa inggris ku lancar thank you very much tandem,POSITIF
aplikasi nya asik sih ajar bahasa asing  cari temen orang asing,POSITIF
aplikasi bener-bener positif ajar latih bahasa asing ,POSITIF
keren   temen seru,POSITIF
daftar bikin ribet jelek banget aplikasi nya mana suruh bayar males bngt bikin emosi aja,NEGATIF
coba fitur status biar kalo gaada chat aktif,POSITIF
aplikasi teman teman yg hubung,POSITIF
seru  manfaat ajar bahasa,POSITIF
sengat bantu  ajar bahasa asing,POSITIF
app bagus mula temu orang bagus,POSITIF
joss tingkat fitur dukung yg keren love tandem app,POSITIF
unduh aplikasi keren ajar bahasa langsung native,POSITIF
susah teman gitu nya nemu orang indo d,NEGATIF
bantu ajar bahasa,POSITIF
ngobrol orang ningkatin mampu bahasa asing,POSITIF
udah download eh suruh upgradeeeh msh gagal login aneh,NEGATIF
login males tulis nya putih background nya jg putih susah baca,NEGATIF
aplikasi keren temu orang dunia,POSITIF
aplikasi eror tolong baik,NEGATIF
terimakasihh teman negara ajar speak english teman,POSITIF
coba tingkat ajar bahasa asing,POSITIF
sumpah mantap kak mas app teman negara suka  semangat pokok,POSITIF
diinstal bahasa otomatis bahasa korea ga ngerti gimana ganti,NEGATIF
lot parah kaga masuk asli lot,NEGATIF
sukasi aplikasi exchange bahasa temen,POSITIF
bagus batu ajar bahasa asing tambah teman,POSITIF
bagus banget orang2 pintar2 aplikasi bagus translate langsung,POSITIF
bantu interaksi bahasa asing,POSITIF
pokokny suka banget emg bbrp yg hrs bayar pngen tmen ajar apa negara bnyak disni pokokny ga nyesel download deh,POSITIF
buka aplikasi besok buka,NEGATIF
bagus interaksi orang thans tandem,POSITIF
bagus bantu ajar bagi bahasa,POSITIF
bagus orang active thank you tandem,POSITIF
aplikasi bagus moga tingkat kualitas aplikasi,POSITIF
akun block  salah langgar atur tolong team tandem baik,NEGATIF
alhamdulillah aplikasi bantu ajar bahasa asing,POSITIF
daftar tp ga trs pasang pp gagal,NEGATIF
so much fun kenal orang negeri improve bahasa,POSITIF
bantu ajar bahasa asing temu orang asli sangkut,POSITIF
orang nya sombong sombong amat mati aja,POSITIF
bagusss tpi jgn bayar dongg,POSITIF
bagus temu teman,POSITIF
suka aplikasi bantu bicara bahasa asing,POSITIF
tandem ga asik kayak nyari teman diselurih dunia batas hmm,POSITIF
bantu dlm ajar bahasa,POSITIF
bagus banget sih ini recomendasiin banget yg ajar bahasa asing kenal bule jamin isi bule reall no tipu dapet geratisan 7 trimakasiih,POSITIF
log inerror mulu udah download 4x ga log in,NEGATIF
bagus suka recomend banget dapet kenal temuin orang sopan friendly banget,POSITIF
aplikasi nya bagus tolong bayar nya gratis,POSITIF
aplikasi bagus akun sombong bio nya,POSITIF
download bagus gak ngerti udah ngerti hehe terimakasih,POSITIF
daftar gak masuk sds tampil bahasa jepang,NEGATIF
ga cuman ajar inggris tp bs practicing skill writing db speaking recommended parah ges orang2 seru2 cmn ad mesum dn tp bs tinggal blok aja,POSITIF
cari teman2 ajar bahasa mudah,POSITIF
bagus ajar interaksi orang,POSITIF
gimana sih pas pake photo profil ambil galeri tulis eror mulu,NEGATIF
bantu ajar bahasa asing,POSITIF
ajar bahasa teman ama orang asik oi,POSITIF
3 daftar tidaj login,NEGATIF
buang buang kuota nunggu verifikasi hari ga kunjung selesai ga respon,NEGATIF
tandem bantu ajar bahasa asing,POSITIF
aplikasi aneh ga buka daftar ,NEGATIF
terimakasih aplikasi bagus tau teman minggu dan teman orang jepang ,POSITIF
suka aplikasi ajar teman,POSITIF
tukar pesan orang jepang aplikasi sungguh bantu,POSITIF
bagus bantu ajar bahasa asing,POSITIF
instal udh tulis korea keluar gmn cr ganti k indo ato k bhs inggrisny,NEGATIF
ya masuk aplikasi tandem  tolong baik,NEGATIF
cocok utk ajar bahasatetali cari jodoh,POSITIF
bagus aplikasi nya bantu cari sahabat negeri ,POSITIF
bagus langsung teman negara thanks a lot,POSITIF
aplikasi simple utk ajar bahasa inggris,POSITIF
baguss foto ganti foto profil,POSITIF
susah login yaa udh ku coba tpi tetep ga tt login nya kudu pke apaaaaaaa kumahaa,NEGATIF
bagus ajar bahasa teman negara laen,POSITIF
biasa bantu sukses aplikasi ini,POSITIF
aplikasi bagus ajar bahasa asing,POSITIF
aplikasi sih upload foto aja kaga kelar kelar mending uninstal aja,NEGATIF
so far bagus teman,POSITIF
bismillah moga ketemu jodoh dgn orang langsung kasih 5 bintang moga bantu suami serius nyata hubung nikah jangka ,POSITIF
buruk akun banned alas,NEGATIF
joinsemoga nambal skill,POSITIF
akun kebanned langgar gajelas,NEGATIF
ko tandem gabisa open chat roomaku udah coba ulang kalk tetep gabisakesel jadinya--,POSITIF
perfect banget aslik  suka banget orang orang baek baek  niat ajar merek bantu ajar,POSITIF
apknya ngelag diinstal pdhl udah 100 trus macet kya jalan raya ajhmwehehe,NEGATIF
seru banget apk nya,NEGATIF
aplikasi ngga abisabissin kuota aja udh donwload ngga login jelek parah,NEGATIF
bagus kendala apa moga kedap masalah,POSITIF
keren aplikasi nya ajar bahasa inggris orang,POSITIF
acc nya banget 7 udh 7 gk selesai,NEGATIF
ajar bahasa orang,POSITIF
gk suka banget tandem nunggu siiii udah coba 5x gk suka banget,NEGATIF
mantap tambah wawas bahasa,POSITIF
update buka,NEGATIF
gak ngerti masuk tulus cina coba indonesia bahasa inglish instal 2 kali hapus,NEGATIF
suka banget aplikasi temu teman negara,POSITIF
bagus lancar bahasa inggris teman,POSITIF
muas rakjel duit hilang mana tutor bahasa gratis all hail ym ngademin,POSITIF
bahasa korea instal yg tau gimana ngatasinnya,POSITIF
bayar via gopay bayar tandem certificate gagal tim tandem mohon bantu,POSITIF
lumayan bayar translate bahasa nya hedeh,POSITIF
aplikasi bagus kawan negara,POSITIF
aplikasi nya bagus banget alhamdulillah jd teman negeri,POSITIF
bantu ajar  ,POSITIF
tingkat yaa developer tpi udah bagus,POSITIF
    2           2     ,NEGATIF
tarik inti senang bagi unduh aplikasi,POSITIF
pny bayar gitu ngk kalo ngk gimana sih ngk bayar,NEGATIF
verifikasi login minggu tunggu,NEGATIF
keren tambah wawas ajar bahasa,POSITIF
bantu buka,POSITIF
aplikasi mendafar temu teman,POSITIF
nya reating nya 3 pas log in gak gimana sihh,NEGATIF
ga ngerti pakenya bayar ya,NEGATIF
kasih bintang 2 apknya suruh nunggu 7 make apknya ribet banget,NEGATIF
aplikasi yg bagus ajar bahasa,POSITIF
nunggu 7 dlu pakai dah gtu pas 7 nya gak benerin tolong kalau ga benerin ya habisin kuota aja,NEGATIF
terimakasih satu ajar bahasa negara,POSITIF
moga ajar bahasa aplikasi,POSITIF
login,NEGATIF
            ,NEGATIF
sahabat akrab negara karna aplikasi thx ya sdh temu semua,POSITIF
bagus nge latih komunikasi,POSITIF
halo kaa  tidakk langgan tamdem gopay tarik 500rb lebihhh inginn uang  tandemm,NEGATIF
suka aplikasi aplikasi teman orang negeri,POSITIF
bagus ajar bahasa,POSITIF
tolong fitur hapus pesan gak,POSITIF
gin sih apknya ga udah masukin akun belanja jelek bngt tolong baik kalo komen ga dibales cuman diread doang,NEGATIF
seru kenal orang asing aplikasi cari jodoh aamiin hahahaha,POSITIF
masuk apknya,NEGATIF
bagus apk nya udh nggk kayak yg skrng,POSITIF
good ajar bahasa asing,POSITIF
good aplication but tolong harga diturunin,POSITIF
ajar main kayak sih asyik,POSITIF
dengar suara orang telpon,POSITIF
bukak bahasa langsung habasa mandarin  cina bahasa indonesia english sajah,NEGATIF
aplikasi latih improve bahasa,POSITIF
senang ajar bhs,POSITIF
aplikasi yg dicari2 umur hidup ga rugi klo bayar terima kasih tendem,POSITIF
gak loginpadahal coba,POSITIF
bagus bgt ajar bahasa asing,POSITIF
gabisa masuk banget veriffkasinya,NEGATIF
party button layar joint party exchange language,NEGATIF
aplikasi bgus utk nolep anti kamera kaya gw g cck main msa iy d suruh upload ft pribadi full muka bsa aja si gw nyonlong ft d ggl tp ksi ft org yg gw colong yah jdi ksimpulannya gw gjdi mainin cmn krn d suruh upload fto,NEGATIF
ajar bahasa asing mudah,POSITIF
proses masuk aplikasi tandem,NEGATIF
maaf sulit akun bahasa saji dg huruf korea bahasa inggris fyi aplikasi bayar 7,POSITIF
kerennsih bayar bulan gabisaaa diginiin haha,POSITIF
mudah teman negara,POSITIF
thanks sedikit2 ajar bahasa,POSITIF
apk nya ga error pas login,NEGATIF
aaaaaa bagus banget asliii improve english gw bangett kenal jugaa cici cici koko aaa asik bgt kenal tuu,POSITIF
aplikasi nijaringn 4g gak,NEGATIF
ko apk pke nya hangul buta hangul gmna bahasa indonesia in please help me,NEGATIF
udah masuk fto profil tpi email q knpa gk masuk yakok suruh nunggu 7hari,NEGATIF
suka ngobrol cewek banyak tampil cowok tolong bik,POSITIF
bagus bangetsih yg macem macem gercep banget lapor,POSITIF
login kali kali gagal ya gimana,NEGATIF
udah daftar masuk yaa mohon jelas thanks,NEGATIF
kereen ajar bahasa  teman orang asingbahkan hubung istimewa,POSITIF
gabisa masuk ya dulumah enak lancar,NEGATIF
best sih nunggu 1 minggu registrasi jamin ga kecewa deh,POSITIF
bodoh goblok ni aplikasi udah tau ajar bahasa inggris tau pakek inggris bingung no recommended,NEGATIF
install buka,NEGATIF
keren nambah wawas bahasa,POSITIF
waw bahasa inggris teman trimakasi ruang guruuuu,POSITIF
aplikasi bantu temu orang bagai negara,POSITIF
verifikasi email  alamat yg kirim email sya verifikasi not found,NEGATIF
aplikasi bagus susah banget buka,NEGATIF
sy bhasa inggris sy bagus benarmaka sy download aplikasi,POSITIF
error trus masuk,NEGATIF
aplikasi nya baguss tapi banget updet ,NEGATIF
ya ampun udah 3 kali download ga njing byar kali yah klo new msh gratis iya sih,NEGATIF
pakai translate,POSITIF
app sampah masuk,NEGATIF
ken ajar bahasa inggris instal langsung tanya bahasa inggris  erti yah uninstal,NEGATIF
i don t like this apk knp masuk tunggu 7hari dlu and sy udh nunggu smpe 7hari ttp blm bs,NEGATIF
sayang banget bayar,POSITIF
suka aplikasi udah nyoba aplikasi chat orang negeri aplikasi orang sopan2 ,POSITIF
bagus banget sayang bayar,POSITIF
bagus banget nggak nyesel pokok top banget silah download bestaiiiiiiii,POSITIF
assalamualaikum moga aplikasi gratis bayar bayar mendownload cari aplikasi gratis bayar mudah ajar bahasa arab terima kasih arif irama sandang tunanetra kalimantan timur moga pelopor sehat amin ya robbal alamin assalamualaikum warahmatullah wabarakatuh kasih bintang 1 ya,NEGATIF
bad application pakai aplikasi bayar,NEGATIF
seru banget kenal teman,POSITIF
dear tandem voice call vidio call teman mohon bantu,POSITIF
udah tunggu 3minggu tetep masuk sebel ahsjjzhsjjahska,NEGATIF
alhamdulillah jumpa kakak yg banget sama2 indonesia syukur temu dgnnya dgn aplikasi,POSITIF
suka banget yangaku dapet orang thailand mentangmmentangaku suka thailand ,POSITIF
daftar udh langsung suruh bayar gimana sih,NEGATIF
aja udah download daftar wajib pakai foto wajah sendiridahlah males,NEGATIF
guru alam ku temu ramah,POSITIF
bantu ajar bahasa temu teman teman,POSITIF
filter cari teman ngga muncul skrng hde tpi thnks bgt si brkat ni apk gw dpet pcar bule wkwk,POSITIF
nau log in tapj bahasa korea yaa ga ngerti,NEGATIF
stuck three questions bantu atas,POSITIF
udh 7 tp app,NEGATIF
gak masuk aplikasi ih,NEGATIF
seru kawan rekomendasi teman aja,POSITIF
bayar ya gak gratis gk,NEGATIF
chat kehapussss orang yg nyambung ngobrol nya huhu tolong kenapaa pas cari ga adaa,NEGATIF
bagus banget dapet teman,POSITIF
bagus  teman  suka ayo download,POSITIF
baguscm sayang kadang lot,POSITIF
keren suka bgt nemu remen ajar bhs inggris,POSITIF
orang blokir orang bahaya ngajak ngedate ngak ngerti lapor ngeblock salah satu ngajar,NEGATIF
halo tolong langgan aplikasi saldo potong,NEGATIF
gmna ubah bahasa app bahasa indonesia,NEGATIF
suka banget apk kenal orang humble pokok download deh,POSITIF
terjemah ya tdk ad,NEGATIF
suka masuk loadingnya,NEGATIF
crash error,NEGATIF
dulumasalah masuk aplikasi,NEGATIF
aplikasi baguskarena aplikasi teman thank youuuuuu,POSITIF
keren aplikasi nya bantu,POSITIF
daftar aplikasi pas masuk,NEGATIF
ajar bahasa syukur jodoh ya ,POSITIF
aplikasiny seru teman negara ,POSITIF
tandem teman ramah negara,POSITIF
bahasa prancis muncul gak ngerti   hmm,NEGATIF
udah 10 acc ,NEGATIF
punya koq pake bahasa korea ya gak ngerti tolong jelas nya dong,NEGATIF
gua eror min registrasi pilih photo profil eror mulu,NEGATIF
ya download bahasa udah bahasa spanyol aja,NEGATIF
abis daftar gak langsung masuk ya tolong gimana,NEGATIF
aja tambah fitur hapus pesan dong,POSITIF
ga napa napa kena banner sih aneh aneh aja ku ksih bintang 1 krna aplikasi jelek bgt,NEGATIF
nggak buka ya kemaren ,NEGATIF
tolong tambah bahasa aceh pilih bahasa,POSITIF
unduh henti 80,POSITIF
profil susah nya atur,NEGATIF
suruh nunggu 7 sampe 14 tunggu aja ga login bego,NEGATIF
bad application salah apa banned,NEGATIF
login 7,NEGATIF
apk bayar ya kali main,NEGATIF
orang ramah neng banget ketemu aplikasi ini,POSITIF
moga mudah ajar bahasa asing,POSITIF
tingkat eror,POSITIF
gabisa masuk klo mao masuk bayar dlu gw free,NEGATIF
download ko udh kasih bahasa russiasaya erti,NEGATIF
gak masuknunggunya 7 masuk,NEGATIF
bagus banget aplikasi nya udah ketemu temen,POSITIF
bagus bangettt cm 7 gratis huhuhu kenal an dr bebagai negara sopan,POSITIF
apk cari pacar alhamdulillah ntapss terima kasih tandem,POSITIF
instal aplikasi ga pakai,NEGATIF
habis update g bsa buka,NEGATIF
suka banyak cari jodoh dar ngbrol,POSITIF
bayar download buang buang kuota doang,NEGATIF
bagus banget temen negeri,POSITIF
senang obrol orang negara ajar,POSITIF
bagus bangetaku pacar china bangetsampe ngasih uang make up makasih bangetberkat tandem pacar yeahh,POSITIF
ga login,NEGATIF
4 dulusoalnya mesti bayar utk upgrade,POSITIF
maaf kasih bintang 2 tunggu 7 mas masuk,NEGATIF
udh lma g login,NEGATIF
keren nambah temen negeri,POSITIF
nunggu banget invite ajja klw ga kudu bayar,NEGATIF
hati hati dlm sosial yg modus tipu sin,NEGATIF
jngin ajar bahasa asing,POSITIF
aplikasi terbaikterimakasih tandem,POSITIF
tandem blank hitam tdak bsa buka baik2,NEGATIF
kenal bule pacar orang bule,POSITIF
tandem block apa larang,NEGATIF
senang ajar tambah teman,POSITIF
kasih bintang 5 coba,POSITIF
seru detik alhamdulillah gak ketemu tipu hahaha,POSITIF
kak maaf ga masuk udah nunggu 7 tolong bantu kak terimakasih,NEGATIF
bagus banget apk nya,POSITIF
aplikasi teman negara,POSITIF
app nya bagus nal dg bnyak orang,POSITIF
bantu teman,POSITIF
coba download tunggu 7,POSITIF
nemu temen baruu kadang yg pervert udah engga,POSITIF
bikin 5 kali banned teruspadahal salah,POSITIF
bagus jarang ngasih bintang aplikasi br kali ngasih bintang aplikasi bintang 5 lg,POSITIF
mauu daftar apk aja susah pake bnyk lgi,NEGATIF
yg rame nyari oppa korea ga sii,POSITIF
bagus bangt sih tinggal tambah translate ajah biar enak,POSITIF
login langsung bayar,NEGATIF
nunggu 7 buka,NEGATIF
bagus aplikasinyadisini teman negeri,POSITIF
nice app ajar orang2,POSITIF
apk buka,NEGATIF
gk maka tandem ku suruh nunggu 7 gak habis habis 7 hari,NEGATIF
bagus banget apknya belajarbbahasa ehh dapet jodoh wkwkw,POSITIF
pro in ya buka,NEGATIF
data guna hack salah tahu guna,NEGATIF
aplikasi bagusdpt bnyk tmn dr app,POSITIF
blokir apa yg aneh aneh,NEGATIF
nunggu 7 g masuk,NEGATIF
aplikasi gak ga masukdi beranda,NEGATIF
bgt ya ga buka udh lbh dr minggu,NEGATIF
bantu teman,POSITIF
good very good nemu temen org haha,POSITIF
aplikasi mata hati buka,POSITIF
aplikasi nya bagus jdi temen,POSITIF
suka aplikaai bagus,POSITIF
login akun tulis something wrong,NEGATIF
bangke gak ganti foto,NEGATIF
bantu gak ngerti pakai nya bayar ya  ga free material nya,NEGATIF
bamget temen temen chinanya bantu ajar bahasa china,POSITIF
good aplikasi suka bangettt,POSITIF
aplikasi berbayarjangan didownload,NEGATIF
alhamdulillah cakap dgn org asing tdk yg aneh,POSITIF
aplikasi yg bagus recommended,POSITIF
tampil bahasa korea,NEGATIF
maaf meng-uninstal apk apk bayar,NEGATIF
bayar masuk aplikasi tandem,POSITIF
bayar pake bahasa korea ya instal,NEGATIF
good beli,POSITIF
suka tandem tandem keren cinta tendem,POSITIF
asik chat ajar bahasa,POSITIF
ga bs masuk ya pdhl sdh daftar smp hapus lg skg aq donlot lg tp msh blm bs msk jg piye iki,NEGATIF
terima kasih bantu kenal orang dunia ,POSITIF
login,NEGATIF
akun hack orang kenal handphone hilang mohon bantu,POSITIF
anjing 7 br bs gratis uninstal,NEGATIF
upload foto aja gk trs,NEGATIF
nggak pakai ampelikasi,NEGATIF
apasih ko maksa bet premium  gasuka bangettttt,NEGATIF
bru download bayar ccd ah,NEGATIF
aplikasi bagussangat bantu,POSITIF
udah nunggu 7 ga masuk bang,POSITIF
the best orang nya sopan sopan,POSITIF
aplikasi manfaat  mantap,POSITIF
aplikasi bagus,POSITIF
4 ya kalo udah paham nilai yg,POSITIF
bagus aplikasi nya cuman bingung aplikasi bayar,POSITIF
aplikasi bagus,POSITIF
nunggu 7 login,NEGATIF
download bantu sruh tunggu laku,POSITIF
gak bis masuk akun google facebook kecewa,NEGATIF
bagus si ngk tau ngomongin tt ajarin bahasa gimana,POSITIF
aplikasi baguss,POSITIF
keren kasih gratis horeeee,POSITIF
apaansih susah banget ganti foto,NEGATIF
suka aplikasi teman,POSITIF
daftar ribet sih,NEGATIF
log in nya 7,NEGATIF
bagus ktemu tmen,POSITIF
daftar suruh nunggu sampe 7 keburu jenggot tumbuh,NEGATIF
sayang orang unjung alih pro,POSITIF
pake apps 2016,POSITIF
aplikasi nya bagus gak ribet,POSITIF
gk upload,NEGATIF
bagus banget nambah temen yg ga nanggepin karna foto profil pakai jilbab kah,POSITIF
suka bincang fatma wanita hati buka ajak diskus,POSITIF
bagus banget aplikasi gw nemu cwe disni ggwp pokok,POSITIF
bantu,POSITIF
bagus bangettt dapet temen alam,POSITIF
mudah ajar bahasa,POSITIF
bayar pro uang ,POSITIF
suka senang apk,POSITIF
tandem kagak buka,POSITIF
aplikasi sial komentar bagus cuman nipu aja  anjirrrrr download,NEGATIF
ya masuk melulu,NEGATIF
susah masukgimana daftar ,NEGATIF
gw saranin lu download aplikasi mantep dah nih aplikasi,POSITIF
bantu terimakasih,POSITIF
ngobrol bahasa asing orang asing,POSITIF
proses daftar,NEGATIF
gue pas masuk langsung suruh bayar si gue gratis,NEGATIF
kalo bagus 5 ok trims,NEGATIF
appnya lumayan bagus,POSITIF
bantu,POSITIF
coba deh pake bagus,POSITIF
yaa hrus tunggu aplikasi yg tau mohon info,POSITIF
terimakasihh manfaat,POSITIF
nemu nemunya bagus bgt asliiu,POSITIF
akun masuk ya udh minggu,NEGATIF
seru temu orang dunia,POSITIF
dapet temen orang rusia mulu njirrrr bagus da transtenya wkwkwk,POSITIF
app keren bagus,POSITIF
aplikasi bagusss,POSITIF
aplikasi ketemu orang bener ajar,POSITIF
fungsi,POSITIF
terimakasih dengar oceh ku tandem,POSITIF
coba bingung kerja,POSITIF
gimana gunainnyakok udah 7 aja g make,POSITIF
kenal teman penjuru dunia,POSITIF
bahasa korea bingung,NEGATIF
mensetting gender bicara lawan jenis,POSITIF
udh 2minggu ga bsa d buka buka,NEGATIF
aplikasi,POSITIF
aplikasi buka,NEGATIF
suka aplikasi,POSITIF
suka sih teman,POSITIF
yah teman  kendala,POSITIF
teman bagus,POSITIF
sunyi sih karna gak bayar ya,NEGATIF
aplikasi aman,POSITIF
oke terimakasih cipta aplikasi,POSITIF
apk nya bagus bgt sih orang yg gunainnya positif positif gitu,POSITIF
bagus aplikasi nya,POSITIF
teman hilang ya,NEGATIF
aplikasi bagus sukaa,POSITIF
baguss bangett woyyy beneran dah kagak boonggg,POSITIF
aplikasi bayar lumayan mahal njir,NEGATIF
mantap nih apk nya,POSITIF
bantu bangettt,POSITIF
tuh app bayar y gk jdi deh,NEGATIF
bagus bgt lansung dpt teman negara,POSITIF
pokok apliaksi tukar bahasa ,POSITIF
gue join aplikasi serius udah teman china ,POSITIF
aplikasi banget,POSITIF
suruh bayar suruh nunggu 7,NEGATIF
bagus si bayar ya,POSITIF
bagus suka aplikasi,POSITIF
alkhamdulillah makasih tandem  berkat tandem meni orang eropa,POSITIF
bagus aplikasi,POSITIF
bnget dpt app,NEGATIF
nggk d i download,NEGATIF
sih nunggu 7 hari ga ngerti,NEGATIF
didik thanks tendem,POSITIF
bagus banget aplikasi ,POSITIF
aplikasi bagus,POSITIF
aplikasi bagus,POSITIF
gmn sih bkn akun gbisa msk email,NEGATIF
udah masuk 8,NEGATIF
ga ga buka,NEGATIF
app nya bagus bngt,POSITIF
app yg bener,POSITIF
aplikasi bayar sepenuh,NEGATIF
bagus mula,POSITIF
mantap byk teman mancanegara,POSITIF
aplikasi bagus,POSITIF
bagus aplikasi wajib coba,POSITIF
bagus,POSITIF
seru temu orang2 asing,POSITIF
daftar gabisa ya,NEGATIF
aplikasi bagus,POSITIF
gue nunggu 1 minggu lg akun gimana sh tolong,NEGATIF
bagus banget udah dapet teman korea loh china,POSITIF
bagus banget kerennnn,POSITIF
gimana buka chat,NEGATIF
lumayan teman,POSITIF
bagus banget udah no regret,POSITIF
bantu,POSITIF
bagus,POSITIF
tunggu minggu br masuk,NEGATIF
tarik,POSITIF
aplikasi bagus,POSITIF
bantu,POSITIF
baguss install aja mutu,POSITIF
aplikasi,POSITIF
,POSITIF
udh tunggu 7 ga proses yalama,NEGATIF
aplikasi bagus,POSITIF
aplikasi gen untung buruk isi ,NEGATIF
paham dgn aplikasiny jdi unistal deh,NEGATIF
kenap hp sya tulisanx cina  sya ajar,NEGATIF
baik ya,POSITIF
asik sih sungguh senang,POSITIF
suka aplikasi nya,POSITIF
mantap langsung pdkt bule,POSITIF
mantap nih hahahahhahaahahaha,POSITIF
masuk bahasa russia  ngerti saiya ,NEGATIF
finally dapet temen jepang ha cuek,POSITIF
paksa langgan sih,NEGATIF
makasih udh nemuin gw ama cogan  canda zheyenk ,POSITIF
kirain gratis masuk aja bayar,NEGATIF
senang pakai aplikasi,POSITIF
ga login yaa,NEGATIF
bantu,POSITIF
udh baned 3x sih pdhal ga ngapa2in aduh mna dftar hrus nunggu 7 lgi,NEGATIF
aplikasi yg bantu,POSITIF
lancar,POSITIF
cewek rusianya cantik cantik,POSITIF
insha allah temu orang baikjadigunakanlah aplikasi sesuai butuh berlebihankalau yg godain kamureport aja tandem teamdan orang yg report gak masuk app lagiaku temen cewek 2 rusiadan harga muslimterima kasih tandem teamkeep up  go on,POSITIF
bagus aplikasi,POSITIF
mengasikkan,POSITIF
wow bagus suka,POSITIF
keren  udah temen banget,POSITIF
nyoba dlu klo bagus tambah,POSITIF
bintang 4 gan,POSITIF
bayar males ah disuru bayar apk balajar aja bayar,NEGATIF
gak gratisssss  bayarrrrr terosssssssssss,NEGATIF
login,POSITIF
ga daftar ya,POSITIF
enak banget hehe,POSITIF
eror ya,POSITIF
terimakasih bantu,POSITIF
nunggu minggu ni yaelah sabar,NEGATIF
bagus,POSITIF
mantap  bnyk dapet kawan bule,POSITIF
apk nya keren,POSITIF
bagus,POSITIF
download,NEGATIF
ngga app nya,NEGATIF
bantu,POSITIF
gilak ye gw males banget nih klo tunggu 7 gw kasiih bintang 1 klo dh 7 gw kasih 5 bintang,NEGATIF
akun gue blokir butuh jelas,NEGATIF
bantu,POSITIF
bantu,POSITIF
ga log in gmna,NEGATIF
coba hasil nya,POSITIF
mantul app nya,POSITIF
dapet temen rusia yg baik2 bgt thanks,POSITIF
nggak buka,NEGATIF
bayar ya gratis,NEGATIF
buka why,NEGATIF
bantu,POSITIF
nambah teman nambah alam nambah ilmu,POSITIF
,POSITIF
aplikasi yg bagus,NEGATIF
manfaat,POSITIF
nicebagusteman tolong,POSITIF
dapet teman kasih 4,POSITIF
bagus,POSITIF
udh nuggu 7 gabisaa,NEGATIF
free umur hidup bintang 5,POSITIF
tunggu 7 maksud,POSITIF
keren temen sampe tangan ge gel balas chat wkkkk,POSITIF
akun gw bannned pdhl gak ngapain,NEGATIF
mantaf teman jepang,POSITIF
bantu,POSITIF
bayar,NEGATIF
pilih indonesia ya,POSITIF
aplikasi nya gokillllllllllll,POSITIF
aplikasi bayar,POSITIF
kagak pake 7,NEGATIF
bayar hhe,NEGATIF
bagus orang seru,POSITIF
kimbek habis kuota kuu nyesell banget,NEGATIF
bayar kirain gerat,NEGATIF
parah g daftar,NEGATIF
aplikasi oke,POSITIF
langgan,NEGATIF
apkasi nya bagus,POSITIF
ga masuk,NEGATIF
bagus sekaliiii,POSITIF
mannteplangsung dapet cewe rusia bos v,POSITIF
aplikasi wow,POSITIF
bagus,POSITIF
temu orang sebenernya tipe ku banget ,POSITIF
sy pikir gratis tau bayar,NEGATIF
kasih 1dulu vc bule bru kasih 5,NEGATIF
bayar gimana,NEGATIF
nemu kaya aplikasi ini,POSITIF
gue temen rusia euy,POSITIF
aplikasi baik,POSITIF
gimana daftar,POSITIF
keren dah poko,POSITIF
dih si ko bayar mata duit,NEGATIF
aseeeek teman,POSITIF
gk didownload,NEGATIF
pelit ilmu hitung,NEGATIF
bagus aplnya,POSITIF
accept nya,NEGATIF
suka cuman bayar,POSITIF
kmprt kirain gratis duh nyesel guaa,NEGATIF
mantap deh pokok ,POSITIF
juta teman wahahhamakasih tandem,POSITIF
nghekey dapet temen turki yeay,POSITIF
baik ye,POSITIF
apk nya bayar ya,NEGATIF
bagus app nya,POSITIF
aplikasi ga,NEGATIF
,POSITIF
aplikasi bayar,NEGATIF
kerennn bnyk temen,POSITIF
suka,POSITIF
nyoba ok,POSITIF
in gi y daptar nya,NEGATIF
fani pakai aplikasi,POSITIF
bayar dluan bru mo ta buka dpe aplikasi,POSITIF
udh 7 woi ntar gw ganti klo bsa buka,NEGATIF
bagu aplikasi ,POSITIF
banned sih salah,NEGATIF
teman ,POSITIF
temu teman,POSITIF
orang aneh,NEGATIF
nunggu 7 jing,NEGATIF
gk pakai,NEGATIF
jngn d download ntar nyesel,NEGATIF
seru sih temen,POSITIF
bayar,POSITIF
langsung dpt jodoh jirr,POSITIF
bayar,NEGATIF
