comment,VALUE
"Aku jujur sebagai introvert ga terlalu enjoy gara-gara aku ga suka bersosialisasi dengan manusia dan lain-lainnya (Introvert stuff) , aku agak kurang ngerti cara pakainya tapi kek nya aplikasi ini digunakan oleh sebagian extrovert, itu aja si",NEGATIF
cocok jga buat yang may belajar bahasa dan menambah teman juga,POSITIF
"Aplikasi ini menurut ku bermanfaat, tetapi tidak bisa mengirim kan video, hanya bisa mengirim foto, tolong segera di update fitur nya",POSITIF
"maaf kenapa ya ga bisa di translate padahal aplikasi nya bagus, berguna tapi kok ga bisa di translate, mana harus bayar",NEGATIF
Aplikasi nya bagus disini TPi menurut aku jgn di salah gunakan disini ok😊. awalnya aku pas pertama pakai apk ini bingung TPi lama kelamaan jd kebiasaan jg.,POSITIF
bagus banget untuk bisa belajar dan mengerti beberapa bahasa yang kita sukai,POSITIF
"setelah di update aplikasinya jadi jelek. chat banyak hilang, kadang2 jg error, tolong diperbaiki",POSITIF
Bagus buat interaksi sama orang-orang yang juga mau belajar bahasa.,POSITIF
Udh di update tapi tetep aja gabisa call. Tolong diperbaiki.,NEGATIF
Aplikasi ini sangat bermanfaat untuk orang orang yang sedang belajar bahasa asing seperti saya.,POSITIF
Menunggu 7 hari lama banget beda sama aplikasi sebelah yang lebih bagus,NEGATIF
"Diterima pendaftarannya cepat.. Bingung jg kok ada yg bilang lama, ga sampai sejam udh d acc.. Masih d coba apk nya..",POSITIF
baguss sihh cuma yg mau pake pro ga ada duit hehe,POSITIF
"Bagus banget, bisa filter sesuai keinginan, bahasa, negara gender, usia.. keren deh. Dan kbnyakan serius untuk belajar bahasa.. fiturnya juga hampir sempurna untuk belajar, hanya sj kl untuk mengulang2 pelajaran agak susah scrollingnya, gak ada fitur ""search"" nya..",POSITIF
Aplikasi yang sangat banyak kelebihan nya dan apk ini lebih dari pada apk bahasa lain nya yang kurang nyaman dipakai....saya menyarankan agar membuat fitur grup hingga ketika kita berkomunikasi dengan yang lain tidak cangggung...Thanks Tandem..⭐⭐⭐⭐⭐,POSITIF
"aku suka banget apk ini karena bisa dapet banyak kawann😆 tapi aku tidak bisa jadi premium.. padahal aku ingin🗿, tpi gpp lah yg penting dapet temen😆🙏🏻🙏🏻🙏🏻",POSITIF
Aplikasi yang bagus untuk belajar bahasa asing,POSITIF
"masih baru, mungkin update review nanti, menarik menarik",POSITIF
"Disuruh tunggu 7 hari udah 12 hari tetep ngga bisa buka, gue hapus lagi udah ngga mood lagi.",NEGATIF
Saya baru pertama kali memakai aplikasi ini semoga bisa bekerja sama dengan baik dan amanah selalu,POSITIF
mantap. baru beberapa menit udah dapet kenalanan,POSITIF
Baru pakai 3 hari tapi rasanya sudah jatuh hati dengan ini app walaupun baru dapat 2 orang yang diajak ngobrol mesin translatenya juga sepertinya lebih bagus dari gtranslate (baru coba bahasa Jepang sih gak tau kalau bahasa lain yang sulit grammarnya) benar - benar kurekomendasikan untuk orang yang ingin belajar asing dan ingin punya pertemanan internasional. Ini benar - benar gratis kok walaupun ada beberapa fitur yang dibatasi untuk premium tapi tetap menjanjikan kok.,POSITIF
keren si bisa nemu temen baru dari berbagai negara,POSITIF
awal2 pemakaian byk bgt iklan tp setelah dipake terus gak lagi ..pokok.nya enak juga berkomunikasinya🥰😍😍👍,POSITIF
"aplikasi sangat bagus dan mudah digunakan, memudahkan kita berkenalan dengan orang-orang dari berbagai negara",POSITIF
Baguss. Tapi mau saran bis ngak ditambahin chat di bagian party. Jadi kalau keluar bisa kasih salam dulu walaupun yang lain masih ngobrol. Jadi ngak ganggu.,POSITIF
"Aplikasinya bagus tapi kenapa akunku kebanned terus,udh buat 4 kali kebanned semua,gila emang... padahal aku gak melakukan kesalahan,aneh banget Tolong lah jangan di banned gara"" kebanned temenku ilang semua",NEGATIF
sangat bagus dan bermanfaat menambah ilmu dan saya hari pertama pakai sudah banyak orang beda dengan hello talk,POSITIF
Tandem sangat membantu saya untuk belajar bahasa lain. Selain itu featurenya juga sudah bagus. Kalian akan dipertemukan dengan native2 yang memang kalian ingin pelajari bahasanya. Menambah lingkup pertemanan saya juga dan skill bahasa saya semakin terlatih. Ini sangat bagus,POSITIF
"gua kira gratis, ternyata masih bayar, juga ribet masih banyak ini itu",NEGATIF
sangat bagus bagi yang ingin menemukan teman dan belajar bahasa asing,POSITIF
"Selama 3 bulan saya memakai Tandem menurut saya aplikasinya cukup bagus, tetapi ada 1 kekurangan menurut saya dari Tandem yaitu tidak adanya fitur hapus pesan. Tolong untuk update yang selanjutnya sediakan fitur hapus pesan.",POSITIF
"Aplikasi yang sangat bagus bagi orang yang benar-benar ingin belajar bahasa! Orang-orang pengguna Tandem kebanyakan memang serius belajar bahasa, tidak hanya untuk main-main saja. Jadi, untuk kalian yang benar-benar ingin belajar bahasa dan menghindari perverts, aplikasi ini jawabannya. Saya nggak bilang Tandem bersih 100% dari perverts, tapi kebanyakan orang yang saya temui di sini nggak punya maksud macam². Thanks Tandem for the nice experience ❤ Walaupun bayar, tapi app ini worth it banget!",POSITIF
"Kok ga di tampil in chat nya , apa harus update ke pro baru ditampilkan chat yg sudah lalu ?",NEGATIF
"Aplikasi ini sangat membantu bagi yang mau belajar bahasa,,ga cuma bahasa inggris ada banyak bahasa lainnya di dunia ini,, selain itu bisa dpt teman baru loh ga cuma org indonesia aja tapi juga bisa temenan sama org asing!!! Seruu dan menyenangkan",POSITIF
Pokonya the best aplikasi nya. Seller nya baik banget .Saya kan pernah login untuk nyoba aplikasi ini. Trus abis itu saya uninstall kembali. Tapi lupa matikan langganan untuk satu tahun. Jadi uang saya di potong 500k lebih udah termasuk pajak. Tapi saya komplen dan akhirnya uang saya di balikin lagi 😀,POSITIF
"Aplikasinya bagus. Untuk orang Indonesia, bedain native dengan learn. Saya banyak menemukan orang Indonesia yang Native: English dan Learn: Bahasa Indonesia. Pas minta diajarin bahasa Inggris taunya juga mau belajar. Lah itu native English ngapain ditempel. Untuk yg nunggu 7 hari terus nggak bisa, mungkin foto kamu ada masalah.",POSITIF
Bagus banget buat latihan belajar bahasa asing,POSITIF
"aplikasinya sih bagus tapi ada juga orang yang modus dan banyak orang yang well keliatan sombong & annoying, mostly they didnt care lah ya 😅 susah juga nyari partner yang bener-bener mau bantu kita. dan untuk yang free version byk kurangnya 😅",NEGATIF
"bagus,banyak teman ditemukan disini",POSITIF
"Cara pakainya gimana sih kok katanya tunggu 7 hari emang kek, gitu ya??",NEGATIF
sangat bagus apknya,POSITIF
kenapa pas mau masuk di suruh nunggu 7 hari ya,POSITIF
"Kok gak bisa login sih,apk koontol",NEGATIF
"Tolong orang Indonesia bedakan native dan learn ya. native itu berarti kamu BISA bicara dalam bahasa apa, kalau learn itu kamu MAU belajar bahasa apa :) Notifikasi tolong diperhatikan ya. Saya sering terganggu sama suaranya. Lebih nyaman mode senyap/getar tapi aplikasi ini gak bisa dibuat silent Overall recommended",POSITIF
Aplikasi yang bagus banget dan sangat membantu untuk pemula. Orang-orangnya juga baik banget dan friendly. Kita bisa punya banyak teman dari berbagi negara sekaligus belajar banyak bahasa. Thank's Tandem💕,POSITIF
"Bagus, kenapa? Karena banyak banget aplikasi yang fungsinya sama kaya Tandem tapi kadang banyak banget yang pake akun palsu. meskipun aku baru pake 2 hari. well,Tidak ada yang aneh2 di sini dan kebanyakan mereka itu college student.ada tutornya juga lagi, mereka yang cuma pengen ngobrol juga ada.. tapi, mereka yg aku temui sopan2 😊.Cuma, saran aja,Aku kurang mengerti karena masih newbie.aku sdh coba search tentang ""Kenapa partnerku Online tapi, pesan tidak Delivered?"" tp ga nemu artikel ttg itu",POSITIF
"Aku pengguna baru di aplikasi Tandem, menurut ku aplikasi ini bagus, dan membantu aku dalam berbahasa. kita juga bisa mencari teman dari berbagai negara. Sebelum log in kita akan mengisi berbagai pertanyaan dari aplikasi Tandem. Seperti ; bahasa dan negara yang tertarik bagi kita, dll. jadi kita bisa menemukan teman yang negara nya kita udh pilih dengan cepat. Sukses terus Tandem!",POSITIF
"Aplikasi yang menyenangkan, saya harap lebih banyak fitur fitur menarik dan memudahkan tapi tetap ringan di penyimpanan memori handphone, Terlalu banyak fitur yang di batasi, tapi sejauh ini tidak mengganggu berlebihan.",POSITIF
"Sangat baik..cocok untuk kita yang sedang belajar bahasa luar,saya sarankan download aplikasi ini.bisa menambah teman diluar negri dan mencar pacar hahaha",POSITIF
"Tandem sekarang sangat berkembang menjadi lebih baik dan bagus dari sebelumnya , karena dulu saya pernah mencoba Tandem yang dulu kurang puas tetapi sekarang saya sangat terkesan . semoga terus berkembang menjadi lebih baik lagi. dan Penanganan tim Tandem untuk sebuah masalah penggunanya sangat baik.. saya merasa nyaman sekali di tandem. 🌸",POSITIF
"Terimakasih sudah melakukan pembaruan sistem. Saat ini, semua lancar tanpa kendala dan sangat terbantu dalam meningkatkan kemapuan berbahasa. saya menyarankan anda untuk menjadi pro member. Aplikasi ini sangat bagus 👍, Terimakasih banyak",POSITIF
"Apk nya bagus dan keren banget ,tapi kok aku liat banyak banget yang ketuker antara native dengan learns ya ? Misalnya ada orang Indonesia yang ingin belajar bahasa Korea tapi dia ngisinya native nya Korea dan learns nya Indonesia.mungkin kedepannya bisa diperbaiki biar nggak makin banyak yang ketuker antara native dengan learns",POSITIF
Aplikasi nya bagus bisa punya banyak teman dari luar .orng nya baik baik ngga ky app lain yang rada kurang sopan.tapi sayang kalo kita udah kirim pesan ngga bisa dihapus lagi :(.jadi kalo salah ya tetap kekirim huhu malu deh,POSITIF
"oh hii ☺️ aplikasi yang anda ciptakan sangatlah bagus. tolong di upgrade pesan suaranya bang biar kita mengirim pesan suara dalam bahasa Indonesia, tapi pas mereka dengar dalam bahasanya sendiri😅🙏 cape tau bolak balik Google translate trus☺️",POSITIF
"Aplikasi sih bagus. Ada banyak foreigner ( bule) juga. Tapi gimana ya.... Dari 20 orang yang saya kirimin pesan, yang bales cuma 1. Padahal ada buletan ijo nya, mereka online, tapi saat aku nyapa ngajak kenalan cuma di read doank 🥺😭😂 . Macam mana lha tu aku rasa. Sedih aku punya hati tuh, kek ngomong sendirian ama tembok 😭🥺😭",POSITIF
"Aplikasinya bagus,, hanya saya sedikit bingung. Sy yg salah atw yg laen yg salah ya.. Di profil tertera berasal dr Indonesia tp native bhs Inggris dan belajar bhs Indonesia.. Setahu sy native itu bahasa yg digunakan sehari2 adl bahasa Indonesia dan learning adl bahasa yg ingin dipelajari bahasa apa.. Tp knp pd terbalik native bhs Inggris dan learning bhs Indonesia tp di profil tertera ingin belajar bhs Inggris dan berasal dr Indonesia.. Bingung aku tuh...",POSITIF
Tandem is the best.....best than apk sebelah which harus pake lope lope gak jelas...kalo bisa di tambahkan fitur group atau chat room biar gak canggung karena cuman bicara berdua....saya tunggu fitur lanjutan nya....tapi sejauh ini saya merasa ini apk belajar dan cari teman terbaik yang pernah saya temui...😎,POSITIF
Aplikasi yang sangat bagus tetapi setelah update saya sering mengalami gangguan berupa ketika melihat pesan otomatis layar hp akan hitam dan aplikasi tidak menanggapi,POSITIF
"Berdasarkan pengalaman, untuk masuk ke APK ini tidak sampai 7 hari (padahal tulisannya tunggu 7 hari), saya bisa masuk 5 menit setelah mengisi profil. Jadi, coba kalian lihat G-Mail kalian, akan ada konfirmasi dari pihak sana, apakah kamu sudah bisa masuk/belum, kalau sudah dikirim, buka E-mail itu, scrool sampai bawah, nanti ada tombol untuk masuk ke APK nya, nah itu dipencet. Semoga membantu ya😊. Aplikasi ini sangat bagus dan membantu. Terimakasih developer😇😉.",POSITIF
"Sangat bermanfaat untuk belajar bahasa. Kita bisa dengan mudah untuk kenal dengan native speaker yang ada di luar negeri. 😁 Di awal setelah kita buat akun, nanti akan disuruh untuk menunggu selama 7 hari. Tapi ternyata, baru sekutar 1-2 jam akunnya sudha bisa digunakan. Terimakasih. 😁",POSITIF
"bagus banget apknya aku jadi banyak temen dari china karena emang mayoritas yang pake orang china, sejauh ini masih aman gak ada yang macem-macem ,tapi tolong dong terjemahnya masa cuma 3 kali setelah itu harus pakai pro, please terjemahnya gratisin aja, yang lain boleh deh pake pro, terimakasih",POSITIF
"Tau tandem dari salah satu vlog di youtube. Buat kalian yang baru tau, ini tuh aplikasi yang rekomended banget buat kalian yang pengen belajar bahasa asing dan menambah teman. Orang"" ditandem yang sy kenal tuh semuanya ramah"", baik, easygoing, friendly, pokoknya the best lah. Alhamdulillah saya sampai saat ini belum ketemu sama orang yang rude, mesum atau aneh"" gitu lah pokoknya. Karna ini platform buat belajar dan mengenal budaya satu sama lain jadi isinya ya orang"" yang emang mau belajar",POSITIF
"Bagus kok aplikasi nya, banyak ketemu orang luar yg baik2 juga. Tapi, buat kalian yg gk mau nunggu lama 7 hr, coba deh unnistal apps nya trus donwload lagi, biasa nya dia langsung bisa masuk tanpa harus nunggu selama 7 hr. Coba aja sih sp tau bisa, wktu itu aku kyk gitu gk sengaja kehapus wktu log in lagi langsung masuk aja.",POSITIF
"Buat kalian yang ingin punya temen manca negara, sangat recommended sekali. Aku sudah mencoba Apk ini sekitar 4 bulan. Hasilnya temen mancanegara ku lumayan banyak. Saya mendalami bahasa Rusia. Dan mereka ramah-ramah dan friendly. Tukar-tukaran pikiran, memperkenalkan budaya masing-masing, berbagi nickname Instagram. Mereka juga meluangkan waktunya untuk video call kadang ngajak dadakan. Aku kasih bintang 5 untuk apk ini. Walaupun ada yang berbayar tapi fitur nya sudah cukup lengkap kok.",POSITIF
"Lumayan buat membantu melatih b.inggris, bisa tau culture dari negara lain, dan dapat study partner. Gak ada orang yg aneh2 sejauh ini, ramah, mungkin karna emang sama2 tujuannya buat belajar bahasa👍",POSITIF
"Ketika masuk ke appsnya tidak ada pilihan bahasa apa yang akan dipakai, tau tau langsung bahasa korea. aku pikir isinya bakal sama persis dengan yang ada di ilustrasi, ternyata berbeda :( ini pertama kalinya aku memberi ulasan pada suatu aplikasi, jujur saya kecewa. tolong developer untuk di evaluasi lagi.",NEGATIF
"Aplikasi bagus banget. Keren, seru. Bisa belajar bahasa apa aja sekaligus nambah temen dari luar negeri. Bisa kenalan dengan orang2 baru seklaigus belajar banyak hal baru dari mereka. Pertama kali agak bingung karna pas daftar ada beberapa pertanyaan yang harus dijawab, baru keluar approval 7 Hari kemudian. Menuruku itu adalah hal yang amat sangat wajar, karna ini aplikasi bagus.. Jadi harus di sarig dari alay2 yang mau pake aplikasi ini seenaknya atau untuk iseng2 ga jelas.",POSITIF
"Appnya lumayan bagus,udah dapet temen mau belajar bahasa prancis di notifikasi ada pesan dari dia eh pas dibuka ko gada,akunnya juga tiba tiba ilang.ini tandem yang eror atau gimana mana belum di add jadi teman :(",POSITIF
Aplikasi positif dan serius untuk belajar bahasa dan bertukar kebudayaan Saya merekomendasikan nya. Saya belajar bahasa Perancis dan Spanyol. Saya mendapatkan teman asing yang ternyata rumahnya dekat tempat saya di negara nya. Saya suka apps ini karena aman dan jauh dari pengguna iseng yang gemar fliriting dan tidak mau belajar. Sukses buat tandem....,POSITIF
"Aplikasi yang bagus, bisa sharing sama orang"" baru. Bisa nambah temen juga. Tapi kenapa akhir"" ini jadi gampang error' ya? Tiba"" gak bisa di buka. 😫",POSITIF
Dengan mengunakan aplikasi _tandem_ kita bisa mencari dan berkomunikasi dengan seseorang dari luar wilayah dari yang kita bisa serta aplikasi untuk meningkatkan poin bahasa yang ingin di pelajari agar lebih paham dan fasih. Terima kasih..,POSITIF
"Sangat bagus, saya suka dengan aplikasi ini saya mempunya banyak teman dari seluruh dunia:) Tapi tolong kasih tau saya bagaimana mengganti umur saya, sudah saya edit tapi pilihan umur untuk saya tidak ada apa karna sudah diperbarui? Terimakasih:)",POSITIF
Bagus banget aplikasinya. Tapi lucu aja sih. Kebanyakan orang Indonesia tidak bisa membedakan native dan learn. Native : Bahasa asli (bahasa yg km bsa) Learn : belajar (bahasa apa yg ingin kamu pelajari),POSITIF
"Memang aplikasi yang bagus untuk memperluas relasi dan belajar bahasa, tapi belum lama saya menggunakan aplikasi ini, saya mendapat suatu pengalaman yang sama sekali tidak menyenangkan, saya merasa dilecehkan, saya terlalu trauma untuk mencoba lagi",NEGATIF
"Aplikasi yg sangat bagus, untuk latihan bahasa asing dan bisa berinteraksi dengan orang berbagai negara dan belajar bersama, memang ketika chat ada beberapa orang gak dibalas chat, tapi tidak apa-apa karena banyak juga yg respon kok. Mereka sangat sopan, banyak yg mau ngajarin dari bahasa mrk. Tentunya kita juga harus sopan.😉",POSITIF
"Hmm saya sedikit kecewa dengan aplikasi ini, memang awalnya bagus lancar dan cepat, tapi lama kelamaan menjadi lambat, tidak bisa mengirim pesan, bahkan tidak bisa masuk aplikasi, tolong untuk segera diperbaiki",NEGATIF
"Aplikasinya bagus bangett saya udah menemukan beberapa teman dari negara lain tapi belakangan ini aplikasi nya tiba² keluar sendiri, sampe gabisa masuk ratingnya saya turunin lagi jadi 1 , karna makin parah padahal udah di update.. Tolong dong diperbaiki lagi kualitasnya",NEGATIF
"Awalnya saya pikir berbayar, ternyata tidak..dan puji Tuhan, bisa melatih bahasa Inggris dan Ibrani saya melalui praktek dengan native speaker 😁. Kadang-kadang weak connection, tapi tidak terlalu menghambat, jadi aplikasi ini bagus.",POSITIF
"sangat tidak nyaman, setelah di perbarui apknya bukannya tambah nyaman tapi sangat mengecewakan.apk tidak bisa di buka dan selalu crash.",NEGATIF
"bagus banget buat cari referensi, tutor, atau temen ngobrol! fiturnya juga lumayan lengkap buat aplikasi inter-language . keep it up!",POSITIF
"Bagus banget aplikasinya. Belajar sambil nyari teman, orang nya ramah ramah, baik, sopan ga neko"". Perizinan aplikasi nya emng butuh 7 hari buat acc, tp cepet kok ga ada sehari udh di acc akun ku. Thanks tandem:)",POSITIF
"Kalau kalian mau cari teman orang luar negeri, aplikasi ini cocok untuk kalian. Tetapi sayangnya,,tidak semua fitur gratis. Ada yg berbayar, sesuai dengan keinginan kita",POSITIF
"Baguss bangett, sangat membantu dalam mencari teman diseluruh dunia dan meningkatkan kemampuan berbahasa asing !!! And orang""nya juga baik""",POSITIF
"Buat yg gak bisa masuk dan di suruh nunggu 7 hari, gua kasih tau caranya biar bisa langsung masuk. 1. Tekan kata why yg tulisannya ijo 2. Cek email. Baca pesan yg di kirim tandem, kalo perlu balas pesan nya. 3. Tunggu bentar trus coba lu cek apk nya pasti bisa.",POSITIF
"Aplikasi bagus banget, dah 1 thn lebih pake aplikasi ini, dari sini aku dapat temen2 dr Eropa, USA. Mereka baik2 semua..kita lanjut chat di Wa. Sampe skrg masih berteman. Kita sering vid call dan sering tukar2 informasi. Jd tau banyaklah keadaan disana, kebiasaan2 mereka,makanan2 mereka, sampe keluarga2 mereka jg, pokoknya seruuuuuu...",POSITIF
"Sebenarnya udah bagus, tapi kadang bingung. Karena yang pake kadang kurang ngerti Native sama Learn. Banyak orang Indonesia yang native nya bahasa negara lain, pas minta ajarin eh ternyata orang Indonesia, ya gimana lagi ya. Namanya belajar XD",POSITIF
"Wooyy, gw pakai aplikasi ini berbayar, karena aplikasi ini bagus langsung berlangganan bayar sekaligus untuk 3bln kedepan, baru aja dibayar besoknya ga bisa dibuka layar hitam teroooss. Balikin lagi dach itu duit gw. Anjiimmm bangeett dah",NEGATIF
"kasih bintang 4 dulu.. tapi sejauh ini oke.. saat aku report ada yg ngirim gambar gak pantes, langsung fast respon.. cuma pro nya g bisa lebih kurang lagi harga nya? 😂😂😂",POSITIF
"Cukup bermanfaat, semoga fiturnya terus dikembangkan, lalu bug diperbaiki karena aplikasi sering terhenti otomatis.",POSITIF
"Saya pikir.. Sesudah kita login, kita bebas berkeliaran di aplikasi ini untuk mencari partner yang kita inginkan.. Ternyata tidak. Aplikasi nya yang mencarikan teman untuk kita.. Dan kita harus nunggu sampai 7 hari lamanya.. Tapi bohong.. Saya udah hampir 2 mingguan nunggu.. Dan kita ngak bisa bebas masuk aplikasi ini begitu aja.. Kita baru bisa masuk ke Aplikasi ini, dan nambah partner setelah kita punya 1 partner pertama kita.. Ngak recomended banget sih nih.. 👎",NEGATIF
"Jngn di download !! Aplikasi ini muncul dengan tujuan belajar bahasa asing dengan orang lain via chat, tapi yang mengecewakan adalah tidak ada tempat untuk orang yang betul betul tidak tahu bahasa asing karena chat mu akan diabaikan oleh mereka , tdk ada bantuan sama sekali,",NEGATIF
"Aplikasi nya bagus, saya banyak menemukan teman dari berbagai belahan dunia, dan bisa memperlajari bahasa mereka terutama bahada inggris . Pertahankan terus kualitas nya 👍",POSITIF
"kenapa aplikasinya jadi error? kok tiba tiba saya jadi tidak bisa masuk ke aplikasinya, padahal saya lagi ngobrol dengan orang luar negri , dan pesan pun kadang suka tidak terkirim, please di benarkan lagi",POSITIF
"Aplikasinya bagus dari pada aplikasi lain yang pernah ada. Tapi aplikasinya keluar keluar terus.. Tandem upgrade dong, jgn keluar sendiri terus aplikasinya",POSITIF
"Tandem itu aplikasi yang bagus, kemarin saya ketemu sama orang jepang dan ingin belajar bahasa jepang . Pas ditanya, dia malah ngomong bahasa jawa dan gak bisa bahasa jepang, kan bangke .",POSITIF
"I like this app, Finally I found an App of Friendship with good purpose and positivity. Disini bisa ketemu ma temen baru sekalian belajar bahasa asing dan semoga aja gak nemu org2 mesum kaya di aplikasi2 pertemanan lainnya.",POSITIF
"keren bgt si , dan orang"" disini pada baik justru mereka yang nawarin kita buat praktek bahasa sma dia , pokoknya aplikasi ini recommend bed buat yg benar benar mau belajar bahasa😻",POSITIF
"aplikasi yang bagus untuk belajar langsung dari pembicara aslinya. wahai Indonesian people. native itu artinya bahasa asli, learn itu maksudnya bahasa yang ingin dipelajari. jangan tibalik ya.",POSITIF
"SELAMAT MALAM... kenapa setiap saya membuka aplikasi ini, selalu loading dan eror tapi jika saya buka aplikasi lain semuanya normal... Bahkan jaringan saya bagus... Helpp 😁",NEGATIF
"Sebelumnya aku memakai tandem, tp stelah download ulang gak bisa di gunakan, knp sperti niy, kecewa gak bisa kebuka padahal aku bljr bhsa dei sini",NEGATIF
"Wow. App bagus. Beberapa fitur memang berbayar. Tapi tidak mengganggu kita dalam belajar bahasa :D. Aku sudah punya teman dari Russia, Brazil, dan China. Baik-baik kok orang nya :D . 5 star for Tandem:LE",POSITIF
"Aplikasi yang sangat bagus, aplikasi ini bisa membuat kita menambah teman dari negara lain, selain itu juga aplikasi ini bisa membantu dalam meningkatkan kemampuan bahasa asing. Untuk sekarang tidak ada kendala",POSITIF
"Banyak manfaatnya, dengan mengunakan aplikasi Tandem apat empermudah kita untuk belajar bahasa Asing, belajar tentang budaya setiap"" negara dan bukan hanya itu, kita juga punya banyak teman.",POSITIF
"ini keren banget sih aplikasi nya , pertama gue bingung ini aplikasi berbayar atau ngak ternyata ini aplikasi gratis dan mudah banget cara make nya , serius ni aplikasi canggih banget",POSITIF
"Aplikasi ini membantu sekali saya dalam belajar bahasa sambil berkenalan dengan orang lain. Tak terasa, karena terbiasa chat dengan bahasa Inggris dll. Saya jadi terbiasa dan tidak asing dengan bahasanya. Terimakasih",POSITIF
"bagus banget apknya, awalnya sulit banget buat login ,tapi beluk 7 hari udah login ...pertama aku mulai chat ke beberapa orang responya agak lambat tpi 15 menit kemudian banyak teman2 dri negara lain yang mau mengajari saya bahasa asing ...senenh banget sama mereka yang ramah ramah",POSITIF
"Aplikasi ini sangat membantu untuk belajar, tidak perlu khawatir bertemu dengan orang-orang yang pervert, karna di aplikasi ini kita akan sangat aman dan nyaman bertemu orang-orang baru dan mereka tidak pervert",POSITIF
Sudah 3 harian ini saya tidak dapat menggunakan aplikasi. Jadi saat mencoba masuk layar tetap hitam padahal posisi sedang membuka. tolong dperbaiki secepatnya.,NEGATIF
Banyak disalah gunakan untuk hal2 negatif. Kurang peminatnya. Pdhl sangat membantu dalam belajar bahasa. Thank you. Lebih diperbaikin lagi aplikasinya.,NEGATIF
"Bagus banget!!! buat chat dan belajar bahasa asing dengan native speaker langsung, dan belum nemu orang mesum sama sekali gak kayak aplikasi chat yang lain!! suuuukaaaa deh",POSITIF
aplikasinya sangat bagus dan bisa membantu kita belajar.kalau bisa tambahin lagi translate saat kita mau menulis. biar kita bisa langsung translate tulisan kita sendiri. terimakasih,POSITIF
keren . . banyak temen luar itu seru,POSITIF
Aplikasi yang bagus! memang diawal harus menunggu undangan dgn batas waktu 7 hari tapi ternyata kurang dari 2 jam udh bisa akses. kebanyakan orang di tandem emang yang mau belajar bahasa. coba aja. ga nyesel deh :),POSITIF
"Ini kenapa ya kok ada chat yang hilang,padahal udah ketemu teman bicara yang pas dan seru eh tiba tiba saat membuka malah hilang,saat dicari pun pengguna tidak ada,tolong yah perbaiki",NEGATIF
"Kenapa saya selalu gabisa join live party, tolong dong diperbaiki",NEGATIF
mantap menambah wawasan bahasa,POSITIF
"Baru beli HP baru (ori) langsung instal Tandem, make nya cuma sekitar 2 hari ehh pas mau dibuka besok nya layar hitam semua padahal udh mastiin biar jendela atau aplikasi lain nya ngga berjalan bersamaan plus udh reboot Hp berulangkali, tujuan nih aplikasi tuh bagus buat nambah wawasan tapi yah gini suka mancing emosi",NEGATIF
aplikasi ini sangat bagus karena kita dapat melatih kemampuan bahasa asing kita dan bisa dpt bnyak teman asing disana. walaupun ad beberapa akun yang sombong,POSITIF
Aplikasi ini sangat bagus dan terpercaya! Anda tak perlu khawatir tentang orang-orang didalamnya! Anda bisa leluasa mengobrol bersama orang sambil belajar bahasa!,POSITIF
"Aplikasinya sangat bagus dan membantu dalam belajar bahasa asing, tapi kenapa kebayakan status pesan saya banyak yang sent ya tidak delivered padahal teman tersebut online tidak offline",POSITIF
Aplikasi yang sangat bagus untuk belajar bahasa dari negara lain. Saya dapat memiliki teman dari berbeda negara dan mereka sangat baik. Dont hesitate to use this application :),POSITIF
"Suka banget, orangnya ramah ramah dan jadi bisa belajar serasa teman.Aku rekomendasikan app ini, kalian harus mencobanya.",POSITIF
"sangat baik sehingga, memiliki banyak teman",POSITIF
Baru kali ini nemu aplikasi yang benar2 bukan sekedar hahahihi modus cari pacar.. Tandem membuat kita bertukar bahasa dan mendapatkan banyak teman.. Thanks Tandem..,POSITIF
"Saya baru saja mendownload dan menggunakan aplikasi ini. Dan saya telah menyelesaikan semua tahapannya, yaitu menjawab pertanyaan. Saya pikir bisa langsung menggunakan aplikasi ini, tapi ternyata harus menunggu konfirmasi lagi selama 7 hari ke depan. Wth its so long. Apakah memang harus seperti? Kaya percuma aja gitu udah buat tapi ga bisa langsung di gunakan? Tbh kalo tau kaya gini mending ga usah buat dan download. So sorry, first Impression nya mengecewakan.",NEGATIF
Aku suka banget aplikasinya. Tapi bisakah beritahu aku bagaimana caraku mengikuti orang. Karena do ikon 'tiga titik' do kanan atas tidak Ada perintah 'follow',POSITIF
"Aplikasinya bagus, dapet banyak temen dari luar negeri juga, tp sayangnya setiap saya mau ngirim vn selalu tidak bisa terkirim. Mohon bantuannya.",POSITIF
"Aplikasi keren yang baru gw temui, orang nya ramah ramah, baik dan sopan, mereka benar benar ingin mengajarkan kita bahasa mereka Good recommend 👍👍👍",POSITIF
"Tolong pihak tandem,kalau memang ini aplikasi untuk belajar bahasa ,tolong jangan adakan translate di aplikasinya,untuk apa belajar bahasa kalau ada translate disitu gak guna,atau ganti saja nama aplikasinya jadi tandem:chat and add your new friends,sekian terima kasih.Ini sara buat devoloper,selebihnya bagus👍",POSITIF
"Sejauh ini bagus banget...bisa nambah teman luar negri, nambah pengetahuan, budaya, minat, dll...Lumayan untuk mengisi waktu luang hahha...thx tandemm terus tingkatkan lagi😍",POSITIF
MAU log in kok gabisa ya,POSITIF
bagusss tpi jgn berbayar dongg😓,POSITIF
"saat bagus, saya banyak menemukan teman baru",POSITIF
Tandem cepet acc akun saya dong jangan tunggu 7 hari lama,NEGATIF
Udh sebulan ga di acc juga a...s..u,NEGATIF
"App yg bgus bget, yg pgen bljar bahasa asing ini cocok loh buat ngelancarin speaking and writing kamu. Pastinya bisa nambah tmen mancanegara jg loh..👍😁",POSITIF
keren menambah wawasan saya untuk belajar bahasa,POSITIF
"Aplikasi yang cukup bagus, kita bisa belajar banyak bahasa asing. Menambah teman dan ilmu.",POSITIF
"Saya bisa masuk dengan mudah. Sayangnya menurut saya kurang efektif, karena orang2 sering tidak aktif, hanya menggunakan app ini sesekali",POSITIF
"Akun saya dibaned tanpa alesan, mau daftar lagi udh gk bisa",NEGATIF
Appnya knpa bahasa korea waktu selesai install?,NEGATIF
keren sih. awalnya ku kira mereka ngga bakal respon mungkin karena Timezone jadi aku ngga berani ganggu,POSITIF
"Saya baru mau mencoba, harapan saya aplikasi ini bagus dan bisa improving skill sy dlm berbahasa khusnya bhs Inggris.",POSITIF
nih aplikasi udah bagus cuman tambahin fiturnya lagi pas vc biar ada penerjemah jadi kalau kita mau vc kan nggak kebingungan kalau nggak bisa bahasa mereka,POSITIF
"Aplikasinya seru bgt,apalagi buat kalian yang pengen bersosial dengan orang luar ,aplikasi ini cocok banget,jg bisa buat belajar bahasa luar yg kalian inginkan",POSITIF
"Aplikasi ini sebenarnya bagus, tapi setelah pakai 2 hari tiba2 app ini tidak bisa di buka , error .. dan setelah baca review ternyata bukan cuma saya yang merasakan..",NEGATIF
"Saya suka aplikasi ini bisa belajar bahasa Inggris praktis, cuma semakin banyak visitor my profil malah minta berbayar utk langganan belajar bahasa, kalau tidak ditanggapi akun seperti diblok ga bisa kita ketahui siapa saja visitornya, selalu minta bayar dulu",POSITIF
"Tidak bisa pencarian teman menggunakan ID, jika bisa bakal hebat deh tandem. mohon untuk di tingkatkan supaya bisa mencari dengan ID",POSITIF
Gimana si cara masuknya kok ada biaya pembayaran tiap bulan . Gak ngerti sama aplikasi ini karena baru pertama mau coba tapi ribet gini ....🤦🏽‍♀️,NEGATIF
Sukaaa banget sam aps ini.Responnya cepat dan situsnya bersih dari hal negatif.Kita bisa banyak belajar berbagai bahasa dan tambah teman juga.,POSITIF
"Tolong bantuan nya, mengapa setelah di upgrade malah jadi ngeblank dan susah untuk di buka applikasi nya",NEGATIF
"Aplikasi nya beda banget dari yg lain, Suka banget pokoknya, kita bisa berteman dgn banyak orang dari penjuru dunia, btw teman aku udah banyak banget lohhhh baik-baik lagi😊😊",POSITIF
"apk nya bagus, tapi tambahin fitur hapus pesan dong soalnya malu suka salah kata pas ngomong sama temen luar negeri wkwk tapi bagus banget apk nya",POSITIF
"Aplikasi gk berguna, aku udah nunggu lebih dari 7 hari, perlu juga aku udah tunggu selama 2 bulan, tapi tetap aja gak kedaftar, ini gimana ya, aku udah tunggu lama banget tetap aja gak bisa, apa aku yang salah log in atau gak sih? Aplikasi memang gak berguna, kalian gak usah download deh, nanti kalian menyesal",NEGATIF
sangat membantu sekali dalam proses belajar bahasa asing dan juga memberi peluang pada kita untuk punya teman di seluruh mancanegara,POSITIF
"Direkomendasikan oleh Editor, benar-benar rekomen. Terimakasih Tandem! Saya sudah menemukan teman untuk belajar bahasa Korea~❤️🇰🇷💙",POSITIF
"Bagus, bisa langsung chat, ada fitur koreksi dan terjemah. Cuma harus sabar cari partner yang baik.",POSITIF
"Kenapa gak bisa langsung masuk, udah 2 kali install nunggu 7 hari terus. Bintang nya di tambah kalau berhasil pake aplikasi",NEGATIF
"hebat ni application nya bisa bertukar bahasa, memperkenalkan culture kita, mendengar cerita dari culture luar negeri, and etc the best lah application ini( ╹▽╹ )",POSITIF
"Overall bagus sih aplikasinya, cuma yang ngeselin pesan kebanyakan sent gak delivered walaupun mereka lagi online. Tolong dong diperbaiki",POSITIF
"ini aplikasi yg luar biasa, sangat membatu untuk meninggkatkan skill berbahasa inggris kita dan kita bisa mendapatkan banyak teman internasional 😊",POSITIF
Keren sih aplikasi ini. Aku jadi bisa belajar bahasa inggris dan langsung di praktekin ke orangnya langsung. Thanks to tandem:)),POSITIF
"Sangat bagus, untuk memperbaiki bahasa asingmu dan juga menemukan teman baru di seluruh dunia. Love",POSITIF
"Bagus banget buat belajar bahasa asing dg native speaker, orangnya juga sopan2 gada yg aneh2, pokonya recomended deh",POSITIF
"Saya pernah pakai aplikasi ini hanya beberapa orang saja yang bisa profesional diajak untuk bertukar bahasa, pengalaman terburuk saya adalah pernah di stalking oleh pria creepy berumur 30 tahunan sampai dia nyamperin ke negara saya,lain kali di filter lagi kalau ada pengguna baru dan report saja akun pria Jerman yg bernama Sanya!",NEGATIF
Bagaimana cara awal menggunakan aplikasi ini?? Saya sungguh kurang mengerti bahasanya karena awal download pas di buka apk nya malah bahasa korea semua 😭😭 yang tau awal2 nya kasih tau dong cara daftar nya dll,POSITIF
"Aplikasi yang cukup bagus, disini saya bertemu dengan orang perancis yang bisa berbahasa arab juga, jadi aku mulai belajar banyak dari dia . Dan alhamdulillah orangnya baik bgt . Sukses terus buat aplikasi ini",POSITIF
"Wow, gila sih aplikasi ini menurut gw meskipun tak begitu paham dengan bahasa orang luar tp ada fitur terjemahan nya, dan sekarang gw punya bbrapa teman dari jepang, apalagi cewek nya haha",POSITIF
"Aplikasi sangat bagus ,tapi bagaimana caranya agar saya tidak usah translite ke bahasa yang lain, pakai bahasanya sendiri, bila ada seseorang yang nge chat tolong informasinya",POSITIF
"Keren, bisa banget buat latih skill writting kamu di tambah kalau udah punya temen kamu bisa latihan speaking juga sama temen luar kamu yang baru",POSITIF
seru banget apk nya,NEGATIF
"so good, tapi mungkin bisa ditingkatkan ada live video semacam ome tv jadi lebih enak buat belajar satu sama lain",POSITIF
Kenapa tiba-tiba error dan saya nggak bisa masuk ke akun saya? Padahal sudah diperbarui dan beberapa kali uninstall dan pasang lagi? Tolong dong beri solusinya dari pihak tandem!,NEGATIF
"Kenapa saya tidak bisa membuka applikasi tandem, yang tertera malah not responding, itu kenapa ya, saya bikin akun baru ttp not responding. Tolong di perbaiki",NEGATIF
"Gausah panjang-panjang, nihh aplikasi mantep bet dahh Tapi sayangnya, untuk translate di aplikasi ini sendiri dibatasai hanya 3 kalimat/hari",POSITIF
Bagus. Sangat membantu menemukan teman baru dari seluruh dunia dan belajar percakapan dengan bahasa asing.,POSITIF
"Bagus banget Sih. Tapi jarang banget teman orang korea atau negara lain. Mungkin sekitar 99% orang China ya. Tapi aku tetap suka, karena mereka lebih gampang diajak chatting & tidak sombong. 👍🙏",POSITIF
"Thankyou Buat Developer nya🥳🥳berkat nih aplikasi aku jdi bisa bljr bhasa asing, dpt temen dari berbagai negara(paling bnyk Korea, china) 😅😅😅+aku juga bisa dpt DOI disini 🥳🥳🥳🥳Tolong pertahankan ya 🥳🥳",POSITIF
"Keren, bisa dapet banyak temen. Hati2 ya di modusin lelaki . App ini sangat membantu untuk improve skill bahasa apapun.",POSITIF
"Aplikasi nya bagus,aku mendapat teman baru,ada yg lanjut wa dan line,ada yg modus ada yg benar-benar mengajari bahasa,ada yg mau kita jadi investor,,",POSITIF
"ini kenapa tidak bisa upload foto profil, selalunya ada yang salah.. knapa ya??. tolong kasih tau.. caranya masuk gimana?.. kunci mana kunci",NEGATIF
"Ahhh seneng banget sama aplikasi ini, bisa menyalurkan kesenangan saya bercakap-cakap dengan orang dari negara lain, sekaligus jadi lunya banyak teman untuk belajar bahasa Inggris, nyesell baru download 😩🖤",POSITIF
"Aplikasinya baguus, bisa menambah pengalaman baru. Dan bisa berteman dgan orang-orang dari negara lain.",POSITIF
"keren banget sih app inii, akhirnya bisa ngomong sama native speaker mandarinnya langsung bahkan sampe diajarin sama merekaa😭 love this app",POSITIF
"Udh nunggu 2 Minggu juga aplikasi nya gk bisa dibuka trus, masih terus nunggu 7 hari padahal udh 2 Minggu. Hadeuuhh padahal mau download ini mau belajar jadi nya di uninstall dehh",NEGATIF
Aplikasi yang cukup baik untuk mengasah kemampuan berkomunikasi dan belajar bahasa.,POSITIF
"Rekomendasiiin banget buat kalian yang pengen punya temen dari luar negri,, pertama make sangat senang tapi kenapa yah min sekarang ga ada tombpl atau ruang tentang party , malahn vertifikasi mulu tolong bantuan nya min",POSITIF
Aplikasi burukk ini harus bayar 50000rb ya klo ga bayar ga bisa login dan ga bisa buat apa apa buruk jngn di donlod yaa!,NEGATIF
"Aplikasi yang sangat bagus untuk belajar bahasa, banyak orang baik di aplikasi itu yang mau mengajarkan tentang bahasa mereka",POSITIF
Aplikasi ini sangat membantu saya belajar berkomunikasi dengan bahasa arab.. uhibbu jiddan...🖒🖒,POSITIF
"Aplikasinya bagus, bisa belajar bahasa asing langsung dengan orangnya sekaligus berteman dengannya",POSITIF
"its better app,fiturnya mendukung buat belajar bahasa asing,baru beberapa jam main ketemu user yang friendly,yeah positive Vives lha ya",POSITIF
"ini gw di php-in atau gimana? udah nunggu sampe seminggu lebih tapi gabisa masuk juga...haddeh""( kesel bgt gw digantungin gitu... tolong dong diperbaiki""). biar korban php itu berkurang:v",NEGATIF
"Aku kesini karena tik tok, btw emang bagus banget sihh apk nyaa, cocok banget buat kalian yang mau belajar bahasa asing",POSITIF
Aplikasi terbodoh yang pernah saya download. Mau login aja harus harus nunggu 7 hari. udah di tunggu sampe 10 hari tetep gak bisa digunakan. NYESEL KALO KALIAN DOWNLOAD APLIKASI INI.,NEGATIF
Baru install app ini eh kok mo login bahasanya korea mana pahaam. Gimana sih ini?? Gabisa pilih pake bahasa apa gt? Setidaknya english yg umum dong..,NEGATIF
Aplikasinya bagus buat yang ingin belajar dengan orang yang memang native speaker. Senang bisa bercakap langsung dengan mereka,POSITIF
"Aplikasinya bagus, tapi kenapa saat mau kirim pesan lagi, tertulis message not sent?",POSITIF
App nya bagus banget! Very helpful buat kita yg mau cari temen dari berbagai negara dan belajar bahasa asing,POSITIF
"Tandem apps belajar bahasa terbaik deh, udah lama gak pke tandem pas login ternyata masih bisa pke Account lamaku",POSITIF
"karena ga bisa full fasilitasnya(harus bayar)..jadi aku kasih 4.Tapi secara keseluruhan bagus aplikasinya,aku dapat banyak teman disini",POSITIF
"Hola, como estas? Ini gud banget sih buat belajar bahasa asing, soalnya kita bisa belajar langsung sama orang sononya dan kita belajar sambil chattingan santuy wkwk",POSITIF
sangat bagus bagi yang ingin punya banyak teman dari berbagai negara bisa belajar bahasa budaya dan mengenal negara mereka,POSITIF
"Keren banget!! Aku bisa nemuin banyak banget orang dari luar negeri (tapi jujur, jadi kangen ngomong ama anak bangsa ;-;) Intinya, klo kalian pengen cari teman gausah mikir lama!! Download sekarang!",POSITIF
"Kenapa cht nya tiba² ilang yaa, padahal lagi fun banget ngobrolnya pas mau buka eh tiba² ilang, tolong diperbaiki!🙏",NEGATIF
"Mau berhenti langganan gimana ya caranya . Soalnya udh lebih dari 7 hari . Udh uninstall tp tetep terhubung terus , ganggu bgt",NEGATIF
"Pokoknya bagus nih app nya, yg penting kuat kuota and selektif dalam memilih teman utk tujuan yg mau dicapai",POSITIF
Makasih gan berkat ni apk saya mendapatkan pacar cewe rusia dan skrng sudah jalan 5bulan.. insyaallah tahun baru 2021 saya akan ke rusia dan menemuinya🙏.. support selalu untuk pembuat apk nya...,POSITIF
"Aplikasi yang sangat bagus, membantu saya untuk belajar Bahasa Asing dengan nativenya langsung, luar biasa",POSITIF
"Baru nginstal udh langsung disuruh premium, gratis apany org g bisa digunain kecuali premium 😒 annoying",NEGATIF
"appnya bagus tapi hati2 ada banyak orang aneh, yg pervert, bahkan yg berniat nipu. kalau udah ngomongin investasi digital udah block aja.",POSITIF
"Bagus banget, cukup rekomended untuk belajar bahasa apapun yg kamu mau, km bisa chat dengan orang luar dan km ajak belajar bersama",POSITIF
"Ini sangat bagus, dengan aplikasi ini saya bisa belajar bahasa dari negara lain dan mempunyai banyak teman.",POSITIF
"Aku menemukan banyak teman disini aplikasinya sangat bagus sekalian juga belajar berbagai macam bahasa, thankk u tandem",POSITIF
"Di Acc nya lama banget, bilangnya 7 days taunya udah hmpir 3 minggu belum di Acc. WHY?🦅",NEGATIF
"aplikasinya menyenangkan, tp maaf kasi bintang 4 dulu krn masih banyak penyesuaian ke kplikasi ini. Trima kasih",POSITIF
"bintang empat dulu, baru nyoba soalnya. kalau aplikasi ini berhasil membuatku bisa banyak bahasa asing aku akan merekomendasi aplikasi ini ke teman2 ku juga",POSITIF
Sangat suka aplikasi ini karna bisa mengenal byak budaya dan bahasa serta menemuka teman yg baik .terima kasih,POSITIF
Apk ini sangat bagus. Membantu kita untuk berkenalan dengan orang luar negri dan belajar bahasa mereka!hahahaha,POSITIF
"its nice to find tandem's app, banyak menemukan teman disini dan bertukar budaya serta bahasa",POSITIF
"Aplikasi ini keren ,karna bisa berteman dengan orang lain yang ada di negara berbeda dan kita juga bisa mempelajari bahasanya",POSITIF
"Thank you tandem,,karena ini saya mendapat teman dari Rusia dan dia membantu ku bahasa Rusia, begitu pun sebalik nya saya mengajari nya bahasa Inggris",POSITIF
"Admin. Kenapa obrolan saya dengan teman saya tiba"" menghilang dari chat, padahal sedang asik ngobrol. Itu gimana ya? Dan itu kenapa bisa begitu tolong jawabannya :(",POSITIF
"App nya bagus nggak hampir tidak ada orng aneh disini,Krn ini bukan app untuk dating tapi untuk improve our language skill,so I love this app",POSITIF
Apk ini sangat bagus karna saya jadi punya banyak teman luar negeri dan saya bisa belajar bahasa mereka:),POSITIF
Bagi anda yang menginginkan teman baru dan belajar bahasa asing. Aplikasi ini sangat saya sarankan untuk anda!!,POSITIF
"Sangat membantu untuk mencari teman yang sama sama ingin meningkatkan kemampuan berbahasa, recomended",POSITIF
"Hi kak maaf mau tanya saya baru saja download aplikasi ini untuk belajar bahasa asing tapi kenapa pas mau isi data awal semua pake bahasa china ya,saya jadi kurang ngarti,apa bisa diganti dengan bahasa indonesia kah?",POSITIF
"Sangat bagus. Selain bisa belajar banyak bahasa, kita juga mendapatkan banyak teman dari berbagai negara.",POSITIF
"aplikasi yang sangat membantu. membuat lebih banyak teman, memperluas pengetahuan terutama dengan belajar bahasa.",POSITIF
"sangat bagus, kita bisa berteman dengan native speaker sehingga bisa membantu meningkatkan skill bahasa inggris kita",POSITIF
Sangat menyenangkan sekali bisa bertukar bahasa dengan orang luar dan tau akan budayanya juga. 👍👍👍,POSITIF
"Teman yang akrab dengan saya selalu tiba tiba namanya menghilang, cukup mengecewakan. Saya log out, dan masuk dg nama baru saat saya cari nama teman saya itu gak ada, seharusnya ada karena saya memakai email lain",NEGATIF
bagus banget. aku sangat terbantu dalam belajar bahasa asing dari teman teman luar negri melalui apk ini,POSITIF
"Applikasi paling mantap, cari teman baru jiga enak, gratis buat belajar nahasa apa saja, ga pake bayar, thanks",POSITIF
"Ternyata full berbayar, yg gak bayar gak bisa gunain sama sekali. Kalo tau gitu gak usah download",NEGATIF
"Aplikasi nya susah untuk dibuka saya telah menunggu sampai 7 hari, tapi aplikasi nya susah untuk di buka.",NEGATIF
"Berkenalan dg banyak teman dr berbagai negara ,sembari belajar berbagai bahasa...sangat bermanfaat",POSITIF
Terima Kasih Tandem. Bahasa inggris saya jadi tambah bagus karena kamu. Saya juga punya banyak teman dari berbagai negara,POSITIF
"Jangan instal aplikasi ini, tadi saya kaget karena tiba tiba hp saya mati total saat buka aplikasi ini. Untung nyala lagi",NEGATIF
aplikasi ini bagus banget buat improve bahasa kalian. orang-orang di sini juga sopan dan ramah,POSITIF
Aplikasi No TipuTipu beneran bisa latihan bahasa sama temen dari negara lain. Bagus ko 👍,POSITIF
ini sangat membantu dalam berlatih bahasa asing. juga fiturnya yang sangat mudah,POSITIF
"padahal udah chat panjang, tapi kenapa notifikasi buat kasi referensi nya ga muncul? 😭😭",POSITIF
"Saya ucapkan terima kasih banyak untuk yang membuat aplikasi ini, aplikasi ini dapat membantu saya untuk belajar bahasa inggris dan juga saya bisa berteman dengan orang luar negeri",POSITIF
"wihh mantap banget dah dengan aplikasi ini saya bisa lebih mengerti bahasa asing sekaligus dapat banyak teman,trim.",POSITIF
aplikasi yang membantu saya untuk mencari teman di berbagai negara bahkan bisa belajar bahasa sekalipun,POSITIF
Nice.. Aku udah dapet teman dari apk ini pokoke good lah ayo yg belum dwnld silahkan dwnld apk ini kalau pengen punya teman bule,POSITIF
"Aplikasi nya bagus, cuma sekarang ini setelah di buka aplikasinya dia ga merespon, terus keluar sendiri, bisa kasih solusi ga?",POSITIF
Admin tandem. Tolong dong aplikasinya lebih disaring lagi. Soalnya byk orang yg chat dan ujung2nya suru ikut kedok investasi. Ini sangat menggangu..,NEGATIF
sejauh ini apknya sangat bagus dan membantu sekali dalam belajar bahasa asing..aku suka,POSITIF
"Keren, bisa cari temen dari seluruh dunia dan belajar bahasa apapun yg kamu mau dari native speaker nya",POSITIF
Ini snagat menyenangkan. Karna kita bisa menemukan teman baru dan bertukar bahasa,NEGATIF
bagus aku ketemu banyak teman dari dalam dan luar negri hanya saja sedikit ada gangguan selebihnya bagud,POSITIF
Kenapa saat mau masuk tandem buffering terus padahal sinyal sudah cepat,POSITIF
Aplikasi masih belum sempurna . Riwayat chat saya dengan teman semuanya tiba tiba hilang,NEGATIF
"tidak bisa mengirimkan video, rekaman suara dan tidak dapat menghapus pesan",POSITIF
"Maaf saya harus beri 1 Bintang, why ? Padahal saya sudah memveritifikasi akun ku dan sudah juga create account tp saat Log in, tidak bisa Dan, ini benar² membuatku sangat KECEWA 😔",NEGATIF
Aplikasi mantap...bisa memiliki banyak teman dan belajar berbagai bahasa ...👍👍,POSITIF
"Setelah diperbarui harus menunggu lama saat masuk, dan sekarang malah app tidak muncul apa apa hanya kosong",NEGATIF
Kok gak bisa login sih pas mau pilih gender nya malah gk bisa bisa udh di coba berkali kali,NEGATIF
"aplikasi yang sangat bagus, karena kita bisa belajar bahasa sekaligus mendapatkan Teman baru darimana saja 😊😁😁👍👍👍👍",POSITIF
Aplikasi bagus. Mendapatkan teman yang mau sama sama belajar bahasa asing 👍,POSITIF
Aplikasi yang bagus untuk belajar bahasa asing dan membuat teman dari seluruh dunia,POSITIF
"Haii aku pengguna baru ,tapi baru satu hari menggunakan akunku tidak bisa digunakan,alias dibanned ,padahal aku tidak pernah berbicara kasar disana ,trus aku mau daftar lagi dengn email yang lain harus menunggu selama 7 hari ,katanya 24 jam sudah bisa digunakan ini kenapa harus menunggu 7 hari ,tolong donk pihak yang bertanggung jawab semoga orang menggunakan dengan nyaman tu harus bagaimana",NEGATIF
senang sekali bs menggunakan tandem.sangat berguna dalam membantu saya mempelajari bahasa asing.terima kasih.👍😊,POSITIF
"bagusss bisa dpt tmen baru , dpt pengalaman , dan bljr bahasa yg kita mauu",POSITIF
"Apk nya bagus bangett jadi makin asik belajar sekaligus punya temen dari luar, terimaksi buat yang sudah menciptakan apk ini😁😁",POSITIF
"Bagus. Emang ditulis harus nunggu 7 hari dulu, tp ternyata ga sampe 1 jam udah bisa aktif akunnya",POSITIF
"aplikasi gak guna, mau daftar aja disuruh nunggu sampe 7 hari, udah nunggu 7 hari belum bisa juga. Sampah gak guna",NEGATIF
So interesting! Isinya orang2 yang niat belajar. App belajar bahasa paling keren!!😎😎,POSITIF
Bagus sih aplikasinya cuma gk bisa milih tmn dari negara² lain bisanya yg ada di situ doang padahal mau cari tmn turke tapi malah jadi gk bisa,POSITIF
"aplikasi nya bagus,saya dapet temen dari sana..tapi kenapa ya,kemaren saya download,hari ini saya mau buka app nya malah gabisa,ini kenapa ya,ada yang bisa bantu?",POSITIF
"Bagus, cuma masih belum bisa masuk harus nunggu 7 hari (╥﹏╥) yahh... sayang sekali, tapi apk nya bagus kata kembaran saya",POSITIF
"tempat belajar bahasa yang baik. banyak native dari negara lain, terutama China.",POSITIF
baru buka apk ini malah muncul notif tandem terhenti. tolong diperbaiki,NEGATIF
Sangat membantu untuk berbicara dengan bahasa asing.. menyenangkan sekali..,POSITIF
"Error, tiap mau upload foto selalu something error 555,kenapa si",NEGATIF
Sangat recommended banget buat belajar bahasa + nyari temen orang luar,POSITIF
"apk yang sangat bagus,.. sangat baik untuk mencari teman dari berbagai negara",POSITIF
"nice. gue bisa ngobrol sama mereka. and mereka pada welcome sih .. haha, app ini ramah bgt. makasihh..",POSITIF
udah banyak teman dari seluruh dunia dan aplikasi ini sangat mudah di gunakan terimakasih #Tandem,POSITIF
Kenapa bahasa tampilannya semua bahasa mandarin. Padahal settingan hp saya bahasanya Bahasa Indonesia.,NEGATIF
"Apknya eror apaya??? Ko gk bisa masuk2, padahal udh saya coba pake akun lain juga tetep salah",NEGATIF
"Mantep bener nihh apk, asalkan keterangan Profile kita bagus baru join juga udh ada yang nge chatt,btw makasih ya berkat ini gua nggak jomblo lagi wkwkwk",POSITIF
"Good app, tapi masih ada kekurangan, pesan yg terkirim tidak dapat dihapus.",POSITIF
Kenapa harus bayar😭 padahal udah bagus apk nya suka bangettt tapi itu kekurangan bayar😐mana kaga ada penghasilan🙂,NEGATIF
sangat membantu untuk belajar berkomunikasih dengan berbagai orang di dunia.,POSITIF
"download, lalu daftar harus bayar dulu, kalo tidak aplikasinya tidak bisa digunakan.. Karena aplikasi ini berbayar.",NEGATIF
Kok bahasa nya ..korea semua ya..pas buat akun juga tulisan korea semua..jadi bingung,NEGATIF
"Dengan tandem ini ternyata aplikasi yg sya cari"" sejak dulu karna sa ngat bagus dan keren",POSITIF
Apk recommended bgt si ini tapi agak sulit pas pertama kali login tapi overall semuanya sangat sempurna),POSITIF
"Aku ksh 4 dulu, tau apk ini dr tiktok, jd aku mau coba katanya enak bgt, paling seru gtu.",POSITIF
kenapa saya tiba tiba ga bisa masuk ya? saya awalnya suka sama aplikasi ini kenapa saya tidak bisa masuk???! saya kecewa...... tolong bantu saya masuk kalaugitu saya kasi bintang 5,NEGATIF
"Aku sangat menikmati aplikasi ini, kita bisa berteman dengan berbagai macam orang dinegara lain",POSITIF
Tempat yang bagus untuk belajar bahasa asing dengan native. Thank you!,POSITIF
bagus aplikasinya tapi sayangnya berbayar dan harus nunggu lama buat daftar,POSITIF
"Aplikasi yang sangat bagus, saya bisa belajar bahasa lain dengan mudah",POSITIF
"Sangat membantu, banyak orang ramah dan mau saling belajar language di sini",POSITIF
membantu bgt buat cari temen orang luar dan bisa belajar bahasa asing juga,POSITIF
"Bintang 1 aja karena di aplikasi ini banyak akun palsu atau fake. Banyak yg ngaku2 bule dari luar negeri tapi ternyata orang indonesia asli yg suka modus nipu2 & cari korban. Disana juga banyak pria2 dari luar negeri yang suka PHP & ngebohongin banyak wanita dengan memberikan rayuan palsu. Jadi hati2 untuk wanita2 yg mau belajar di aplikas ini. Banyak akun fake, modus, pria php, tukang bohong.",NEGATIF
Bisa buat sharing bahasa sekalian nyari temen dari luar negri😊😊,POSITIF
"Woiyyy!!! Ini kenapa??!! Orang gw udh chat2an sama banyak org tapi tiba2 keluar sendiri, mana gak bisa masuk lagi!! Huuu!!! Udh deh gak usah pada download, padahal nih apk seru bgt!! Anj***!! Tolong diperbaiki lagi!!",NEGATIF
bagus banget bisa punya banyak temen pokoknya yang mau punya banyak temen buruan install!!!,POSITIF
wah ini kek seneng banget bisa interaksi sm org lain dan bisa menambah wawasan jugaa,POSITIF
"Disini bisa belajar berbagai bahasa,mengenal teman baru dan sebagus itu app nya",POSITIF
"Udah coba buat account tpi gk bisa. Pake email, nope, fb juga gk bisa2. Sebenernya gmna cara daftarnya sih.?",NEGATIF
menurutku aplikasi Ini sangat bagus untuk belajar berbagai bahasa,POSITIF
aplikasi tandem sangat luar biasa saya bisa berteman dengan warga negara Brazil terimakasih tandem ✌️,POSITIF
Masih baru nyoba. 4 dulu yah ehehhw ntar kalo udah lama dan menueutku bagus bisa naik eheheh,POSITIF
"Aku udah download appnx tapi harus berbayar aku gak tau cara yg laìnnx gimna,,,ada yg tau gak cara yg gratisan soalnx menunx gak muncul..",NEGATIF
Lumayan lah apk nya dapat juga kawan walau agak susah juga sih karena pd sibuk semua cmn sukaaa banget 😊👌🏻,POSITIF
"Saya sudah unistall berkali kali tetapi aplikasi tidak bisa saya buka tolong tanggapannya karena aplikasi ini cukup penting untuk saya,terima kasih",NEGATIF
"Ga bisa masuk, padahal udah login pake email yg d daftar tapii tetap aja ga bisa masuk",NEGATIF
saya suka aplikasi ini karena sangat membantu aku dalam belajar berbagai bahasa.,POSITIF
"Suka bangett,, lumayaan jadi ngasah lagi buta belajar bahasa lain. Dan nambah temen 😆",POSITIF
Sangat memuaskan.. Algoritma yg pas untuk berkenalan dengan orang baru,POSITIF
"Keren aku suka aplikasi ini, karena bahasa inggris ku sekarang lancar thank you very much tandem",POSITIF
Aplikasi nya asik sih buat belajar bahasa asing & cari temen orang asing,POSITIF
aplikasi yang bener-bener positif buat belajar dan melatih bahasa asing 💚,POSITIF
Sudah daftar tapi dibikin ribet jelek banget aplikasi nya manaan suruh bayar lagi males bngt bikin emosi aja,NEGATIF
Coba ditambahkan fitur untuk membuat status biar kalo gaada yang chat tetap aktif,POSITIF
"Melalui aplikasi ini, saya bisa mendapatkan banyak teman, bahkan saya mendapatkan seorang teman yg sampai sekarang masih berhubungan baik dengan saya :)",POSITIF
Sangat seru & bermanfaat untuk belajar bahasa.,POSITIF
"sengat membantu ,, untuk belajar bahasa asing",POSITIF
app yang bagus buat pemula dan bisa bertemu dengan orang-orang luar dan ini sangat bagus😁😁😁,POSITIF
"Joss, tingkatkan lagi dengan beberapa fitur pendukung yg lebih keren, Love Tandem App",POSITIF
Segera unduh aplikasi keren ini. Anda bisa belajar bahasa langsung dari NATIVE!,POSITIF
"Menurut kurang, agak susah dapat teman gitu malah sering nya nemu orang Indo :D",NEGATIF
Sangat membantu dalam mempelajari bahasa baru!,POSITIF
Bisa ngobrol sama orang baru dan ningkatin kemampuan bahasa asing,POSITIF
Udah download eh disuruh upgrade..eeh msh juga gagal login. Aneh!,NEGATIF
"Mau login males, tulisan nya putih background nya jg putih, susah dibaca🙂",NEGATIF
aplikasi yang sangat keren.. bisa bertemu dengan orang baru di seluruh dunia,POSITIF
"Aplikasinya tiba tiba eror, tolong segera di perbaiki",NEGATIF
"terimakasihh karena saya bisa mendapatkan banyak teman, mengetahui banyak hal tentang negara lain dan belajar speak english dengan teman baru",POSITIF
bisa dicoba untuk meningkatkan belajar bahasa asing,POSITIF
"wah sumpah mantap kak/mas dari app ini aku bisa dapat teman dari negara yang aku suka ,, semangat pokoknya ,,",POSITIF
"Baru diinstal, terus bahasanya otomatis bahasa korea, ga ngerti gimana cara gantinya",NEGATIF
"Lemot parah kaga bisa masuk asli, makin lama makin lemot",NEGATIF
"Wah sukasi aplikasi ini, bisa exchange bahasa dan dapat temen baru",POSITIF
Bagus membatu untuk belajar bahasa asing dan menambah teman,POSITIF
bagus banget orang2 disini banyak yang pintar2 dan aplikasi bagus bisa buat translate langsung,POSITIF
sangat membantu dalam berinteraksi menggunakan bahasa asing,POSITIF
"Pokokny suka banget! Walaupun emg ada bbrp yg hrs berbayar. Dan kalau kalian pngen punya tmen luar dan belajar apapun tentang negara mereka, ada bnyak kok disni, pokokny ga nyesel download deh",POSITIF
"Kenapa setelah saya membuka aplikasinya bisa, dan besoknya tidak bisa dibuka lagi. Kenapa begitu?",NEGATIF
"Sangat bagus, bisa berinteraksi dengan banyak orang, thans tandem",POSITIF
bagus sangat membantu sekali untuk belajar berbagi bahasa,POSITIF
Bagus sekali orangnya active semua dan sangat baik. Thank you tandem.,POSITIF
"Aplikasi yang bagus, semoga semakin di tingkatkan lagi kualitas aplikasinya",POSITIF
Kenapa akun saya di block . Padahal saya tidak melakukan kesalah atau melanggar peraturan. Tolong team tandem perbaiki masalah ini.,NEGATIF
Alhamdulillah aplikasi ini sangat membantu bagi yang ingin belajar bahasa asing,POSITIF
"saya mau daftar tp ga bisa bisa, trs waktu pasang pp malah gagal terus",NEGATIF
"so much fun, bisa kenal orang dari luar negeri dan improve bahasa",POSITIF
sangat membantu pembelajaran bahasa asing ketika bertemu orang asli yang bersangkutan,POSITIF
orang nya sombong sombong amat😤 mati aja kalian,POSITIF
"saya suka aplikasi ini, sangat membantu kita untuk berbicara bahasa asing",POSITIF
"Tandem ga se asik kayak dulu, dulu bisa nyari pertemanan diselurih dunia, sekarang cuma terbatas hmm",POSITIF
sejauh ini membantu dlm belajar bahasa.,POSITIF
Bagus banget sih inii aku recomendasiin banget buat kalian yg mau belajar bahasa asing dan juga kenalan sama bule dijamin isinya bule reall no tipu² aku dapet geratisan 7 hari trimakasiih,POSITIF
"Kenapa tidak bisa log in?Error mulu, saya udah download 4X tapi ga bisa log in juga",NEGATIF
"bagus.. aku suka, recomend banget buat yang mau dapet kenalan.. sejauh ini yang aku temuin orangnya sopan dan friendly banget",POSITIF
Aplikasi nya bagus Tetapi tolong untuk pembayaran nya di gratiskan,POSITIF
"aplikasi yang sangat bagus, tapi masih banyak akun yang sombong, tidak seperti pada bio nya",POSITIF
"Aku baru download dan bagus, awalnya gak ngerti sama sekali tapi sekarang udah mulai ngerti, hehe. Terimakasih",POSITIF
Aku pernah daftar tapi kenapa gak bisa masuk selalu sds tampilan berbahasa Jepang,NEGATIF
"ga cuman belajar inggris tp bs sambil practicing skill writing db speaking juga. recommended parah ges, orang2 disini seru2 kok cmn memang ad beberapa yang sedikit mesum dn lainnya tp kalian bs tinggal blok aja",POSITIF
Tempat mencari teman2 baru dan tempat belajar bahasa baru dengan mudah,POSITIF
bagus buat belajar dan bisa berinteraksi dengan orang lain :),POSITIF
Ini gimana sih pas mau pake photo profil ambil dari galeri kenapa kok tulisan eror mulu.,NEGATIF
sangat membantu untuk anda yang sedang belajar bahasa asing,POSITIF
Bisa belajar bahasa luar sama bisa berteman Ama orang luar makin asik oi;),POSITIF
Sudah 3 bulan daftar tapi masih tidaj bisa login,NEGATIF
"Buang buang waktu dan kuota, lama nunggu verifikasi berhari hari ga kunjung selesai, juga ga ada respon",NEGATIF
Tandem sangat membantu saya belajar bahasa asing.,POSITIF
Aplikasi aneh ga bisa dibuka sudah daftar juga 😠😡,NEGATIF
"Terimakasih aplikasi sangat bagus, saya baru tau dari teman saya, baru seminggu😁dan sekarang saya punya teman orang jepang 日本人、ありがとうございます",POSITIF
"suka dengan aplikasi ini,, kita jadi bisa belajar dengan teman baru",POSITIF
saya bisa saling bertukar pesan dengan orang Jepang😊 aplikasi ini sungguh membantu,POSITIF
Sangat bagus dan membantu saya dalam belajar bahasa asing,POSITIF
baru instal kok udh tulisan korea keluarnya gmn cr ganti k indo ato k bhs inggrisny,NEGATIF
Kenapa ya tidak bisa masuk ke aplikasi tandem ? Tolong diperbaiki,NEGATIF
cocok digunakan utk belajar bahasa.tetali banyak juga yang mencari jodoh di sini,POSITIF
"Bagus, dan aplikasi nya sangat membantu mencari sahabat di luar negeri 😁👍",POSITIF
"sangat bagus, saya langsung dapat teman dari berbagai negara.... thanks a lot",POSITIF
aplikasi yang simple utk belajar bahasa inggris,POSITIF
"Baguss, hanya saja saya tidak bisa menambahkan foto dan mengganti foto profil",POSITIF
"Kok aku susah login yaa?? Padahal udh ku coba"" tpi tetep ga bisa T^T cara login nya kudu pke apaaaaaaa?? Kumahaa",NEGATIF
Bagus buat belajar bahasa bersama teman di negara laen,POSITIF
LUAR BIASA!!!👍🏻👍🏻👍🏻👍🏻👍🏻👍🏻👍🏻👍🏻 DAN SANGAT MEMBANTU❤❤❤❤❤❤ SUKSES SELALU BUAT APLIKASI INI👍🏻👍🏻👍🏻💪🏻💪🏻💪🏻💪🏻😍😍😍😍😍🥰🥰🥰🥰🥰,POSITIF
aplikasi yang sangat bagus untuk belajar bahasa asing....,POSITIF
"aplikasi apaan sih, upload foto aja kaga kelar kelar, mending uninstal aja",NEGATIF
"so far bagus, saya jadi punya banyak teman",POSITIF
"Bismillah, semoga ketemu jodohku dgn orang baik. langsung kasih 5 ✨️bintang semoga bisa membantu mendapatkan suami yang serius dan nyata untuk hubungan pernikahan jangka panjang 🙏❤️",POSITIF
Sangat buruk karena akun ke banned tanpa alasan yang jelas,NEGATIF
baru mulai join..semoga bisa nambal skill,POSITIF
"Akun saya kebanned tanpa sebab, padahal tidak melakukan pelanggaran gajelas",NEGATIF
"Ini kenapa ko tandem gabisa open chat room,aku udah coba berulang kalk tetep gabisa,kesel jadinya-____-",POSITIF
perfect banget aslik .. aku suka banget dan orang orang disini baek baek .. niat buat belajar dan merek saling membantu dan belajar,POSITIF
Apknya ngelag waktu mau diinstal pdhl udah 100% trus macet Kya jalan raya ajh...mwehehe,NEGATIF
"aplikasinya ngga jelas abisabissin kuota aja udh di donwload ngga bisa login, jelek parah",NEGATIF
selama ini bagus belum ada kendala apapun... semoga kedapannya tidak bermasalah,POSITIF
Keren aplikasi nya bisa belajar bahasa Inggris dengan orang luar,POSITIF
"Acc nya lama banget, katanya 7 hari tapi udh lebih dari 7 hari gk selesai juga",NEGATIF
Bisa belajar bahasa dengan orang yang baru dan baik,POSITIF
Gk suka banget sama tandem yang sekarang. Kenapa harus nunggu siiii. Aku udah coba 5x. Gk suka banget aku,NEGATIF
"Kenapa saat sudah di update, jadi tidak bisa dibuka?",NEGATIF
Gak ngerti cara masuknya tulusannya cina coba indonesia atau bahasa inglish saya instal 2 kali saya hapus lagi,NEGATIF
"Suka banget sama aplikasi ini, bertemu dengan banyak teman baru dari berbagai negara",POSITIF
"sangat bagus, bisa melancarkan bahasa Inggris saya dan mendapatkan teman baru",POSITIF
sangat memuaskan! saya rakjel yang duitnya selalu hilang entah kemana bisa mendapat tutor bahasa secara gratis! all hail ym ngademin!,POSITIF
Kenapa tiba tiba jadi bahasa korea waktu awal instal? Ada yg tau gimana ngatasinnya?,POSITIF
"Apa memang tidak bisa melakukan pembayaran via GoPay? Saya mau bayar untuk Tandem Certificate, tapi gagal terus. Tim Tandem, mohon bantuannya :(",POSITIF
Lumayan tapi sedikit per bayar ketika translate bahasa nya hedeh,POSITIF
Aplikasi ini sangat bagus Kita bisa dapat kawan dari berbagai negara,POSITIF
"aplikasi nya bagus banget, Alhamdulillah aku jd punya banyak teman dari luar maupun dalam negeri",POSITIF
"Sangat membantu untuk belajar , 謝謝",POSITIF
"Tingkatkan lagi yaa developer, tpi ini udah bagus",POSITIF
𝙰𝚙𝚔 𝚊𝚙𝚊𝚊𝚗 𝚜𝚒 𝚗𝚒!! 𝚃𝚒𝚋𝚊2 𝚔𝚎𝚗𝚊 𝚋𝚊𝚗𝚗𝚎𝚍 𝚊𝚜𝚞.. 𝙳𝚊𝚑 𝚐𝚠 𝚞𝚗𝚒𝚗𝚜𝚝𝚊𝚕𝚕 𝚋𝚛𝚙𝚊 𝚔𝚊𝚕𝚒 𝚝𝚊𝚙𝚒 𝚖𝚊𝚜𝚒𝚑 𝚐𝚒𝚝𝚞2 𝚊𝚎.. 𝚃𝚘𝚕𝚘𝚗𝚐 𝚍𝚘𝚗𝚐 𝚜𝚊𝚕𝚊𝚑𝚗𝚢𝚊 𝚍𝚒𝚖𝚗𝚊!!!,NEGATIF
"Menarik, intinya sangat menyenangkan bagiku mengunduh aplikasi ini",POSITIF
Kok pny saya harus bayar per bulan? Punya kalian gitu juga ngk? Kalo ngk gimana caranya sih supaya ngk bayar per bulan?,NEGATIF
"Verifikasi untuk login kenapa sangat lama sekali, sudah dua Minggu saya menunggu",NEGATIF
Tidak bisa masuk apknya:(,NEGATIF
"Sangat membantu, tetapi lama kelamaan tidak bisa di buka",POSITIF
"Saya masih baru dalam aplikasi ini, awal mendafar hari itu juga sudah bisa menggunakan, dan bertemu teman baru...",POSITIF
Kata nya reating nya 3+ tapi kok pas log in gak bisa?? Gimana sihh,NEGATIF
"ga ngerti cara pakenya, itu harus berbayar dulu ya",NEGATIF
"Saya kasih bintang 2 dulu, soalnya apknya suruh nunggu 7 hari baru bisa make apknya, ribet banget👁️👄👁️",NEGATIF
ini adalah aplikasi yg sangat bagus saya bisa mempelajari banyak bahasa,POSITIF
"Masa harus nunggu 7 hari dlu baru bisa di pakai, dah gtu pas 7 hari nya malah gak bisa. Benerin dong tolong🙄kalau ga di benerin ya percuma, habis²in kuota aja",NEGATIF
Terimakasih atas semua yang telah disatukan dan bisa belajar bahasa dari berbagai negara ?,POSITIF
Semoga saya bisa belajar berbagai bahasa di aplikasi ini,POSITIF
Login tidak bisa kenapa?,NEGATIF
"𝗯𝘂𝗮𝘁 𝗮𝗸𝘂𝗻 𝗴𝗮𝗸 𝗯𝗶𝘀𝗮, 𝗺𝗮𝘂 𝗶𝘀𝗶 𝗲𝗺𝗮𝗶𝗹 𝗮𝗱𝗱𝗿𝗲𝘀 𝗴𝗮𝗸 𝗯𝗶𝘀𝗮 𝗱𝗶 𝗰𝗼𝗻𝘁𝗶𝗻𝘂𝗲, 𝗮𝗻𝗲𝗵.",NEGATIF
"Aku punya sahabat akrab dari berbagai negara karna aplikasi ini, thx ya sdh mempertemukan kami semua.🙏",POSITIF
Bagus yang mau nge latih komunikasi,POSITIF
"Halo kaa , saya tidakk langganan tamdem kenapa gopay saya di tarik 500rb lebihhh?! Saya inginn uang saya kembali . Saya juga sudah tidak menggunakan tandemm !",NEGATIF
"saya sangat suka aplikasi ini, di aplikasi ini kita dapat berteman dengan orang-orang yang berada di luar negeri",POSITIF
sangat bagus untuk belajar bahasa,POSITIF
"Tolong dong fitur hapus pesan kok gak ada,,",POSITIF
Kok gini sih apknya ga udah saya masukin akunnya tapi harus belanja jelek bngt tolong perbaiki tapi percuma kalo kita komen ga bakal dibales cuman diread doang,NEGATIF
"seru bisa kenalan dengan orang asing, tapi ini lebih seperti aplikasi cari jodoh (aamiin) hahahaha",POSITIF
Bagus apk nya udh nggk kayak yg dulu skrng jauh lebih baik,POSITIF
"Good, jadi bisa belajar bahasa asing",POSITIF
good aplication but tolong harganya diturunin sedikit,POSITIF
"masih belajar cara mainnya, kayaknya sih asyik",POSITIF
Tidak bisa mendengar suara orang lain ketika sedang telponan,POSITIF
Kenapa baru bukak kok bahasanya langsung habasa mandarin / cina kok bukan bahasa indonesia dan english sajah,NEGATIF
aplikasi melatih improve bahasa kita,POSITIF
sangat menyenangkan bagi saya bisa belajar bhs luar,POSITIF
ini aplikasi yg dicari2 seumur hidup. ga rugi klo bayar. terima kasih tendem,POSITIF
"Kok gak bisa login,padahal baru mau dicoba",POSITIF
Bagus bgt buat belajar bahasa asing,POSITIF
gabisa masuk lama banget veriffkasinya,NEGATIF
Saya tidak melihat Party Button di layar saya. Lalu bagaimana cara joint party untuk exchange language?,NEGATIF
Aplikasinya bgus tapi utk nolep anti kamera kaya gw g cck mainnya msa iy d suruh upload ft pribadi full muka.. Bsa aja si gw nyonlong ft d ggl tp ksian ft org yg gw colong;(.. Yah jdi ksimpulannya gw gjdi mainin cmn krn d suruh upload fto🙈,NEGATIF
belajar bahasa asing lebih mudah,POSITIF
Prosesnya lama sekali untuk masuk ke aplikasi tandem,NEGATIF
"Maaf saya agak kesulitan saat mau buat akun, karena bahasanya disajikan dg huruf korea tidak dengan bahasa inggris🙏 fyi aplikasi ini berbayar setelah 7 hari",POSITIF
Kerennsih tapi harus bayar bulanan aku gabisaaa diginiin haha,POSITIF
Sangat mudah untuk mendapatkan teman dari berbagai negara,POSITIF
"thanks, aku sedang sedikit2 belajar bahasa luar",POSITIF
Apk nya ga guna error terus pas login😒,NEGATIF
"Aaaaaa bagus banget asliii, ini improve english gw bangett, jadi banyak kenalan jugaa, cici cici ,koko juga, aaa, asik bgt kenal mereka tuu",POSITIF
Aplikasi apa ni...jaringn 4G masih juga gak bisa..,NEGATIF
Ini ko apk pke nya hangul aku masih buta hangul. Gmna caranya mau ke bahasa indonesia in? Please help me!!!,NEGATIF
padahal udah masuk ke fto profil tpi email q knpa kok gk bisa masuk ya?kok suruh nunggu 7hari,NEGATIF
"Aku lebih suka ngobrol sama cewek tapi banyaknya yang ditampilkan cowok, tolong perbIki ini",POSITIF
"bagus bangetsih, kalau ada yg macem macem gercep banget laporannya",POSITIF
"Saya sudah login berkali kali kok selalu gagal ya, gimana ini?",NEGATIF
"Saya udah daftar, tapi kok bisa masuk yaa. Mohon penjelasannya. Thanks",NEGATIF
"Kereen saya bisa belajar bahasa + berteman dengan orang asing,bahkan kami sekarang punya hubungan yang agak istimewa(◍•ᴗ•◍)",POSITIF
Kenapa sekarang jadi gabisa masuk ya? Dulu²mah enak lancar,NEGATIF
Ini best sih walau harus nunggu 1 Minggu untuk registrasi tapi di jamin ga kecewa deh,POSITIF
"Bodoh goblok ni aplikasi udah tau kita mau belajar bahasa Inggris dan belum tau apa"" pakek pertanyaan Inggris semua kan bingung mau jawab apa no recommended lah",NEGATIF
Mengapa saya baru dua hari install tapi tidak bisa membuka saat hari kedua ?,NEGATIF
Keren buat nambah wawasan bahasa,POSITIF
"bagus, bisa chatting sampai video call",POSITIF
Waw aku jadi bisa bahasa inggris dan mempunyai banyak teman trimakasi Ruang Guruuuu,POSITIF
aplikasi yang sangat membantu untuk bertemu dengan orang diberbagai negara,POSITIF
Ada yang tahu cara untuk verifikasi dari email ? Alamat yg dikirim ke email sya untuk verifikasi not found,NEGATIF
Aplikasinya bagus. Tapi kenapa susah banget dibuka?,NEGATIF
Karena sy ingin bhasa inggris sy lebih bagus dan benar.maka sy download aplikasi ini,POSITIF
Error trus tidak bisa masuk,NEGATIF
Aplikasi nya baguss tapii masa sering banget di updet 🙂,NEGATIF
Ya ampun udah 3 kali download ga bisa juga njing byar dulu kali yah? Klo new msh gratis apa iya sih?,NEGATIF
tidak bisa pakai translate,POSITIF
App sampah tidak bisa masuk sama sekali,NEGATIF
Sudah Tahu pengen belajar bahasa inggris kenapa baru pertama instal langsung dengan pertanyaan-pertanyaan berbahasa inggris. Apa yang harus saya jawab ! Tidak mengerti. Yah sudahlah di uninstal saja.,NEGATIF
"I don't like this apk, knp saat saya mau masuk harus menunggu 7hari dlu? and sy udh nunggu smpe 7hari ttp blm bs..",NEGATIF
sayang banget. masih harus berbayar,POSITIF
"aku suka aplikasi ini, udah nyoba banyak aplikasi chat dengan orang luar negeri, aplikasi ini orangnya lebih sopan2 😁😂",POSITIF
bagus banget sayangnya ini berbayar,POSITIF
bagus banget nggak nyesel pokoknya top banget lah silahkan di download bestaiiiiiiii,POSITIF
Assalamualaikum semoga saja aplikasi ini gratis dan tidak berbayar kalau berbayar Saya tidak mau mendownload karena saya mau cari aplikasi yang gratis yang tidak berbayar sehingga memudahkan Saya belajar bahasa Arab terima kasih saya Arif Irama penyandang tunanetra di Kalimantan Timur semoga ada pelopor sehat selalu Amin ya robbal alamin assalamualaikum warahmatullah wabarakatuh saya kasih bintang 1 dulu ya,NEGATIF
"Bad application, lebih baik pakai aplikasi lain yang tidak berbayar",NEGATIF
"Seru banget, bisa saling kenal dan berteman dengan baik.",POSITIF
"Dear tandem, kenapa saya tidak bisa voice call dan vidio call dengan teman saya? Mohon bantuannya",POSITIF
"udah saya tunggu 3minggu lebih tapi tetep tidak bisa masuk, kan saya jadi sebel ahsjjzhsjjahska",NEGATIF
"Alhamdulillah aku ada jumpa dengan kakak yg baik banget. Walaupun sama2 di Indonesia, aku bersyukur bisa bertemu dgnnya dgn aplikasi ini.",POSITIF
"Suka banget, tapi semua yangaku dapet orang thailand, mentangmmentangaku suka thailand 😂",POSITIF
Baru daftar kok udh langsung di suruh bayar gimana sih😬,NEGATIF
"Baru aja udah download terus mau daftar rupanya wajib pakai foto wajah sendiri,dahlah males",NEGATIF
banyak guru dan pengalaman yang ku temui. mereka semua ramah,POSITIF
sangat membantu saya belajar bahasa dan menemukan teman teman baru,POSITIF
Kenapa filter pencarian temanku ngga muncul skrng hde Tpi thnks bgt si brkat ni apk gw dpet pcar bule banyak wkwk,POSITIF
Saya nau log in tapj kenapa bahasa korea yaa saya ga ngerti,NEGATIF
"Masih stuck di Three Questions, ada yang bisa bantu kenapa dan bagaimana cara mengatasinya?",POSITIF
udh lewat 7 hari tp app tak bisa,NEGATIF
Gak bisa masuk ke aplikasinya ih,NEGATIF
seru bisa dapat kawan luar dan juga rekomendasi temannya itu itu aja,POSITIF
"Harus bayar ya, gak bisa gratis, kok aku gk bisa",NEGATIF
"Ini kenapa kok ada chat yang kehapussss:(:(:( mana sama orang yg nyambung lagi ngobrol nya huhu, tolong ini kenapaa??? Pas mau di cari malah ga adaa",NEGATIF
"Bagus banget, banyak dapet teman luar",POSITIF
"sangat bagus , dan saya mendapatkan banyak teman , saya menyukainya ayo segera download",POSITIF
Sangat bagus...cm sayang kadang lemot,POSITIF
Keren suka bgt banyak Nemu remen sekalian belajar bhs Inggris,POSITIF
"Ada berapa orang yang aku blokir. Orang itu bahaya, dia malah ngajak ngedate. Aku ngak ngerti cara melaporkannya, saya baru bisa ngeblock. Salah satunya pernah ngajar di sini.",NEGATIF
"Halo, tolong saya tidak berlangganan untuk aplikasi ini tapi kenapa saldo saya kepotong?",NEGATIF
Gmna cara mengubah bahasa app ke bahasa indonesia,NEGATIF
aku suka banget apk ini jadi banyak kenalan dan orangnya semuanya humble pokoknya download deh,POSITIF
terjemahan ya tdk ad,NEGATIF
Suka masuk loadingnya lama,NEGATIF
Crash error di awal sekarang,NEGATIF
Satu dulu...masalah saya belum bisa masuk ke aplikasinya,NEGATIF
"Aplikasi ini sangat bagus,karena aplikasi ini saya mendapatkan teman yang baik Thank youuuuuu",POSITIF
keren aplikasi nya sangat membantu,POSITIF
Saya baru daftar aplikasi ini tapi pas masuk tidak bisa,NEGATIF
Saya bisa belajar bahasa-bahasa lainnya dan syukur-syukur dapat jodoh ya 😄,POSITIF
aplikasiny sangat seru untuk mendapatkan teman dari negara lain 😀,POSITIF
"saya baru di tandem, tapi saya mendapat teman yang ramah dan Baik dari beberapa negara",POSITIF
Kenapa bahasa prancis muncul pertama. Kan gak ngerti. . . Hmm,NEGATIF
Udah lebih dari 10 hari tapi belum di acc 😑,NEGATIF
Punyaku koq pake bahasa korea ya? Aku gak ngerti sama sekali Tolong penjelasan nya dong😩😩,NEGATIF
Punya gua kok eror min saat registrasi buat pilih photo profil selalu eror mulu,NEGATIF
Kenapa ya baru download kok bahasanya udah bahasa spanyol aja?,NEGATIF
kok abis daftar gak bisa langsung masuk ya?? tolong dong ini gimana,NEGATIF
"Cuma satu aja, tambahkan fitur hapus pesan dong🙏",POSITIF
Kok ga Napa Napa kena banner sih aneh aneh aja ku ksih bintang 1 krna aplikasi jelek bgt,NEGATIF
"Kok nggak bisa dibuka, kenapa ya? Padahal kemaren bisa. 😑",NEGATIF
Tolong di tambahkan bahasa Aceh untuk pemilihan bahasanya,POSITIF
Kenapa saya tidak bisa mengunduhnya? Selalu terhenti pada 80%,POSITIF
masalah profil susah nya di atur,NEGATIF
"Disuruh nunggu 7 hari, sampe 14 hari ditunggu masih aja ga bisa login, bego",NEGATIF
"Bad application, saya tidak salah apa-apa malah di banned!",NEGATIF
Kenapa saya belum bisa login padahal sudah lewat 7 hari?,NEGATIF
Apk ini memang harus berbayar ya? Untuk pertama kali main,NEGATIF
Orangnya ramah-ramah. Seneng banget ketemu aplikasi ini💕,POSITIF
semoga aku bisa mudah belajar bahasa asing,POSITIF
Lebih ditingkatkan lagi jangan sampai eror,POSITIF
Gabisa masuk malah klo mao masuk bayar dlu gw kira free,NEGATIF
"Kenapa baru awal download ko saya udh dikasih bahasa russia,saya tidak mengerti",NEGATIF
Gak bisa masuk..nunggunya 7 bulan baru bisa masuk.,NEGATIF
"Bagus banget aplikasi nya, baru buat udah ketemu temen",POSITIF
bagus bangettt walaupun cm dapat 7 hari gratis huhuhu aku dapat kenal an Dr bebagai negara Dan sopan semua!,POSITIF
Saya Malah Gunakan Apk ini untuk cari Pacar Dan Alhamdulillah Dapat ntapss lah terima kasih tandem,POSITIF
jangan di instal... aplikasi ini ga bisa di pakai,NEGATIF
Kenapa habis update g bsa kebuka,NEGATIF
Saya tidak suka. Kebanyakan disini pencari jodoh dan hanya sekedar ngbrol,POSITIF
Saya masih mencoba download tapi kenapa harus menunggu 7 hari,POSITIF
"Berbayar, jangan download, buang buang kuota doang",NEGATIF
"bagus banget, aku jadi punya temen dari luar negeri :)",POSITIF
menyenangkan mengobrol dengan orang-orang dari berbagai negara dan saling belajar satu sama lain,POSITIF
"Bagus banget,aku dapat pacar dari china dia baik banget,sampe ngasih aku uang dan make up makasih banget,berkat tandem aku punya pacar yeahh🥰😍🥰🥰😍",POSITIF
Ga bisa login,NEGATIF
4 dulu...soalnya mesti bayar utk upgrade,POSITIF
"maaf saya kasih bintang 2 soalnya saya sudah menunggu 7 hari dan masi belum bisa masuk,",NEGATIF
"Udh lma g bisa login""",NEGATIF
keren. nambah banyak temen luar negeri,POSITIF
masa harus nunggu lama banget buat invite ajja.. klw ga kudu bayar..,NEGATIF
Hati hati dlm bersosial karena ada yg modus penipuan juga Di sin,NEGATIF
Saya jngin belajar bahasa asing,POSITIF
Aplikasi terbaik....terimakasih tandem,POSITIF
Kenapa Tandem saya blank hitam dan tdak bsa dibuka.. Awalnya baik2 saja,NEGATIF
Banyak dapat kenalan bule dan bisa pacaran dengan orang bule,POSITIF
Kenapa tandem saya di block ?padahal saya tak melakukan apapun yang dilarang,NEGATIF
Saya senang bisa belajar dan menambah teman,POSITIF
"saya kasih bintang 5 meskipun belum mencoba, baik kan saya..",POSITIF
"Seru, sampai detik ini Alhamdulillah gak ketemu penipu hahaha.",POSITIF
"Kak maaf, aku mau tanya kenapa aku ga bisa masuk padahal udah nunggu 7 hari? Tolong bantuannya kak, terimakasih",NEGATIF
bagus banget apk nya😃😃,POSITIF
Dengan adanya aplikasi ini saya mempunyai banyak teman dari berbagai negara :),POSITIF
App nya bagus.. bisa berkenalan dg bnyak orang..,POSITIF
sangat membantu saya dalam bertutur kata dengan teman,POSITIF
bisa nemu temen baruu... kadang ada yg pervert tapi sekarang udah engga,POSITIF
"Saya sudah bikin aku 5 kali di Banned terus,padahal saya tidak melakukan kesalahan.",POSITIF
"Bagus, saya jarang ngasih bintang ke aplikasi br kali ini saya Ngasih bintang ke aplikasi bintang 5 lg",POSITIF
Mauu daftar apk aja susah amat pake bnyk pertanyaan lgi🤨,NEGATIF
ini yg rame bisa nyari oppa Korea itu ga sii??,POSITIF
Bagus Bangt Sih Tinggal Tambahkan translate Ajah Biar enak,POSITIF
Baru mau login langsung berbayar,NEGATIF
Kenapa saya sudah nunggu 7 hari tidak bisa dibuka,NEGATIF
"Bagus aplikasinya,disini saya mendapatkan banyak teman dari luar negeri",POSITIF
"nice app, banyak belajar sama orang2 baru",POSITIF
Kenapa apk malah tidak bisa di buka?,NEGATIF
"Kenapa aku gk bisa makai tandem ku, di suruh nunggu terus selama 7 hari, gak habis habis 7 harinya",NEGATIF
Bagus banget apknya awalnya buat belajarbbahasa ehh dapet jodoh wkwkw,POSITIF
Harus di pro in dulu ya baru bisa buka,NEGATIF
Data pengguna telah di hack dan disalah gunakan tanpa sepengetahuan pengguna,NEGATIF
Aplikasi bagus..dpt bnyk tmn dr app ini..,POSITIF
Kenapa saya di blokir padahal saya tidak melakukan apapun yg aneh aneh,NEGATIF
Sudah lama nunggu 7 hari.. juga g bisa masuk,NEGATIF
"APLIKASI GAK JELAS MASA GA MASUK""DI BERANDANYA",NEGATIF
Kenapa lama bgt ya kok ga kebuka udh LBH dr seminggu :(,NEGATIF
Sangat membantu bahkan aku sudah punya banyak teman😂,POSITIF
good very good nemu temen org luar haha,POSITIF
Aplikasi yang membuat mata hati saya lebih terbuka,POSITIF
aplikasi nya bagus jdi banyak temen,POSITIF
"saya suka dengan aplikaai ini, sangat bagus",POSITIF
kenapa saya tidak dapat login ke akun saya dengan tulisan something wrong?,NEGATIF
Bangke gak bisa ganti foto,NEGATIF
bantu jawab dong saya gak ngerti cara pakai nya ini harus bayar ya ? kok ga bisa free material nya,NEGATIF
Baik baik bamget temen temen chinanya mau bantu aku belajar bahasa china,POSITIF
"good aplikasi, suka bangettt",POSITIF
"Aplikasi berbayar,jangan didownload",NEGATIF
"Alhamdulillah, betul² bercakap dgn org asing dan tdk ada yg aneh²👍",POSITIF
Aplikasi yg sangat bagus dan recommended,POSITIF
Kenapa tampilannya menjadi bahasa korea ?,NEGATIF
Maaf saya harus meng-uninstal apk ini karena apk ini harus membayar,NEGATIF
Apakah kita harus bayar agar bisa masuk ke aplikasi tandem?,POSITIF
Kenapa bayar dan pake bahasa korea ya dari awal di instal?,NEGATIF
good tetapi masih harus beli,POSITIF
aku suka tandem tandem sangat keren saya cinta tendem,POSITIF
Asik buat chat sekaligus belajar bahasa,POSITIF
kenapa aku ga bs masuk ya pdhl sdh daftar. smp aku hapus lg. skg aq donlot lg tp msh blm bs msk jg. piye toh iki...,NEGATIF
Terima kasih sudah membantu untuk mengenal orang di seluruh dunia 🙏,POSITIF
Tidak bisa login,NEGATIF
"Akun saya di hack orang tidak di kenal karena handphone saya baru saja hilang, mohon bantuannya.",POSITIF
Anjinglah 7 hari br bs gratis???? Uninstal😡,NEGATIF
upload foto aja gk bisa trs,NEGATIF
Kenapa nggak bisa pakai ampelikasi ini,NEGATIF
Apasih ko maksa bet harus premium ? Gasuka bangettttt,NEGATIF
"bru download, ternyata berbayar. ccd ah",NEGATIF
Suka bisa ngobrol sama orang Jepang,POSITIF
"Aplikasinya bagus,sangat membantu",POSITIF
Saya udah nunggu 7 hari kenapa ga bisa masuk bang?,POSITIF
the best dan orang nya sopan sopan,POSITIF
"Aplikasi yang bermanfaat , mantap",POSITIF
aplikasi yang sangat bagus,POSITIF
"4 dulu ya, kalo udah paham betul baru ada penilaian yg lain",POSITIF
Bagus aplikasi nya cuman saya bingung aplikasi ini bayar atau tidak,POSITIF
"untuk saat ini aplikasi ini bagus,,",POSITIF
kenapa harus nunggu 7 hari baru bisa login😓😓,NEGATIF
Saya mau bertanya dulu yang sudah Download mungkin bisa bantu jawab jika kita di sruh menunggu setelah itu apa yang harus kita lakukan?,POSITIF
kenapa gak bis masuk lewat akun google atau facebook... kecewa saya,NEGATIF
Bagus si. Cuma aku ngk tau mau ngomongin apa T_T minta ajarin bahasa luar gimana caranya?,POSITIF
aplikasi ini sangat baguss,POSITIF
keren di kasih gratis dulu horeeee,POSITIF
apaansih susah banget ganti fotonya.,NEGATIF
"Saya suka aplikasi ini, saya mendapatkan banyak teman dari sini",POSITIF
Daftarnya ribet amat sih.,NEGATIF
Kok log in nya lama harus 7 hari,NEGATIF
bagus bisa ktemu banyak tmen,POSITIF
"Saya sudah mendaftar tapi disuruh nunggu dulu sampe 7 hari, keburu jenggot tumbuh😑",NEGATIF
tapi sayang untuk melihat orang yang mengunjungi harus beralih ke pro dulu,POSITIF
Sudah pake apps ini dari tahun 2016,POSITIF
aplikasi nya bagus gak ribet,POSITIF
Kenapa gk bisa upload,NEGATIF
"Bagus banget buat nambah temen, tapi banyak yg ga nanggepin aku. Karna foto profil aku pakai jilbab kah?",POSITIF
saya suka sekali berbincang dengan fatma. dia seorang wanita yang baik hati. dia sangat terbuka saat diajak berdiskusi.,POSITIF
bagus banget aplikasinya.. gw banyak nemu cwe disni.. ggwp pokoknya,POSITIF
baik dan sangat membantu,POSITIF
"Bagus bangettt!! Dapet temen baru ,pengalaman baru .",POSITIF
Memudahkan belajar bahasa lain,POSITIF
Mau ikut yang berbayar atau pro belum ada uang 😂,POSITIF
Saya suka dan senang menggunakan apk ini,POSITIF
Kenapa tandem saya kagak bisa kebuka,POSITIF
aplikasi sialan yang komentar bagus di sini cuman nipu aja ..... anjirrrrr jangan di download,NEGATIF
"Ini kenapa ya, kok keluar masuk melulu?",NEGATIF
Ini susah masuk...gimana cara daftarnya 😒,NEGATIF
"Gw saranin lu download aplikasi ini, mantep dah nih aplikasi",POSITIF
"Sangat membantu, terimakasih.",POSITIF
Jadi bisa ngobrol bahasa asing sama orang asing.,POSITIF
Proses mendaftarnya lama sekali,NEGATIF
Kok gue pas baru masuk langsung suruh bayar si? Gue kira ini gratis.,NEGATIF
satu dulu kalo bagus baru 5 ok trims,NEGATIF
Appnya lumayan bagus,POSITIF
Sangat baik dan membantu,POSITIF
"coba deh pake beberapa lama, bagus",POSITIF
sampai kapan yaa saya hrus menunggu aplikasi ini?? yg tau mohon infonya dong :),POSITIF
"terimakasihh, sangat bermanfaat",POSITIF
kenapa baru nemu sekarang nemunya. bagus bgt asliiu,POSITIF
Kenapa akun aku belum masuk juga ya padahal udh lewat seminggu,NEGATIF
Sangat seru dan bertemu macam macam orang dari berbagai macam dunia.,POSITIF
dapet temen orang rusia mulu njirrrr bagus da transtenya wkwkwk,POSITIF
App keren dan bagus !,POSITIF
aplikasinya sangat bagusss,POSITIF
Ini aplikasi kalau mau ketemu orang yang bener mau belajar.,POSITIF
sangat berfungsi,POSITIF
Terimakasih mendengarkan ocehan ku tandem!!!,POSITIF
"Masih coba dulu, masih bingung cara kerjanya.",POSITIF
Gimana cara gunainnya?kok udah 7 hari masih aja g bisa make,POSITIF
membuat saya mengenal banyak teman dari segala penjuru dunia,POSITIF
Bahasanya kok korea jadi bingung,NEGATIF
Tidak bisa mensetting gender untuk berbicara dengan lawan jenis,POSITIF
Ini udh 2minggu ga bsa d buka buka,NEGATIF
aplikasi yang luar biasa,POSITIF
Kenapa aplikasi ini tidak bisa dibuka ?,NEGATIF
Suka sekali dengan aplikasi ini,POSITIF
Aku suka sih karena aku bisa dapat teman,POSITIF
Yah aku sudah mendapatkan teman :) dan tidak ada kendala,POSITIF
aku mempunyai banyak teman di sini. bagus sekali!,POSITIF
Kok sunyi sih.. apa karna aku gak bayar ya😀,NEGATIF
Aplikasi yang sangat aman,POSITIF
oke terimakasih telah menciptakan aplikasi ini .,POSITIF
"Apk nya bagus bgt sih ini, orang yg gunainnya juga positif positif gitu",POSITIF
baguslah aplikasi nya,POSITIF
Ini kenapa teman saya tiba tiba hilang ya ?,NEGATIF
aplikasi yang bagus saya sukaa,POSITIF
baguss bangett woyyy beneran dah kagak boonggg,POSITIF
Aplikasi berbayar lumayan mahal njir,NEGATIF
mantap nih apk nya,POSITIF
Sangat membantu bangettt,POSITIF
Ini tuh app berbayar y? Gk jdi deh,NEGATIF
Bagus bgt aku lansung dpt teman dari berbagai negara❤,POSITIF
Pokoknya ini apliaksi tukar bahasa 👍💯,POSITIF
Dan baru gue join ke aplikasi ini serius aku udah punya teman dari China 🇨🇳,POSITIF
Aplikasi ini Luar biasa banget,POSITIF
Kenapa di suruh bayar terus di suruh nunggu 7 hari,NEGATIF
Bagus si tapi harus bayar ya,POSITIF
Sangat Bagus Aku Suka Aplikasinya,POSITIF
"alkhamdulillah makasih tandem , berkat tandem saya bisa menikah dengan orang Eropa",POSITIF
bagus aplikasinya,POSITIF
Lama bnget dpt digunakan app ini,NEGATIF
Kenapa nggk bisa d i download,NEGATIF
Punya aku kenapa sih? Harus nunggu 7 hari😭 ga ngerti😭,NEGATIF
Saya jadi terdidik... Thanks tendem,POSITIF
Bagus banget aplikasinya 👍,POSITIF
aplikasi yang bagus!!!,POSITIF
Aplikasi yang sangat bagus,POSITIF
Gmn sih buat bkn akun gbisa msk ke email,NEGATIF
ini udah masuk 8 hari belum bisa juga .,NEGATIF
ga guna ga bisa dibuka..,NEGATIF
app nya bagus bngt,POSITIF
nah ini baru app yg bener,POSITIF
Apakah aplikasi ini berbayar sepenuhnya?,NEGATIF
bagus untuk pemula,POSITIF
mantap.. dapat byk teman mancanegara,POSITIF
Aplikasi yang sangat bagus,POSITIF
Bagus Aplikasinya. Wajib coba,POSITIF
Sangat sangat sangat sangat bagus.,POSITIF
seru sekali bisa bertemu dengan orang2 asing,POSITIF
Aku daftar kok gabisa ya,NEGATIF
aplikasi yang bagus,POSITIF
"Apa gue harus nunggu 1 minggu lg, padahal baru buat akunnya. Gimana sh, tolong jawab",NEGATIF
Bagus banget aku udah dapet teman korea loh sama China,POSITIF
bagus banget kerennnn,POSITIF
Caranya gimana mau buka chat,NEGATIF
Lumayan untuk tambah teman,POSITIF
Bagus banget udah no regret,POSITIF
Sangat membantu!,POSITIF
Luar biasa. Sangat bagus,POSITIF
Apa harus tunggu seminggu dulu br bisa masuk?,NEGATIF
sangat menarik,POSITIF
aplikasinya bagus,POSITIF
Sangat membantu!,POSITIF
baguss install aja mutu kok,POSITIF
Baru mau mulai menggunakan aplikasi ini,POSITIF
untuk sementara ini dulu,POSITIF
Udh di tunggu 7 hari kok ga di proses ya.lama amat,NEGATIF
aplikasi yang bagus,POSITIF
APLIKASI pegen untungnya buruk isinya ... !!,NEGATIF
Kurang paham dgn aplikasiny jdi aku unistal deh,NEGATIF
Kenap di hp sya tulisanx cina 🤨🤨 padahal sya ingin belajar,NEGATIF
Sedang ada perbaikan ya?,POSITIF
asik sih sungguh menyenangkan,POSITIF
Saya sangat menyukai aplikasi nya,POSITIF
"Mantap, langsung pdkt sama bule",POSITIF
mantap nih hahahahhahaahahaha,POSITIF
"Baru masuk bahasanya Russia , mana ngerti saiya 😂😂",NEGATIF
Finally bisa dapet temen jepang yang ha cuek,POSITIF
Kenapa malah dipaksa berlangganan sih???,NEGATIF
Makasih udh nemuin gw ama cogan 😂🙏🏻 canda zheyenk 😂🙏🏻,POSITIF
Kirain gratis😄 mau masuk aja harus bayar,NEGATIF
senang memakai aplikasi ini,POSITIF
Ga bisa login yaa,NEGATIF
Sangat membantu sekali.,POSITIF
"Masa udh ke baned 3x sih pdhal ga ngapa2in aduh ,mna dftar hrus nunggu 7 hari lgi..",NEGATIF
aplikasi yg sangat membantu,POSITIF
lancar sampai sekarang,POSITIF
cewek Rusianya cantik cantik😂,POSITIF
"KALAU KITA BAIK INSHA ALLAH AKAN DIPERTEMUKAN SAMA ORANG BAIK.JADI,GUNAKANLAH APLIKASI SESUAI KEBUTUHAN DAN JANGAN BERLEBIHAN.KALAU ADA YG GODAIN KAMU,REPORT AJA KE TANDEM TEAM.DAN ORANG YG KAMU REPORT GAK BISA MASUK APP ITU LAGI.AKU DAPAT TEMEN CEWEK 2 DARI RUSIA,DAN MEREKA MENGHARGAI SAYA SEBAGAI MUSLIM.TERIMA KASIH TANDEM TEAM,KEEP UP ! GO ON !",POSITIF
Bagus sekali aplikasi ini,POSITIF
Sangat mengasikkan,POSITIF
wow bagus aku suka☺️,POSITIF
Keren 😭 aku udah punya temen baik banget,POSITIF
"Nyoba dlu, klo bagus kutambah.",POSITIF
Bintang 4 dulu gan,POSITIF
Berbayar males ah disuru bayar apk balajar aja bayar,NEGATIF
Gak bisa gratisssss ..... bayarrrrr terosssssssssss,NEGATIF
"Kok, aku belum bisa login ..",POSITIF
Kenapa saya ga bisa daftar ya apa saya sendiri?,POSITIF
kerennn bnyk temen,POSITIF
aku suka sekali,POSITIF
sementara enak banget hehe,POSITIF
Kok sering eror ya...,POSITIF
Terimakasih cukup membantu.,POSITIF
harus nunggu seminggu dulu ni? yaelah mana sabar..,NEGATIF
sejauh ini bagus,POSITIF
"Mantap , bnyk dapet kawan bule",POSITIF
Apk nya keren!!!,POSITIF
Sejauh ini bagus,POSITIF
Tidak bisa download,NEGATIF
Aku ngga bisa app nya,NEGATIF
Sangat membantu,POSITIF
Gilak ye gw males banget nih klo tunggu 7 hari hari ini gw kasiih bintang 1 klo dh 7 hari nanti gw kasih 5 bintang,NEGATIF
Kenapa akun gue di blokir Dan itu saja Butuh penjelasan,NEGATIF
Sangat membantu🙌,POSITIF
sangat membantu,POSITIF
Ga bisa log in gmna ini??,NEGATIF
Baru coba dulu hasil nya,POSITIF
mantul app nya,POSITIF
"Dapet temen rusia yg baik2 bgt, thanks",POSITIF
Nggak bisa dibuka,NEGATIF
Harus bayar dulu ya? tidak bisa gratis?,NEGATIF
Tidak bisa dibuka? Why,NEGATIF
sangat membantu,POSITIF
Nambah teman. Nambah pengalaman. Nambah ilmu,POSITIF
sejauh ini masih baik,POSITIF
Aplikasi yg bagus,NEGATIF
Sangat bermanfaat😊,POSITIF
Nice..bagus..teman sangat menolong,POSITIF
Bisa dapet teman aku kasih 4,POSITIF
bagus sekali,POSITIF
Aku udh nuggu 7 hari tapi gabisaa,NEGATIF
Kalau free seumur hidup saya beri bintang 5😆,POSITIF
Kenapa harus tunggu 7 hari maksudnya apa,POSITIF
Keren banyak temen sampe tangan ge pegel balas chat mereka wkkkk,POSITIF
Akun gw kok di bannned pdhl gak ngapa²in,NEGATIF
Mantaf saya bisa mendapat teman dari jepang,POSITIF
sangat membantu,POSITIF
harus berbayar,NEGATIF
Kok saya tidak memilih asal Indonesia ya?,POSITIF
APLIKASI nya GOKILLLLLLLLLLLL,POSITIF
Apakah aplikasi ini berbayar?,POSITIF
"Mana? Kagak bisa pake ini, katanya 7 hari?",NEGATIF
Ternyata berbayar hhe,NEGATIF
Bagus kok! Orang-orangnya pada seru!,POSITIF
kimbek lah! habis kuota kuu.. nyesell banget,NEGATIF
Bayar ternyata kirain geratis,NEGATIF
Parah g bisa daftar,NEGATIF
aplikasinya oke,POSITIF
Harus berlangganan terlebih dahulu,NEGATIF
Apkasi nya bagus,POSITIF
Kok saya ga bisa masuk?,NEGATIF
bagus sekaliiii,POSITIF
"Manntep,Langsung Dapet Cewe Rusia Bos :v",POSITIF
Aplikasi wow sekali,POSITIF
bagus sekali,POSITIF
aku bertemu orang yang sebenernya dia tipe ku banget 😌,POSITIF
Sy pikir gratis taunya bayar:(,NEGATIF
kasih 1dulu .kalau bisa vc sama bule bru kasih 5,NEGATIF
Harus berbayar atau gimana ini ?,NEGATIF
Baru nemu yang kaya aplikasi ini👍,POSITIF
Gue dapat temen dari Rusia banyak euy,POSITIF
Aplikasi terbaik,POSITIF
gimana cara daftarnya?,POSITIF
Keren dah pokonya,POSITIF
"Dih apaan si, ko bayar? Mata duitan amat",NEGATIF
Aseeeek banyak teman😋,POSITIF
Gk bisa didownload,NEGATIF
"pelit ilmu, perhitungan",NEGATIF
bagus aplnya,POSITIF
Kelamaan accept nya,NEGATIF
Memberikan sesuatu yang baru,POSITIF
Suka cuman berbayar,POSITIF
Kmprt kirain gratis. Duh nyesel guaa😭😭,NEGATIF
Mantap deh pokoknya... ✌,POSITIF
Saya dapat sejuta teman wahahha..makasih tandem,POSITIF
"Nghekey, aku dapet temen dari Turki yeay",POSITIF
baik-baik ye,POSITIF
Ini apk nya bayar ya?,NEGATIF
Bagus app nya,POSITIF
Aplikasi ga jelas,NEGATIF
Ternyata aplikasinya bayar,NEGATIF
baru nyoba ok lah,POSITIF
In gi mana y daptar nya ??,NEGATIF
Fani kamu harus pakai aplikasi ini,POSITIF
Ini bayar dluan bru mo ta buka dpe aplikasi ?,POSITIF
Udh 7 hari woi ntar gw ganti klo bsa kebuka,NEGATIF
Bagu aplikasinya ❤️❤️❤️,POSITIF
kok ke banned sih? apa salah aku?,NEGATIF
banyak teman baru 😚😚,POSITIF
saya banyak menemukan teman baru,POSITIF
Banyak orang aneh,NEGATIF
Nunggu 7 hari jing,NEGATIF
Gk bisa dipakai,NEGATIF
Jngn d download ntar nyesel,NEGATIF
Seru sih punya temen dari luar,POSITIF
Kenapa harus bayar,POSITIF
langsung dpt jodoh jirr,POSITIF
Kenapa berbayar😭,NEGATIF
Tolol kaga bisa pake poto,NEGATIF
Aplikasi yg SGT membantu,POSITIF
banyak kin cewek nya,POSITIF
