comment,VALUE
"Hapus app krn memory full di ponsel. Kemudian beberapa hari kemudian download app ini lagi. Dan ternyata semua chat sebelumnya/terdahulu hilang yg ada hanya chat masuk doang, padahal aku blm sempat balas mereka mana pula blm saling follow jd ga ketemu akun mereka. Tolong kembalikan chat yg sebelumnya!",NEGATIF
"kecewa banget sama hellotalk, dulunya bisa unlimited setiap join room, sekarang harus menjadi VIP baru bisa dapat unlimitednya, aplikasi yg hrsnya membantu dalam belajar buat orang2 yg ekonomi nya pas2an, eh ini Mala memaksa banget buat bayar utk unlimited join room, padahal dalam belajar itu paling penting itu praktik nya",NEGATIF
"Saya suka dengan app but semua orang yang menggunakan app ini itu harus ke VIP kalau mau join unlimited room dan ini menerut saya sangat kurang membantu buat saya dan orang orang yang memiliki keterbatasan ekonomi, jadi bantulah kami yang ingin belajar dalam situasi yang sedang kurang stabil karena cuman aplikasi inilah yang bisa membatu kami tau tentang dunia internasional, please kepada pihak company untuk pengertiannya",POSITIF
"Pertama saya ucapkan banyak terima kasih kepada pembuat aplikasi ini, karena membatu saya dalam belajar bahasa asing teruta bertemu langsung dengan native speaker. Kedua saya kecewa denga limit waktu dan memaksa harus upgrade ke VIP. Tolong, tidak usah jadi pengemis untuk memaksa user untuk Top Up. Ketiga saya tidak akan memberikan ulasan bintang 1 hanya karena sistem berubah dan dapat diubah kembali. Tapi, 2 😄 Terima kasih.",NEGATIF
kok bisa ya foto ya kadaluarsa padahal udah lama aku menggunakan aplikasi ini tolong developer fotonya jangan dibikin kadaluarsa,NEGATIF
"Hellotalk tiba2 ga bisa di buka, kondisi loading seperti gak ada sinyal~",POSITIF
"error terus tidak bisa tersambung, pakai vpn baru bisa, ngga usah diinstall,",NEGATIF
"Benci banget,baru upgrade VIP malah ga bisa masuk akun... udah di email lum di jawab, sebel",NEGATIF
udah beekali kali di instal kok gak bisa padahal jaringan internet lancar,NEGATIF
apk nya bagus dapet teman bisa fi terjemahkan bahasa asing nya keren sii,POSITIF
"Makin di update malah jadi makin aneh, fitur-fitur penting yang harusnya diperbaiki jadi lebih bagus malah hilang, ga seru pokoknya 👎",NEGATIF
Sungguh Kecewa Saya Pakai Apk Ini Ngk Bisa Telepon Haruss Pakai VIP. Lagi.. Lebih Baik Tdk Udah Pakai Apk Ini,NEGATIF
"Makin di update fitur makin berkurang dan jadi banyak bayarnya, semoga aplikasi ini bisa seperti dulu🥱👎☹️",NEGATIF
"Bagus si , tapi ko setiap mau tambah teman lagi ko kita harus vip",POSITIF
Ko pas bikin room waktu nya masa di bates sin tolong kaya dulu lagi ajah kan jadi kaga di bates sin sama wapaper di room mending pake wapaper pemilik room nya ajah dari pada polos warna biru atau yg lain tolong di seperti kemarin lagi pas masih enak ajah soalnya tadi saya bikin room jadi kanya gitu tolong ya,NEGATIF
Kenapa ga bisa login? Padahal signal internet bagussss,NEGATIF
Tolong tambakan fitur video pada apk ini,NEGATIF
Secara fungsi apps ini luar biasa memberikan pengalaman dengan orang baru negara baru dan bahasa baru. Tapi sayangnya msh byk bug error contohnya saat online message lama banget sampenya dan jarang ada notifnya. Buat kalian yg bnr2 mau belajar bahasa asing cocok bgt dsni byk jg akun yg mau belajar bahasa indonesia. Tapi sayangnya jg masih byk yg menyalahgunakan aplikasi ini so be carefull for u guys. Banyak banget modus penipuan good luck !!!,POSITIF
kenapa gak ada suara nya gak muncul padahal sinyal aman aman aja kok,NEGATIF
"Aplikasi nya sangat bagus, bisa menambah teman dan pengetahuan lebih, tapi tolong untuk bantuan terjemahan itu jangan terbatas, juga untuk ganti negara jangan di batalin lama lama dong... Tolong bisa di perbaiki..",POSITIF
"Awalnya seru pakai aplikasi ini, makin lama makin males karena semuanya pakai limit. Mana member VIPnya mahal banget. Dari kemarin ga bisa login karena server error. Aplikasi mahal tapi kualitas murahan.",NEGATIF
"Baru download 2 hari, setelah cek ricek aplikasi ini cukup bagus. Tapi saat saya ingin berlangganan, malah metode pembayarannya berubah. Tidak tersedia lagi pembayaran dalam bentuk RP dan metode pembayaran yang tersedia juga berubah drastis. Sekarang hanya bisa melalui WeChat dan AliPay.... Sungguh mengecewakan...",NEGATIF
"Aplikasi ini selain punya berbagai materi pelajaran bahasa asing juga bisa buat chattingan sama org dari berbagai negara, bisa juga buat story dan saling follow. Fitur room chatnya keren, lengkap dgn penerjemah(fitur yg satu ini terbatas per hari buat yg gak premium ya), ada juga fitur untuk call dan group call. Mantul deh aplikasinya.",POSITIF
Saya senang sekali karena aplikasi ini sangat membantu saya. Benar-benar ada orang yang mau menjadi native speaker untuk membantu orang lain dalam berbahasa. Di aplikasi ini juga tersaring di mana orang-orangnya baik semua dan sopan. Terus tingkatkan !!,POSITIF
"Hai,Saya affan saya sudah berapa kali masuk menggunakan akun Google tapi tidak bisa Akun facebook tidak bisa Waktu itu saya disuruh hapus ulang Gimana sih aplikasi ini Disuruh hapus ulang bilangnya makin bagus pas dihapus ulang tidak bisa sama sekali Gimana sih! Tolong ya Hellotalk saya ingin sekali Main aplikasi hellotalk tolong! Help...",NEGATIF
"Saya memberi 2 bintang karena fitur dan aplikasi ini sangat banyak masalahnya. Lihat, aku mencoba mendownload berkali kali tetap tidak bisa. Apa maksudnya ini?",NEGATIF
"Sudah skitar 3 tahun lebih pake app ini, dulu bagus banget dan ringan. Dulu banyak fitur yg bisa dinikmati tanpa harus VIP, users sekarang jg ngga seramah dulu, dulu banyak banget yg niatnya emg belajar, fokus on learning languages, tp sekarang app ini malah jadi tempat curhat, dan cari jodoh, sedikit banget yg niat belajar, hadehh",NEGATIF
Sangat membantu saya untuk improve English.,POSITIF
Mohon bisa di tambahkan fitur attachment documen word or pdf Overall sangat bantu banget aplikasinya apalagi user friendly dan juga sangat komunikatif. Senang sekali bisa berteman di berbagai belahan dunia,POSITIF
Tolong tambahankan BHS Indonesia saya kesulitan buat terjemahkan. Semuanya pake BHS Inggris . lagi tolong jangan banyak iklan.statusnya bisa video biar GK bosan cuma status foto . Dan. Kenapa saya Sering keluar dari aplikasi ini. Dan knapa penerjemah bayar. kenapa sekarang susah cari teman asing . tolong kembalikan seperti dulu bisa cari teman asing sekarang susah,NEGATIF
"Kecewa bgt, limit nya habis Mulu dan maksa buat VIP, padahal bagus ini apk ny, tapi minus ny karena limit nya cepat habis, dan berpengaruh bgt,jadi ga bisa masuk voice room. kecewa berat.",NEGATIF
Aplikasi sangat tidak jelas.. Teman saya hanya satu... Akun saya tidak bisa login lagi. Dengan alasan banyak yang melaporkan saya.. Bagaimana mungkin. Saya hanya berintetaksi dengan 1 orang,NEGATIF
"Terimakasih, saya bisa belajar bermacam macam bahasa dan dapat teman juga",POSITIF
jelek suka error aplikasinya,NEGATIF
"Aneh, sering banned padahal gak ngelanggar apa2 Mana sekarang banyak problem gak seru",NEGATIF
Aplikasi sangat bagus tapi setiap saya melihat profil punya orang pasti bacaan nya 150 pesan itu mengganggu masuk akun terus membuat saya kesal tolong buat status nya bisa video dan kalau pesan yg di hapus gk bisa di baca orang lain sama tambahan bahasa Indonesia saya kesulitan bahasa Inggris gk ada bahasa Indonesia dan kenapa transletnya bayar kesuruhannya bagus tolong di respon,POSITIF
"Mengapa ketika saya sudah mengupdate nya, malah di suruh update balik lagi",NEGATIF
Aplikasi belajar bahasa asing yang sangat bagus. Lebih bagus lagi kalau menunya ditambah seperti Trending Chat. Pasti makin bagus.Penggunanya pasti juga akan meningkat jika menunya ditambah.,POSITIF
"Bagus banget cuman kalau mau lebih bagus lagi coba langganan itu rekomen banget kok aplikasinya bagus. Kamu bisa dapat temen dan kamu bisa belajar dengan baik Kamu bisa voice call juga, tapi kalau kamu nggak langganan kamu nggak bisa video call",POSITIF
"Update terbaru sangat membosankan, sekarang bahasa disesuaikan dengan birth place, padahal gua juga lancar bahasa inggris, kalau cuma mengandalkan bahasa indonesia akan susah nyari partner belajar bahasa lain, karena kebanyakan pada belajar bahasa inggris.",NEGATIF
untuk aplikasi oke. cuman kenapa saya tidak bisa mengirim pesan padahal jaringan lancar pas cache nya di hapus. tetap ngiyil hasilnya tolong di perbaiki ya,POSITIF
"Luar biasa, apk ini sangat bermanfaat. Tapi karena bukan VIP, Jadi tidak bisa memilih dua bahasa untuk dipelajari. Tapi untuk keseluruhan, sangat baik.",POSITIF
Hallo~ Saya minta tolong untuk bagian kolom pencarian dapat diperbaharui dengan menggunakan nama saja jangan menggunakan ID pengguna😭 soalnya lumayan sulit menemukan teman lama yang hilang akibat uninstall apknya dan lupa memfollow tmn akhirnya pas mencari teman lama sulit ditemukan🙏🏻,POSITIF
"Mengapa di saat video call, speaker bawah tidak bisa bersuara, yang bersuara malah speaker atas yg kecil. Tidak ada pengaturan speaker di hello talk, saya kira hanya di hp saya, setelah saya coba di hp yg lain ternyata sama saja, semoga bug ini cepat di selesaikan",POSITIF
"Aplikasi ini bagus bisa chatting sama orang lain. Tapi yang membuat saya kesal yaitu orang yang chatting sama saya harus premium kan tidak bisa melihat pesannya apa lagi membalasnya,karena saya tidak punya uang.Kalau saya chatting sama orang lain tidak premium. Saya sangat kecewa dengan aplikasi ini Tolong update lagi🙏🙏",POSITIF
"Pas daftar, email nya bermasalah terus padahal password nya udah bener. Trus pas nyoba log in langsung log out tiba tiba. Udah selesai registrasi nya tiba tiba ada tulisannya ""Anda tidak dapat mendaftarkan akun hellotalk lebih lanjut dengan perangkat ini""🥺",NEGATIF
Aplikasi yga bagus...sangat suka..membantu saya dalam belajar bahasa dan mengenal dunia luar...jika ada yg rese dan aneh2. Menipu..mereka langsung removed dari app..goood..terus di tinggkatka..,POSITIF
"Sangat membantu meningkatkan skill berbahasa. Ada ""learn"" pembelajaranny juga serta bisa koreksi kesalahan penulisan.",POSITIF
Sangat membantu untuk belajar berkomunikasi dengan teman dari negara lain. Sayangnya menu translate hanya berlaku 10 kali per hari untuk pengguna biasa.,POSITIF
"Aplikasi ini bagus tapi tidak tahu mengapa pas saya bangun tidur buka HP apps ini hilang padahal gak ada yang ngehapus dan trus saya unduh lagi apps ini dan saya mau masuk lagin pakai akun saya yang pertama ko ga bisa masuk padahal sandinya udah bener tapi dibilang salah,itu maksudnya gimana saya mau login akun saya yang awal disitu saya sudah cape banyak dapat follow dan juga udah banyak punya teman,banyak mengoreksi punya orang,masa sekarang hilang gitu aja saya sudah cape main😭",NEGATIF
"Bagus sih sejauh ini, tapi bolehin dong buat agar bisa nambah lebih dari 1 bahasa yang ingin dipelajari tanpa harus bayar. Atau ya setidaknya harga premiumnya dimurahin deh😓",POSITIF
"Kenapa masih banyak yang digunakan akun palsu untuk bisa menjadi teman,, padahal dia orang Indonesia tapi negara lain dia di gunakan untuk di kasih tipu kita.. tolong kita parbaiki lagi sistem nya dan tolong juga untuk di blokir yang di gunakan akun palsu🙏🙏",NEGATIF
"Dapet temen2 ga cm dari dlm negri tp jg luar negri,saling belajar masing2 bahasa apabila ada yg kurang paham...good choice to learn new languages😉",POSITIF
"Saat saya melakukan registrasi dan saya belum selesai sampe masuk, saya keluar aplikasi dan masuk lagi ternyata akun nya sudah ada tapi saya buat aku baru tidak bisa karena perangkat sudah ada itu gimana ya kok ga bisa, kan saya ga selesai registrasinya kenapa nyangkut?...",NEGATIF
"Saya sungguh beterima kasih atas apk ini, soalnya saya udh lama banget pengen punya temen Bule,udh download banyak apk biar bisa dpt tmn bule tapi gk dapat², dan ketika saya mendownload apk ini saya langsung dpt tmn bule dalam 1 jam, makasih developer HelloTalk🙏, Tapi apk HelloTalk ini juga mata duitan, kerena semua harus pake uang... Jadi mohon jangan terlalu mata duitan 🙏, kerena kita semua mendownload apk ini Krn ingin menemukan teman bule, bukan memboros uang🙏",POSITIF
Saya tidak bisa masuk ke dalam aplikasi hello talk ID saya : ok_suryamaulana.,NEGATIF
"Sebenarnya aplikasi ini sangat membantu, tapi maaf sebelumnya, mengapa setiap saya memencet tulisan translation selalu muncul kata get hello talk VIP, yg menyuruh saya untuk membayar? Saya memencet no thanks, tidak ada translation sama sekali apakah aplikasi ini harus membayar ?",NEGATIF
Keren sih. Dapat temen-temen dari luar negeri baru. Bisa ngelatih bahasa asing kita dan dibantuin kalau salah. intinya sih jangan takut salah. Keren aplikasinya😀,POSITIF
"Aku suka banget sama apk ini tapi gimna ya caranya masa disuruh upgrade Mulu padahal baru buat mau nge chat tapi itu ga bisa,selalu keluar pembayaran kaya gitu lah aku harap kalian bisa membantu",POSITIF
"Wait,aku ngasih bintang 5 karna aku suka apk ini,so plisss tolong jawab, berapa yang harus saya bayar untuk ge premium kan apk ini,saya tidak tahu itu angka berapa,berapa 1 bulannya,12bulannya,aku mau bayar tapi tak tahu jumlah nya,plissss help meeeeee",POSITIF
Aku berkali kali download apk buat belajar bahasa korea tapi gak hafal hafal terus kak borassem kasih tau waktu pertama belajar bahasa korea pake apk ini jadi aku pake aku kasih ☆☆☆☆ dulu soalnya ini bayar dan sering keluar keluar sendiri jadi tolong diperbaiki🙃,POSITIF
"Saya sudah berlangganan dan mengisi formulir untuk bisa Live Vidio Streaming, tetapi mengapa sampai sekarang belum ada konfirmasi Live Streaming, hanya dikonfirmasi Voice streaming, tolong segera konfirmasi Live Vidio Streaming saya, id @hello_indyindriy , please 🙏",POSITIF
Kok saya tidak bisa mengobrol setiap saya kirim pesan pasti muncul resend message tolong dong kasih tahu cara ngatasin nya aplikasi ini sangat membantu saya mohon jawaban ya:),POSITIF
"Suka banget sama aplikasi ini. Selain kita bisa bercakap cakap dengan orang luar, di Aplikasi ini juga ada Translate dan ada Dictionary nya juga. Terimakasih",POSITIF
"Ugh... masa mereka yang mau belajar denganku, aku harus menggunakan vip sih.. seharusnya kan dia yang berlajar, terus itu kenapa orang luar kek pelit mo bicara aja, aku chat cuma didiemin aja",NEGATIF
"Makin kesini kok makin kesana!!selama ini saya pake hellotalk gada apa² tapi sekarang kok jadi keluar sendiri, harus login lagi!!!",NEGATIF
Memangnya kalo translate harus bayar ya..? Ini kok muncul pembayaran terus kalo mau translate sama kirim pesannya juga bayar..?,POSITIF
Apk nya baguss banget aku senang dengan apk ini saya harap hello talk Sukses yah banyak juga yang suka tidak usah pedulikan orang. Saya juga terbantu nilai English saya jadi A+ hehe,POSITIF
baru download dan langsung ketemu temen2 yg asik2,POSITIF
"apakah orang lain tidak bisa mengirim pesan untuk ku karena aku bukan golongan vip 😭 aku tidak bisa membaca pesan mereka, saat aku membuka pesan mereka harus meng-upgrade nya menjadi pelanggan vip, kenapa begitu, aku sedikit kecewa 😭😭😭 padahal aku suka aplikasi nya tapi kenapa orang lain tak bisa mengirimkan pesan untuk ku karena aku bukan pelanggan vip 😭",NEGATIF
Cara ngidupin mic di voice room nya gmn yaa kok gak bisa 😔,POSITIF
Halo! Saya mau minta tolong untuk sign up nya saya agak kesulitan karna harus pake akun lama saya dan saya akun google lama saya sudah di hapus. Saya harap ada fitur untuk menambahkan akun baru. Terima kasih,POSITIF
Assalamu'alaikum nama aq adel aq suka sama aplikasi ini mksh ya untuk yang buat aplikasi ini aq senang banget aq juga dapat temen banyak tapi yang lebih banyak itu dari korea soalnya aq kpopers yang blm download silahkan download di jamin gk nyesel deh kalo ada kesalahan itu hp kalian bukan aplikasi ini:),POSITIF
"Maap ya min, bukan ya, jelek apk ya tapi kasih lah transelet ya, permanen masak gua harus toup gua gk ada uang, asli ya nih apk bagus sumpah, sayang ya, ya itu doang transelet ya, gk di permanen, nin Oky min permanen nin ya",POSITIF
Aplikasi bagus untuk belajar bahasa asing bisa menambah teman beda negara juga dan menambah wawasan kita Good app,POSITIF
Saya download HelloTalk berkali-kali dari siang sampe malam tapi kenapa gak bisa. Download nya gak jalan2. Sekali jalan lama banget. Tolong perbaiki.,NEGATIF
Seharus nya kalian bersyukur udah di buat aplikasi ini kalau tidak ada aplikasi ini kalian pasti tidak bisa bahasa asing atau bahasa luar sana saya saja bersyukur kepada Tuhan yang maha esa. Mereka yang membuat aplikasi ini capek membuat aplikasi ini. Saya suka banget sama aplikasi ini terima kasih.👍🏻👍🏻,POSITIF
"Bagus banget saya sudah dapat teman dari Jepang Apk ini sangat bagus wajib dowlod deh Kalau ada fitur leg nya atau apa Mungkin hp kalian,, pokoknya apk ini the best 😆🌹",POSITIF
"Mau daftar baru susah, akun yang sebelumnya udah kehapus tidak bisa di ganti, sangat kecewa",NEGATIF
"Sumpaahhh perfect banget nih apk😭👌 Bnran deh, dri sni aku udh dpt banyaaak temen dri luar negeri:"")) trutama korea:) soalnya aku kpopers juga😁 Pokoknya buat yg blm download hrs segera download klo mau brteman lbih luas lagi oke😉👌",POSITIF
"Seruuu bangetttttt asliiiii wajib download kalian berkat aplikasi ini aku kenal orang luar bisa bahasa Inggris yang bener, bisa belajar bahasa luar dan budaya luar, tapi ada orang yang gitu😓",POSITIF
"Saya tidak bisa login,dengan alasan saya melakukan chat mengarah ke sexual,padahal saya tidak melakukan itu,dan akun sama device saya kena banned,ini gimana solusinya:(",NEGATIF
"Aplikasi yang bagus buat koreksi kesalahan kita dalam belajar bahasa. Aku memakai ini untuk belajar bahasa Rusia, .. Tapi, please jangan batasi pencarian teman yang sekedar belajar bahasa kita aja karena jarang orang Rusia disini belajar bahasa Indonesia, tapi juga orang dari negara lain yang juga belajar Rusia , jadi bisa saling mengoreksi.. atau juga orang Rusia belajar bahasa lain, jadi makin banyak pilihan dapat teman dari Rusia 🙁..",POSITIF
"Mulai aneh aplikasi ini di hp saya, akhir -akhir ini sering dapat notif di visited klo ada yg chat dengan saya tapi pesan tidak masuk",NEGATIF
"bagus banget bisa mendapatkan teman dari luar negeri seperti Turki, Jerman, Swedia, Inggris, Australia, dll. orangnya juga sopan sopan jarang ada yang kasar, enak buat teman ngobrol.",POSITIF
Apk-nya bagus,POSITIF
Aplikasinya bagus membuat kami punya banyak teman yang mau mengoreksi kata2 dan tulisan kita yg salah sehingga kita bisa perbaiki,POSITIF
Sebenernya apk ini bagus aku download apk ini bukan untuk belajar but lebih ke cari temen hehe.baru nemu satu temen yang bener-bener sefrekuensi.makasih<3,POSITIF
"Saya mengalami sedikit kendala dalam pembayaran via pulsa. Padahal pulsa saya cukup ,lebih malahan, tapi ntah kenapa dibilangnya ""pulsa anda tidak mencukupi""",NEGATIF
"Kok saya ngeinstal beberapa kali tapi tetep ga bisa ke buka, malah applikasinya pas udah sampe 100% malah balik instal ulang dari awal",NEGATIF
Aplikasinya bagus sih tapi masih sedikit kendala gara2 ga bisa chattan pribadi saya ke orang turki nya lewat hello talk nya ga muncul,POSITIF
"pindah aplikasi hilolocal, sudah berbayar semua, berbicara pakai limit 😂, semuanya di jual",NEGATIF
Ini gimana sih udh download copot udh mau 100 kali. Chat gk bisa terus. Pertama bisa trus dikit lagi eror. Kaya kita chat ada tanda seru ! Warna merah. Talong perbaiki yh. Saya mohonnnn.🙏🏻🙏🏻🙏🏻,NEGATIF
"Dulu sempat download terus karena ganti hp jadi instal di hp baru. Tapi kenapa gk mau diinstal? Malah muncul tulisan ""tidak dapat menginstal hellotalk"". Tolong ini gimana?",NEGATIF
"Gw Bingung kok kagak bisa di download y😭 padahal penyimpanan aman,data aman tapi selalu aja terjadi kesalahan pas download tetep gagal mulu😭tolong gw netizeen",NEGATIF
"HOREEEE🙌🙌🙌🙌🙌🙌🙌 ALHAMDULILLAH🙏🙏🙏🙏🙏🙏 Di Aplikasi ini Aku bisa belajar bahasa Inggris dan pertukaran bahasa dengan MEREKA (Orang di seluruh dunia-belahan bumi manapun), Aku pakai Bahasa Indonesia, Mereka pakai Bahasa Inggris.. Hahahahaha... 😂😂😂😂😂😂😂😂😂😂😂😂😂 ALHAMDULILLAH🙏🙏🙏🙏🙏🙏 Aku jadi punya teman dari berbagai negara sekaligus mengasah kemampuan Bahasa Inggris 😉😊😘😍😚😆",POSITIF
Kenapa sekarang kok malah error kirim pesan tidak bisa translate tidak bisa Padahal app nya bagus bisa buat tbah teman,NEGATIF
Sangat baik bagi mereka yg serius untuk belajar dan mncoba mmpraktikkan bahasa yg sdang d plajari 👍,POSITIF
Kenapa aplikasinya lag yah? Saya kok tidak bisa melihat dan mengirim gambar padahal koneksi saya stabil,NEGATIF
"Sangat disarankan! kalau bisa pakek English untuk native nya, biar temen nya banyak. Kalau pakek indo dikit.",POSITIF
Sejujur nya aku suka dengan aplikasi ini !!.tapi aku sedikit kecewa kenapa pas aku hapus aplikasih ini terus mau masuk lagi gak bisa 😕mau tambah akun lgi juga gak bisa🙁,POSITIF
Bagus bgt! Aku bs dapet temen dr berbagai negara lewat aplikasi ini selain itu jg aku bisa tmbh lancar pake bahasa lain serius ini aplikasi nya bagus bgt suka bgt mksh😊,POSITIF
aku suka karena bisa dapet temen dari luar degeri sama belajar bahasa luar,POSITIF
Bagus native speaker ramah semua tapi klo ada yg mau kenalan gak bisa liat dan balas.tolong kurangi layanan VIP saya yakin apk ini akan jauh berkembang jika layanan VIP dikurangi,POSITIF
"Aplikasi sangat bagus . Keren dah. Pokok nya . Walaupun vip nya kayanya , kemahalan untuk kantong orang indo tapi oke lah thanks admin",POSITIF
Aplikasi ini kenapa maksa untuk VIP kalo ga VIP dibatasi pertemanannya hanya 10 👎👎👎👎👎👎👎👎👎👎👎👎👎👎👎👎👎👎👎👎👎👎👎👎👎👎👎👎,NEGATIF
Aplikasi ini tidak bagus masa saya tidak melakukan kesalahan apapun langsung di banned 5 hari dan tidak ada pertimbangan sama sekali dan tidak memberi kesempatan sekali lagi mohon di pertimbangkan lagi tolong biarkan saya jadi host di voice room,POSITIF
"Bjiirr apa karena saking lama nya atau dah langsung direspon bisa langsung masuk auto 5 dah janji ya dev, ok makasih!",POSITIF
Nih apk lumayan bagus lah gw jadi bisa bahasa orng luar pokonya bets cuma agak sediki ngelag,POSITIF
"Suka aplikasix sudah dapat teman,tapi yang kunjungi saya fotox blur dan tidak bisa terbuka karna bukan VIP padahal ingin sekali membalas 😔",POSITIF
Mengapa saya sudah tidak bisa mencari teman kalau di scrol tulisannya sudah tidak bisa menemukan hasil yang relavan mohon perbaikan nya 😭,NEGATIF
"Thanks HelloTalk, saya mendapatkan teman banyak dari luar negeri🤗 saya sangat senang sekali😍 saya bisa bicara bahasa Inggris dengan orang luar☺️ I learn English🤗 Thank you HelloTalk!😘😍❤️❤️❤️",POSITIF
Akun gua di-block sama orang lain terus cuma ada dua yang nge block terus langsung eror emang dah badahal lagi seneng temenan sama orang luar malah gabisa login aneh emang mana gabisa buat aku lagi,NEGATIF
Mengapa tulisannya selalu menyambungkan? Tidak bisa mengirim pesan. Selalu ada tanda seru di chat yang saya kirim.,NEGATIF
Base language saya tbtb berubah. Ketika hapus akun dan mau membuat yang baru tidak bisa,NEGATIF
"Mohon maaf saya pertama sudah masuk ke account hello talk dan juga sudah dapat memakainya tetapi suatu ketika saya tidak bisa lagi masuk malah nyuruh log in lagi sudah saya coba tapi tidak bisa walaupun lewat aplikasi Facebook,dan lain lain tolong bantu!!!!!",POSITIF
"Wah, bagus sekali aplikasinya bisa untuk belajar dan juga bisa untuk berkomunikasi sama teman2. I like this.",POSITIF
"Dulu pake apk ini gak berbayar, bisa banyak bahasa sekaligus.. Tapi sekarang mau ambil 2 bahasa aja harus bayar🙁",NEGATIF
Ini sangat membantuku dalam belajar bahasa asing... Dan membntuku memdapatkan temn lebih banyak lagi,POSITIF
Aplikasi ini bagusss banget sangat membantu saya pada saat masih belajar bahasa inggris ayo cepetan download aplikasinya di jamin gk bakalan nyesel dehh buruan,POSITIF
"Hi there! Aku ada keluhan, maaf tapi pas aku download apk ini tiba tiba ngulang dari awal lagi, kenapa ya :( padahal kayaknya seru banget dan aku lagi bener bener butuh temen :) tolong ya",NEGATIF
"Ah, aku suka aplikasi ini!!! Karena aplikasi ini aku sekarang dapet sahabat dari thailand! Aku sangat sangat sangat suka dengan aplikasi ini! Kedepannya tolong dong buat langsung translate itu jangan buat vip aja:(",POSITIF
Meskipun tidak semua orang Jepang membalas atau memberi respon. Tapi ada beberapa orang yg bisa membantu saya belajar bahasa Jepang. Terima kasih,POSITIF
"Kurang memuaskan, aplikasinya jga pakai bahasa inggris.. Waah itu menjengkelkan skali. !",POSITIF
"Baru mencoba tapi saya langsung kasih 5 bintang dengan harapan ini aplikasi bagus lancar jaya ,,jika tidak sesuai keinginan nanti saya unistal dan copot semua bintang....thanks",POSITIF
Aplikasinya sangat bagus jadi bisa belajar bahasa apapun di aplikasi ini Terimakasih Hello Talk,POSITIF
Bagus banget aplikasi nya saya sudah menggunakan lumayan lama dan saya menemukan banyak teman dan bisa melatih bahasa kita,POSITIF
"aplikasi ini sangat bagus ,menambah ilmu, banyak punya teman dari berbagai negara terutama dari korea 감사하미다😘😊 .",POSITIF
"aplikasi ini sangat membantu saya dalam belajar bahasa inggris, hanya saja anda juga harus berhati hati pada akun yang minta nomor wa",POSITIF
"Sangat menarik krn bisa menemukan teman"" baru & belajar bersama dari berbagai negara yg kita inginkan...",POSITIF
"Setelah di update malah lemot dan pesannya lama kekirim, please di fix sangat ganggu",POSITIF
"Maaf saya harus memberikan 3 bintang karena ketika sudah keluar dari aplikasi tidak bisa masuk lagi/susah, padahal saya sudah mempunyai teman di aplikasi ini",POSITIF
"aplikasi yang sangat bagus, tapi saya salah memilih bahasa yang saya bisa..saya malah memilih turki padahal saya tidak bisa bahasa turki, dan saya tidak bisa mengganti nya..tolong di bantu",POSITIF
Aplikasinya bagus banget skarang aku udh bisa sedikit bahasa korea dan sya juga sudah mendapatkan teman korea😊,POSITIF
"saya lupa password, dan sudah mencoba reset password tapi tetap tidak bisa login, tolonh diperbaiki",NEGATIF
"Haii Ini sangat berguna Sebelum nya saya cuman bisa bahasa korea sedikit,tapi dgn saya mendownload ini bahasa korea saya semakin lancarr,thanks",POSITIF
"lumayan lah menambah ilmu tapi akun akun nya banyak juga yang fake, banyak yg usia nya lumayan, yang lainnya jarang pada aktif",POSITIF
"Buat teman2 yg kesusahan gara2 vip beli aj yg 1 bulan,hargny cuma 100k,klu beli yg 12 bulan blm tentu kalian niat bljr smpe 12bulan kan, 100k lumyn 1 bulan bs chatan sm orng asing,dr pd gk bs d baca gr2 gk mau beli vip kan.klu orng mau niat bljr ma psti perlu modal jg, ini apk bgs klu ad orng niat bljr",POSITIF
Kenapa ya pas daftar app ny pake email gak bisa di terima langsung malh nyoba terus? Tolong dong informasi ny gmn pendaftaran app ini,NEGATIF
"Kalau bisa, tambahkan fitur dark mode untuk menghemat baterai",POSITIF
ini kenapa aku gabisa update? padahal udh 99 persen lagi di update tapi pas pgn ke 100 malah gabisa,NEGATIF
Aplikasi nya bagus banget eh tapi bohong aplikasinya jelek banget!!!!!!!?!!?!!!!!!!!!!!!!!!!!!!!!!!!!!!!!!!!!!!!!!!!!¡!!!!!!!!!!!!!!!!!!!!!!!!!!eh tapi BOHONG aplikasi nya memang jelek kanshsnsndmuenehej yang asli aku akan membela member BTS sela waktu temenin y ini u dan tidak pernah ekonomi ejjanhsnsg Dunn mm rap ynynjs.wjsnakbaksbxkx,POSITIF
Gak basa basi intinya gw suka nih aplksi bagus bngat buat yg mau belajar sama native nya langsung,POSITIF
"Aplikasi nya jelek banget, udah download berkali2 tetep gk ke instal",NEGATIF
Aplikasi ini sangat membantu bagi siapa saja yang ingin mempelajari bahasa Asing sambil berteman dengan orang Asing,POSITIF
"Mengapa akun saya di blokir,saya tidak bisa mengirimkan pesan, padahal banyak yang meminta saya untuk membantu belajar bahasa korea dari saya, mohon di perbaiki lagi, akun hello talk saya itu asli bukan akun palsu,,ini email saudara angkat saya di indonesia",NEGATIF
Aplikasinya bagus banget aku suka banget bisa belajar bahasa asing dan juga mendapatkan teman,POSITIF
"mantap, berkat ni aplikasi aku bisa bahasa Inggris walaupun agak tersendat-sendat tapi lumayan bisa😁",POSITIF
"ini aplikasi bagus banget,aku jadi bisa bahasa asing!!!yah meskipun baru tau dikit tapi mantaplah ini aplikasi..",POSITIF
Ini gimana sih udah aku loading lh kok tetap gak bisa perbaiki dong udah gak bisa bngt,NEGATIF
"Saya suka aplikasi ini bisa mem bantu saya belajr bahasa yg saya inggin kan,,saya kasih bintang 5....tank you Hello Talk..",POSITIF
Good aplication dan sangat membantu saya dalam mempelajari bahasa yang Saya inginkan,POSITIF
"Bagus sih,tapi pas mau login lagi malah sulit tulisanya email nya tidak terdaftar padahal sudah benar.",NEGATIF
"Aplikasi ini aneh kok gw berulang ulang download enggak bisa bisa habis"" sin Kouta aja ni aplika",NEGATIF
Aplikasi macam apa ini aku mau login failed registrasi sudah login beberapa kali juga tidak bisa 😶😡😠😒😒😒😒😒😒😒,NEGATIF
"ko gabisa masuk, malah ada tulisan hanya bisa dimasuki 1 email??? kecewa beratttttt",NEGATIF
"Maaf admin,semalam apliksa hello talk saya ke hapus ,jadi saya download ulang aplikasi nya tapi setelah saya download tapi pesan saya ke teman saya hilang semua bisa tidak pesan saya dan teman saya kembali Tolong bantuan nya",POSITIF
Gimana ya caranya ganti bahasa kalo salah pilih bahasa? Semisalnya dari indo pingin bljr Korea tapi malah pencet Korea ke indo,POSITIF
Sayang banget nggak bisa posting video. Tolong di tambahkan posting video dan status,NEGATIF
"bagus aplikasi ini tapi benderaku kayak bendera korea dan gk bisa diganti😭😭gimana caranya gantiya ,kasih tau dong ya.",POSITIF
"Baru saja mau suka sma apk ini tpi beberapa menit kmudian mood lngsung berubah karena apa"" harus bayar mau chatingan saja disuruh vip!!!",NEGATIF
"Di data suruh mengisi female = perempuan ,male = laki laki ..saya sudah mengklik female tapi pas sudah masuk akun nya di situ saya melihat gender tapi malah terisi male = laki laki ..tolong aplikasi nya ya 🙏🏻🙏🏻",NEGATIF
Aneh banget ga bisa download udah 100% malah ngulang terus,NEGATIF
Ini aplikasinya begimana si masa harus VIP? Sedangkan yang minat belajar bahasa asing bejibun. Tolong ini apk di perbaiki. Kasian yang belajar bahasa terhalang VIP,NEGATIF
"Terima kasih HelloTalk, karena dengan adanya aplikasi ini saya bisa belajar bahasa inggris sekaligus mendapatkan kekasih wkwk",POSITIF
Bagus bagus tujuan gue pake app ini untuk belajar bahasa China tapi malah eng gua yang makin bagus hahahahahah,POSITIF
"Apliakasi ini sangat bagus, walaupun ada beberapa orang yang tidak mau menanggapi pesan saya😔",POSITIF
Saya hanya ingin bilang kalau aplikasi ini bagus Tapi di diskon dong saya mendapat teman banyak dari Jepang berkat aplikasi ini,POSITIF
kenapa waktu mau mengirim pesan ke seseorang harus upgrade ke VIP dulu:( Tolong dong,POSITIF
Aplikasi ini bagus dan cocok untuk mencara sahabat aku tau aplikasi ini dari chanel youtube nya kak boressem itu bagus banget chanel nya,POSITIF
Aplikasi nya tidak bagus masa tidak bisa membuat dua akun dan ketika melakukan kesalahan langsung di banned 5 hari tidak ada penanggung,NEGATIF
Maaf sebelumnya adminnya saya pakai aplikasi hello talk buat tempat curhat saya bukannya jadi buat belajar bahasa dan momen kesehariannya saya maaf sebelumnya dan terimakasih banyak sudah bisa jadi keseharian dikehidupanannya saya selama ini Saya kasih bintang 🌟🔯 5,POSITIF
sangat memuaskan .. dan membantu untuk bahasa inggris ku agar lebih fasih lagi ..,POSITIF
Bagus. Tapi sayang berbayar🥺 padahal banyak yg mau belajar bahasa indo sama aku,POSITIF
"Hello talk Kenapa status VIP saya belum berubah, saldo googleplay saya sudah terpotong Tolong bantu segera",NEGATIF
"Suka... sangat bagus, terutama bagi saya yg baru belajar bahasa yang ingin saya pelajari",POSITIF
"Bagus sih,dapat pengalaman belajar bahasa asing",POSITIF
punya banyak teman kemampuan bahasa meningkat!!!,POSITIF
Loginya susah gak kayak dulu pas baru pertama download tapi tetep the best,POSITIF
"Aplikasi tidak dapat di download, setelah download 100% malah balik lagi jadi 0%",NEGATIF
aplikasi yang sangat baguss..hanya saja saya baru pertama kali memakainya..jadi belum terbiasa..sukses terus,POSITIF
"Mau nanya,aku kan aku download tapi ko susah yaa pas udah selesai di dowload. Giliran di instal nya gabisa terus",NEGATIF
"Aplikasi bagus, sangat membantu saya dalam belajar bahasa asing😊",POSITIF
"Apk bagus, mantap, cocok buat yang serius ingin belajar bahasa😊",POSITIF
sangat baik untuk meningkatkan kemampuan bahasa inggris,POSITIF
"Ini bagus banget, kalian semua coba deh unduh. Gk akan nyesel, cmn kalau mau lebih enak pake pket premium",POSITIF
KOK gak bisa pake bahasa indonesia tolong dong saya gak terlu paham sama bahasa inggris,NEGATIF
Maaf aku kasih bintang 2 soalnya aku mau ganti bahasa kenapa malah language exchangenya habis. Gimana cara ngisi language exchange kembali,NEGATIF
Bagaimana cara kembalikan pesan yang di arsipkan,POSITIF
Tidak bisa mengunggah vidio,POSITIF
Susah banget buat didownload Padahal jaringan bagus,NEGATIF
Setelah di update kenapa saya tidak bisa log in kembali ? Padahal aplikasinya sangat bagus,NEGATIF
Game nya bagus banget buat cari teman Rusia dan lain nya saya kasih bintang 5 ya💗💗,POSITIF
Apk ini sangat bagus sekali saya jadi punya banyak teman terimakasih Hello Talk>.<,POSITIF
aplikasinya jelek saya posting sesuatu nggak di bls komen nggak dibls katanya bisa membantu cari teman,NEGATIF
Pendapat saya aplikasi ini bisa mengajarkan berbahasa inggris lebih lancar lagi,POSITIF
Sangat membantu,POSITIF
aplikadi bagus untuk belajar bahasa inggris,POSITIF
"Kak, kenapa ga bisa login, selalu server error mulu",NEGATIF
"Mengapa saya tidak bisa mengirim gambar dan video, selalu stuck di loading galeri",POSITIF
"Aplikasih nya bagus, sya bisa dapat kawan luar negeri dengan ahkrap",POSITIF
"kenapa saya mau install ada tulisan ""hellotalk tidak dapat terinstall"" tolong perbaiki min:'(",NEGATIF
"Pertama kali oake ini aku seneng banget jarena ku langsung dapet temen dari luar..tp kogt lama lama aku udh gk bisa kirim oesan lagi ke teman baru,katanya harus VIP dulu😕apakah aku harus membelinya?..maaf aku baru kasih bintang segini..tolong di perkembangkan dong aku ingin mendapatkan lebih banyak teman☺",POSITIF
Kenapa aku tidak bisa login failed registrasi sudah login beberapa kali juga tidak bisa😠😒,NEGATIF
Aplikasi ini sangat berguna bagi kalian yang ingin belajar bahasa asing Dijamin kagak mengecewakan,POSITIF
Eh tapi tolong ya kalo saye legit donloat harus lebih cepat biar bisa dipakai untuk chat dengan borasam,POSITIF
Akun saya enggak bisa di buka lagi,POSITIF
Aplikasi nya bagus tapi apakah harus vip dulu agar bisa mengirim pesan satu sama lain ?,NEGATIF
Intinya paten kali lah app ini. Sygnya gada duitnya aku jadi ga bisa upgrade:'),POSITIF
Aplikasi nya bagus dan keren aku jadi bisa belajar bahasa Inggris 🙂👍,POSITIF
sangat membantu untuk practice english,POSITIF
"Saya tidak biasa log in, email yang saya gunakan sebelumnya, tidak terdeteksi... tolong bantuannya",POSITIF
"Tolong lah, maksimal learn free nya dua, tambah satu lagi..",POSITIF
Kok aku gak bisa instal aplikasinya🤔udah berapaku coba gagal2 terus padahal internetku.sangt lancar,NEGATIF
Bagus. Tapi saya kasih 4 bintang dulu ya. Masih penyesuaian dulu.,POSITIF
masa mau ini itu bayar dulu kan jadi ribet mau berteman,NEGATIF
Overall INI APLIKASI BAGUS PALING AMAN YANG PERNAH SAYA PAKAI UNTUK BELAJAR DAN PRAKTIK DENGAN NATIVE SPEAKER. YA TAPI KADANG KADANG NGELEG GITU GIMANA YA... KAYAK TAMPILAN F***BOOK KALAU DI BUKA DI LAMAN WEB... SEMOGA BISA SEMAKIN MAJU LAGI HELLO TALK LOVE YOU...SAYA MENJADI PENGGUNA 3 THAUN LEBIH NON VIP... RECOMMEND TERGANTUNG KAMU MAU BENERAN BELAJAR ATAU TIDAK,POSITIF
snagat membantu kita dalam belajar bahasa. 加油！,POSITIF
"Seru kok apk nya,kita jadi bisa berkenalan dengan orang dari berbagai negara dan bisa belajar bahasa yang kita mau",POSITIF
Kenapa setelah selesai saya download lalu me download ulang lagi Dari awal?? Tolong perbaiki!!!,NEGATIF
"Update apaan bodoh, ngirim pesan aja harus vip dlu. Enakan versi lama, uninstall udah",NEGATIF
udah 4 kali posting ngak ada sama sekali mau temenan sama saya. mandang umur :D capek banget mau temanan aja susah. mau uninstall aja ini apk.,POSITIF
Kata aku aplikasi ini bagus sekali aku suka tapi bener gabisa nirim pesan,POSITIF
Kok tidak bisa di download tadi udah 99% terus tiba2 twing! gitu harus nginstal lagi :(,NEGATIF
aplikasi ini sangat membantu saya untuk belajar bahasa lain. Terima kasih hello talk,POSITIF
Apk ini sangat bagus bila anda mau punya teman luar negara yg banyak download hello talk pokoknya bintang lima lah,POSITIF
"Aplikasi nya manteppp,aku jadi punya buanyak temen dari semua belahan dunia ,orang nya ramah ramah sekaleeee,dan ehem,keren kerennn,apalagi orang jepang, kawai Kawai kakak kakak nya,kalo kita niat nya baik buat cari temen mereka juga seneng,walau ada sebagian yang kurang Baek,dahla,sudahi sedihmu, download aja ini mah gak bakal nyesel.",POSITIF
Hello Talk ini sangat membantu belajar bahasa inggris saya,POSITIF
"Bagus siih keren, visa menemukan banyan teman baru. Dari berbagai negara.. So I like this app",POSITIF
waktunya cuman 5menit dikit banget masa hrs byr trs wktunya jalan tpi ga diksi materi tu kosongggggg semuaaaa tpi wktunya trus jalan sampe abis maunya apasiii,NEGATIF
Aplikasinya sangat bagus tapi ada yg harus berbayar..,POSITIF
Dapet temen asing dari aplikasi ini..udah 2 tahun dong kita gak lost kontak wkwkwk,POSITIF
"Maaf kok punya saya nggak bisa di download ya, padahal udah 100 persen tapi balik lagi jadi 0 persen. Tolong diperbaiki ya",NEGATIF
Aplikasinya sebenernya bagus tapi saya agak sedikit bingung saat login.,POSITIF
sudah top up membayar VIP..tapi tidak bisa mendapatkan layanan VIP,NEGATIF
Awalnya bagus bisa diartikan terjemahan lama klmaan bayar nyblin,POSITIF
Punya gw eror nih muter muter mulu kirim pesan gx nyampe nyampe buka wa aman YouTube aman fb aman ig aman.,NEGATIF
Aku senang bisa menemukan aplikasi ini dan saya juga bisa punya pacar di aplikasi ini tapi.akun dia di delete Dah lah..,POSITIF
"Kenapa saya ga bisa download ini? pdhl ruang penyimpanan masih banyak,dari tdi hanya tertunda ga bisa ke download",NEGATIF
"kenapa terjemahan nya tidak permanen,kenapa harus to up dulu saya ga punya uang,bintang satu aja dah buat apk nya",NEGATIF
Apk ny baguss banget>∆< Watashi jdi bsa bhsa Jepang deh🥴💗 Watashi jga pnya sahabat pena dari jepang🙂🖤 Nmanny Taichi ajhima Tpi sya mnggilny Taichi-Kun🤣💅 Ayo instal😾👍 Apk ny sngt keren😾👍👍 Di jamin ga bakal nyesel😚👍,POSITIF
"App ny bagus bngt weh, ku bisa contact kan sm org Korea kaks✌🏻 hrs download deh ga download nyesel loohhhh🗿",POSITIF
"Aplikasi ini sangat membantu saya,Dan juga aplikasi ini sangat bagus jadi jagan sungkan² Kalo mau mendonlot aplikasi seBagus ini ☺☺",POSITIF
"Saya tidak tahu kenapa,kok saya tidak bisa login,dengan keterangan saya sudah di report,padahal saya merasa tidak melakukan hal yg buruk,please gimana cara balikinya",POSITIF
Wah aplikasinya berbayar ya... Bagi orang yang berduit mungkin cocok... Tapi apalah dayaku😌,NEGATIF
"Kok ngga bisa di download sii, muter² teruss dah",NEGATIF
Aplikasi nya bagus bisa ketemu orang dan jadiin temen✨,POSITIF
"Dari tadi saya install aplikasi ini tpi tetap aja muter muter (loading) Padahal Kouta saya masih byk, bikin gue emosi aja",NEGATIF
Sangat bagus ini aplikasi kalo bisa buat vc,POSITIF
"Bagus banget, tapi kenapa harus ada premium nya. Tapi tetep bagus",POSITIF
"Buanyak yang memakai akun palsu dan di salah gunakan untuk kirim pesan yang tidak pantas,,,",NEGATIF
"Thankyou for this app, aku belajar korea dengan langsung ke masyarakatnya sendiri",POSITIF
"bagus, tapi kenapa gak bisa ditarik pesan ya?",POSITIF
Fitur gratisnya pelit amat tapi gapapa lah bisa dapet temen orang Jepang udah gitu kawaii lagi,POSITIF
The best app sih bisa banyak temen disini sekarang dah 156 foll Puji Tuhan orangnya jg ramah,POSITIF
"Cuma bisa say hi ke 5 orang aja, gabisa 2/lebih bahasa",NEGATIF
Apk tidak bagus,NEGATIF
Sangat bagus dan bermanfaat sekali saya jadi punya teman asal korea asli,POSITIF
"kak bagus banget dan aku dapet temen russia,china,belanda,sphanyol juga kak baguss deh tolong di jawab ya kakak☺☺☺☺☺",POSITIF
Kok makin lama pakainya jadi gak dapat kirim pesan,NEGATIF
saya download aplikasi ini hampir 3 jam waw padahal sinyal full,NEGATIF
"Bagus banget malah, sayangnya penggua aktifnya sedikit",POSITIF
Terlalu bingung tidak bisa buka klo ada yang chat ga ngrti cuma bisa cht doang,NEGATIF
Nice aplikasi membantu belajar bahasa Bisa ktmu tmn baru,POSITIF
"Bagus, semoga kedepannya bisa posting video juga",POSITIF
Aplikasi nya bagus tapi apakah bisa tolong tambahkan fitur cari pasangan?,POSITIF
Kok download nya lama udh hampir 1 hari gak selesai selesai masi 72,NEGATIF
"Minta tolong, kenapa gambarnya tidak muncul semua ya?",NEGATIF
ga bisa di download padahal memo aku masih 240 GB aneh bat aku udah bersihin sampah hp aku tpi ttp ga bisa 😤🙄,NEGATIF
"Nak Coba ni, semoga segera lancar berbahasa dan faham bahasa. Terima kasih admin.",POSITIF
bagus sih tapi sayang nya ada batas nya jadi harus berbayar,POSITIF
Aku sukka banget akhirnya punya banyak temen koreaa dan bisa belajar juga🍁,POSITIF
Hallo selamat siang tolong ini kenapa aplikasi pake duit ya padahal saya hanya mau berteman dengan orang bule kalo gini boros duit terimakasih,POSITIF
"Makasih banget ,gw nginstall apk ini dari tahun kemaren dan sampe hari ini gw masih temanan sama temen gw d jerman",POSITIF
Semoga dapat membantu belajar bahasa asing😁,POSITIF
Bisa punya banyak teman sekalian belajar bahasa inggris,POSITIF
Kenapa saya tidak bisa login Facebook please perbaiki,NEGATIF
"Meski tidak lama belajar semoga aplikasi ini dapat membantu saya, sejauh ini bagus kok👍",POSITIF
Saya mau ganti mengajar kok nggk bisa Tapi ganti belajar gampang gonta gantinya anehh banget,NEGATIF
"aplikasi bagus, tapi mengapa harus bayar hanya untuk translate?",NEGATIF
"kenapa harus bayar si?dikit² bayar, niatnya mau cari teman, eh disuruh bayar biar VIP ,mood langsung turun",NEGATIF
"HEMEH APLIKASI TIDAK BERGUNA! gk mau nyesel kan? Coba app lain! COBA DROPS & LINGODEER! knp? Knp harus coba yg lain?KARNA SAYA SUDAH BELAJAR DI 5 LEBIH APP TAPI GK NEMPEL DIOTAK TERMASUK HELLO TALK SAYA MUAK! Knp saya bilang begini? KARNA SAYA SUDAH BANYAK MENCOBA DAN MENCARI APLIKASI"" BELAJAR BAHASA YG BAGUS&MENGINSPIRASI! Saya bosan muter"" play store mulu. Kamu gk mau sama kaya saya kan? COBA REKOMEN SAYA DIATAS ! @Develover hello talk Izin pinjam Kolm komntar! Saya gk mau mereka nyesel!",NEGATIF
"Tidak dapat menginstal aplikasi, selalu terulang",NEGATIF
Mengapa tidak bisa update otomatis,NEGATIF
Selalu gagal saat login kembali. Kenapa??,POSITIF
Gak enak banget sekarang dibatasi join roomnya,NEGATIF
"Baguss,aku dapat banyak temen,tapi tolong update biar bisa post video...",POSITIF
"TIBA TIBA LOG OUT.. TERUS TIDAK BISA LOG IN LAGI,PADAHAL EMAIL DAN PASSWORD BENAR!!!",NEGATIF
Aplikasi bahasa asing sangat bagus,POSITIF
Bintang 4 dulu soalnya baru download kalo mudah di pahami saya kasih bintang 5,POSITIF
"Sulit sekali sign up, udah beberapa kali dicoba gagal melulu",NEGATIF
"Padahala banyak yg suka sama aplikasi ini, tapi sayangnya berbayar",NEGATIF
Keren ada terjemahannya juga good lahh👍,POSITIF
Aplikasi ini bagus banget si tapi tolong harga permium di turunin mata duitan banget si,POSITIF
Sumpah aku enggak ngerti banget apa apa Tapi aku suka aplikasi ya Soalnya bahasa Inggris semuanya 😭 Aku enggak bisa bahasa Inggris,POSITIF
Ini tidak berguna aku saat itu lagi ngechat sama teman aku TERUS dia menyuruh aku membayar nya dan tiba tiba ditanya nya lagi denga (HELLO TALK) SAYA JADI SANGAT KESEL banget😠,NEGATIF
"Aplikasi ini bagus banget,aku jadi dapet banyak teman dari belahan dunia",POSITIF
Kok punya sya gk bisa daftar ya? Susah/ribet banget gk kaya apk lain nya,NEGATIF
ya lumayan lah tapi kebanyakan yg pakr apk ini pda tuir2. ups sorry!,POSITIF
"saya suka, mohon dipermudah dan diperjelas lagi aplikasinya",POSITIF
Kenapa saya pas login lagi kok server eror ya tolong dong,NEGATIF
"Ada yg kurang, gk bisa upload video",POSITIF
Mengapa saya tidak bisa menginstal aplikasi nya?? Pdahal memory ponsel saya tidak sedang penuh,NEGATIF
tidak terlalu bagus karna berbayar,NEGATIF
Tolong saya tidak punya akun email jadi saya gak bisa buka aplikasi nya saya beri satu ajadeh bintang nya,NEGATIF
"sangat membantu ,, terimakasihh buat apk nie",POSITIF
Diupgrade brkali2 tpi ndak bsa2 log in,NEGATIF
"Apk ni bagus banget ,,aku udah dapat banyak temen dari apk ini ,,buruan download gih:)",POSITIF
aplikasinya bagus.. 👍👍 cuman agak lemot..,POSITIF
"Apk nya bagusss bgt, wajib download kalo mau punya temen Dari berbagai asal negara, Yukk, 💙",POSITIF
Sejauh ini paling suka sm Hello Talk. Disini gak nemuin orang yg pervert.... Beda sm app² lainnya,POSITIF
Nyesel gw dwonlod. Pas mau daftar mala kembai mulu tau dah gw uninstal lg. Udah yah buat kalian jgn dwonload appk ini ntar nysel,NEGATIF
"Hei tolong permudah untuk yg gk membeli VIP ku terlalu kit ati, apk nya bagus cuman klo gk beli VIP dibatesin mlu",POSITIF
Bangai mana cara nya menghapus akun lama karna di akun lama saya ada sedikit kesalah mengenai bahasa yang di kuasai mohon bantuan nya😁,NEGATIF
Bukannya belajar bahasa korea malah dapet pacar:),POSITIF
Aku suka aplikasi ini aku jadi punya banyak teman dari luar negeri dan sahabat dari berbagai negara❤,POSITIF
"Bagus sih aplikasinya tapi translatenya kok bernayar:"") hanya buat VIP aja maksutnya gimana??",POSITIF
Kok nggk bisa daftar ya? Loading ny lama bnget,NEGATIF
Bnyak teman yang mau bantu utk belajar bahasa Inggris .,POSITIF
Aku pengen belajar bahasa ini karna aku suka banget sama korea,POSITIF
"Knp sekarang loading mlu, pdhal bagus jaringan dan sinyalnya😭",POSITIF
Kenapa selalu tidak terhubung? Padahal jaringan saya bagus. Tolong bantu saya,POSITIF
"Sangat membantu, tapi tidak tahu bahwa teman kita punya pengikut berapa? Tolong biar tahu bagaiman?",POSITIF
Saya sedih ga ada orang luar negrinya tolong di perbaiki,NEGATIF
Apk ini bagus banget tapi knp kebanyakan orang Korsel ya tpi mereka pada baik baik Seneng deh makasih banyak ya yg buat apk ini,POSITIF
"I got question , kenapaaa yah awalnya kalo aku update moment banyak love skrng jangkauannya jdi dikit padahal aku pake vip (: please help me",POSITIF
"Terima kasih kepada developer HelloTalk 😊 berkat aplikasi anda, impian saya memiliki teman orang korea terwujud.",POSITIF
saya mau instal tapi kenapa selalu tidak bisa?,POSITIF
Udah download tapi gak bisa masuk sama sekali,NEGATIF
Bagus. Punya banyak temen dari luar negri gara2 apk ini huhuu,POSITIF
"its good, tpi susah di download",POSITIF
"Aplikasi ini, bagus sekali, hanya saja tidak mau diapdate",POSITIF
Wawww bisa berkenalan dan bisa mempelajari ilmu pengetahuan Korean!!!!!,POSITIF
"Apk nya bagus, cuman apa apa harus bayar jadi kek gak enak aja gtu😔",POSITIF
Kenapa tidak bisa bikin status video 😭😭😭,POSITIF
Hellotalk adalah aplikasi yang sangat bagus dan berguna,POSITIF
aplikasi bhasa inggris yg bagus.,POSITIF
Anjy gara gara ni aplikasi gw bisa berteman sama orang Jepang btw makasih bnget cuk,POSITIF
Min ini kenapa ga muncul di layar aplikasi nya ya,POSITIF
Suka bgts sana apliksi ini mantap pokoknya bisa kenalan sama orang2 di belahan dunia..,POSITIF
Tolong hilangin fitur VIP nya!! itu membuat saya susah menerima pesan dari orang lain!!!,NEGATIF
Woyy knpa ini gw udh download bolak balik masa kok mqlah harus download lagi ppadahal gw u80% trs tiba2 0% lg anjg,NEGATIF
lumayan buat belajar bahasa,POSITIF
Bagaimana nih?? Saya tidak bisa masuk Disitu di katakan = perangkat anda tidak bisa menambah akun lagi... Gajelas banget,NEGATIF
Saya baru saja mendownload lagi aplikasi ini tapi semua data saya hilang. apakah bisa di kembalikan semua datanya?,NEGATIF
Appnya bagus dan sangat membantu..,POSITIF
"Aplikasi sangat bagus, dan sangat membantu",POSITIF
Apk gila udh berbayar malah login ga bisa,NEGATIF
aplikasinya bagus. tapi agak masih bingung.,POSITIF
"Coba dulu klo ada gratis nya kita bilang sama teman sebanyak2 nya, tapi klo bayar pindah ke aplikasi sebelah aja😁",POSITIF
Terlalu banyak micro transaction bahkan untuk chatting,NEGATIF
Aplikasi nya bagus aku jadi punya teman korea,POSITIF
thankyouuuuuu gila make apps ini temen dari luar negri banyak bngt🤗🤣🥰,POSITIF
Aplikasinya Bagus ko..TAPI...뭐지.....?😁 Oh....VIPnya Mengganggu sekali...😭🙏🙏,POSITIF
Ini sangat bagus banget harus dowload ya,POSITIF
Bagus Banget Yang Mau menguasai Bahasa Lain.Cocok Banget Buat Saya. Terima Kasih Hello Talk 🥺👉👈,POSITIF
Enak game nya jadi aku punya temen luar negeri semua ahh seru pokok nya harus donglot😘,POSITIF
Aplikasi ini bagus bangatttttttttttttttttttttttt,POSITIF
"Saya tidak bisa masuk , padahal email dan kata sandi saya sudah benar",NEGATIF
Membantu saya dalam belajar Bahasa Jepang,POSITIF
"Banyak orang menggunakan app ini untuk cari pacar, apalagi orang indo nanya nya ga sopan",NEGATIF
"Setiap saya ingin chat dengan orang lain, selalu tidak bisa dibuka, harus vip dulu... plislah gausah pake vip vip an",NEGATIF
kenapa iya akun aku tidak bisa menerima pesan masuk itu kenapa iya,NEGATIF
Saya mendapatkan teman yang banyak untuk belajar English. Terima kasih hello Talk 🤗🤗🤗🤗🤗,POSITIF
"Suka sama apk ini cuman fitur VIP yg ngebayangin jadinya ga bisa translate terus"" Apalagi chat nya terbatas tiap hari nya",POSITIF
Hey! Mengapa saya tidak bisa membuat akun kembali!!! Akun yg lama sudah saya hapus tapi saya pengen bikin akun lagi tapi kenapa gk bisaa???,NEGATIF
Aplikasinya sangat bgus dan sngat mmbantu saya bisa dpet tman dri cina😆😆,POSITIF
"Saya sangat suka aplikasi ini, karena aplikasi ini saya punya banyak teman dari negara lain🤗",POSITIF
Seru banget apk nya yang ga Download rugi segera Download aplikasi ini ak jadi aga ngerti bahsa luar negri makasi devloper udah bikin aplikasi ini,POSITIF
Kok nggk bisa daftar ya? Loading ny lama,NEGATIF
Gara gara aplikasi ini aku Jadi lebih cepet dapet temen luar negri ☺️,POSITIF
"Guys buruan download deh di jamin asikk, gw dapet temen orang luar pada ramah semua ,ganteng ganteng uhuyy",POSITIF
Knp saat ak download udh 100 tapi malah ulang dari 0 lagi Menyebalkan 🔥,NEGATIF
Mengapa saya sudah tidak bisa login ke hello talk? Ada apa yaa...,NEGATIF
Makasih buat apk ini sangat memmbantu sekali 🇵🇱🇵🇱🇵🇱,POSITIF
tolong jangan bayar jika mau translate!!!,NEGATIF
kenapa aku enggak bisa login ya tolong bantuannya,NEGATIF
Kenapa saya tidak bisa daftar..udh berkali2 dicoba..,NEGATIF
pas mau log in akun malah keluar sendiri :(,NEGATIF
sumpah gue udh dapetin 7 orng dari luar negri dan lanjut di wa seneng banget,POSITIF
Kak jgn di ksih vip ka pls,NEGATIF
"aplikasi ini bagus, tetap tingkatkan keamanan aplikasi ini.",POSITIF
Aku mau coba dulu untuk belajar bahasa Inggris,POSITIF
Aplikasi nya sangat bagus dan mengedukasi,POSITIF
"Bagus sih, cuman pas hp ku rusak dan ganti hp lagi, eh malah ilang semua history chatnya. Jadi aku kasih 4, dulu ya",POSITIF
"PERSETAN DENGAN APLIKASI INI,SUDAH SAYA INSTAL BEBERAPA KALI TAPI TIDAK DAPAT TERPASANG",NEGATIF
Kok akun saya di banned ya gabisa komentar dak ikut room voice padahal ga ngapangapain solusinya gimna?,NEGATIF
"kok gak bisa diinstal yaa, ,",NEGATIF
"maksudnya VIP yang di bayar apa,pakai apa kok gitu sih gimana trasledenya harus bayar 😢😢😢😭😭😭😭😭😭😭😭😭😭😭😭",NEGATIF
"Aku kok ga bisa instal sih, udah download tapi ga bisa diinstal",NEGATIF
Tolong donk fitur vip nya dikurangi gitu jadi kesulitan buat cari teman nya,POSITIF
bagaimana jika memulai ulang aplikasi karna terkena banned?,NEGATIF
Bagaimana cara top up?. Soalnya saya mencoba tidak bisa lewat aplikasinya 🙏🙏🙏,POSITIF
Ternyata gak bisa di download,NEGATIF
Ini sangat sangat buruk mengecewakan 👎😣,NEGATIF
SAYA TIDAK SUKA DENGAN FITUR PREMIUM,NEGATIF
Ini kenapa yh udh 100 malah balik lagi jadi 49% kan habisin kuota,NEGATIF
"Semua bagus, sangat bangus, baik pula Cuman hanya aku yang jahat xixixi",NEGATIF
"Kenapa saya susah mendaftar masuk,dia terus mengulang",NEGATIF
Woww aplikasi ini sangat keren dan btw jangan lupa follow aku yah @Hello_Naurah,POSITIF
"Kenapa aku ku di banned padahal kan cuman kirim foto,,foto game pula Binggung Ama ni apk",NEGATIF
Akun saya di baned saya sudah lapor di email hello talk .tidak di respon emaiil saya aplikasi tidak jelas pihak ya tidak melihat laporan saya di email,NEGATIF
Terimakasih di aplikasi ini aku bertemu dengan orang2 yang luar biasa 👍,POSITIF
gantinya ia tidak pernah bisa lepas pantai Queensland Australia terbuka Wawrinka ke final liga Champions musim ini,POSITIF
"Kenapa saya di ban device, seharusnya di ban akun saja padahal aku cuma mau becanda sama orang lain:(",NEGATIF
"Aku suka kak, terimakasih sudah Buat aplikasi ini ya ...",POSITIF
Mengapa aplikasi nya tidak bisa terinstal?,NEGATIF
Kenapa yaa susah untuk di install,NEGATIF
Membantu dalam pertemanan,POSITIF
Aku beri bintang lima. Aplikasinya bagus,POSITIF
"Aplikasi ini bagus,aku suka",POSITIF
Knp susah di install,POSITIF
Aku kok gak bisa masuk yah mau daftar gak bisa,NEGATIF
kok gabisa sign in sih pdhl dh ada account lama,NEGATIF
Sangking seru dan asik nya no coment deh pokoknya 🌻🌻🌻,POSITIF
download ini karena rekomendasi dari tiktok semoga bermanfaat buat saya 🙂,POSITIF
Terimakasih ☺️🙏🏻 karena apk inii.. Aku bisa ounya Teman dri Negara lainn..🤫🙏🏻,POSITIF
"Mau byr vip susah bngt gagal mulu,kmrin mo pake plsa gk bs,gopay jg gk bs",POSITIF
kenapa daftar nya lama sekali😥,NEGATIF
Oke banget ini. Tapi masih agak sedikit bingung,POSITIF
"Aplikasinya bagus sekali, gw kasih bintang 5 ya 😊😊❤❤❤",POSITIF
"GA ASIK SKRG ADA BATAS WAKTU HRS UPGRADE VIP DLU BRU BS LANJUT, SARAN SAYA SIH MNDING DIKASIH IKLAN AJA DRPD HRS BELI VIP",NEGATIF
Aplikasinya bagus aku suka,POSITIF
Kenapa ini tidak bisa di instal?,NEGATIF
belum nyoba sii tapi pas udah nyoba ku naikin rantingnya lagi sans aja.,POSITIF
Yg kata temany tentang masyarakat tapi judulny : sopan santun pas di buka tetep koskata no.2. Hbs itu kok g ada artiny? Tapi ad yg sama kata2ny？ (mohon di bales),NEGATIF
Kenapa aplikasi hello talk saya macet ?,NEGATIF
"ini aplikasi terbaik yang pernah aq coba, rekomend bgt deh",POSITIF
Maaf ya kasih bintang 4solnya aplikasi nya blm cocok ama kriteria gue,POSITIF
Kok g bisa masuk sih,NEGATIF
Nice aplikasi dan sangat membantu,POSITIF
Apk ini bguss bngtt buat saya pnya bnyk tmn di luar negeri ☺️,POSITIF
Aplikasi nya sangat bgus!!,POSITIF
Membantu untuk belajar,POSITIF
Masa di suruh download lagi kan ngabisin kuota aj dah Mls bet gw Tolong di jelaskan knpa gw harus download lagi,NEGATIF
iyaa ini namanya percakapan antar negara,POSITIF
Tolong ini kenapa saya Ingin buat akun baru tapi kenapa saya tidak bisa mendaftar kembali ?,NEGATIF
Kurangi mb nya dan kenapa gak bisa di isntal,NEGATIF
kenapa saya gabisa log in sih,NEGATIF
Gimana biar kita chat kita dibales sama orang org jepang.... Susah x cuk g dibales bales.. klo lu org yg g sabaran.. plis jan donlot nanti naik darah tinggi😈,POSITIF
Saya harus mencoba nya kalau bagus saya tambahkan agar kalian tidak nyesel,NEGATIF
Saya kok tidak bisa mendownload apk ny ini ada apa ya,NEGATIF
Kenapa saya tidak bisa mencari teman baru :( tidak bisa di scroll,POSITIF
Harus vip biar bisa akses semua fiturnya. Jelek,NEGATIF
Ihhh bagus banget 👌😫 Meskipun BUAT anak anak Lho Ini Gak papa 🌟👍,POSITIF
Ko gak bisa login lagi ya?:(,NEGATIF
Aplikasi bagus nih wajib install,POSITIF
"Bagus, semoga smakin bagus selamanya",POSITIF
Saya tidak bisa memasukan akun saat registrasi. Tolong bantuannya,NEGATIF
"Ga berguna ni aplikasi, gabisa di instal",NEGATIF
Menambah teman di luar negeri,POSITIF
suka aplikasi ini Sangat membantu,POSITIF
Kenapa nih kok aplikasih telah berhenti,NEGATIF
baguslah dari aplikasi ini syaa dapet cewek di korea ☺,POSITIF
Coba ini aplikasi kasih trial VIP biar pada bisa ngerasain VIP kasian masa mau ngerasain harus bayar☺,POSITIF
awalx seneng. tapi gak ada satupun yang mau bertemen sm ak,NEGATIF
Tolonglah buat kirim pesan buat ngobrol jangan pake VIP buat ngobrol yg lain tolong lah murahin atau yang lain VIP kalo buat ngobrol jangan di VIP in,POSITIF
terimakasih telah membuat aplikasi ini,POSITIF
sangat oke sekali aplikasi ini.,POSITIF
Makasih telah membuat aplikasi ini karena telah membuat saya pandai bakor,POSITIF
kenapa harus bayar cuman buat terjemahan,POSITIF
Mantap dan sangat Bagus..,POSITIF
"APL INI SANGAT MEMBANTU UNTUK SAYA YANG MASIH PEMULA, DALAM BELAJAR BAHASA INGGRIS",POSITIF
Gara2 apk ini aku dapet temen korea juga makasih deh pokok nya,NEGATIF
Bagus bgt ni aplikasi gw udah dapet temen orang luar:),POSITIF
Kenapa gak bisa kirim pesan,POSITIF
Ternyata aplikasi nya berbayar,POSITIF
Tidak bisa login di device saya,NEGATIF
Ya Aplikasinya bagus dah itu saja 😂,POSITIF
Aku belum mencobanya mangkanya ku kasih bintang 2 dulu,NEGATIF
kok ngga bs nginstall dr td ya??,NEGATIF
ya semoga saja aku bisa lancar berbahasa Korea amin ya rabbal alamin 🤲👍💖,POSITIF
Jangan nyesel karna app ini bagus,POSITIF
suka sekali dengan aplikasi ini,POSITIF
saya lupa kata sandi yang dulu. tolong bantu saya agar bisa masuk.,POSITIF
Apk ini sangat bagus saya sangat suka,NEGATIF
Parah sih ini aku dapet temen banyak banget jadi aku gak kesepian lagi deh😍😭😭💖❤,POSITIF
Aplikasi super duper keren,POSITIF
aplikasinya bagus banget,POSITIF
Semoga aplikasi ini tidak mengecewakan yah:),POSITIF
Bagus banget bisa berteman ma orng luarr,POSITIF
Tidak dapat mengirim pesan,NEGATIF
wow aplikasi ini tidak bagus,POSITIF
GG Anjay Berkat Aplikasi Ini Saya Mendapatkan Banyak Teman Dari Luar Negeri,POSITIF
Saya tak bisa nonton iklan,POSITIF
Aplikasi kagak jelas....akun gua hapus buat bikin akun baru aja dibikin ribet njirrr,NEGATIF
Seru banget bisa nambah teman dari luar negeri💞,POSITIF
Udh di download 3 kali g bisa di install!!!,NEGATIF
"belum coba, tapi terima kasih",POSITIF
Translate di batasi .cht di batasi Kalau habis suruh join VIP berbayar Kalau nggk ga bakal bisa di gunakan lagi cht nya,NEGATIF
mantap..semoga makin maju kedepanya...,POSITIF
Mohon maaf ini app bug,NEGATIF
Gak bisa log in terus.,NEGATIF
Tidak gratis. Maaf di unistal lagi,NEGATIF
Sangat bagus aku menjadi punya sahabat dari korea,POSITIF
Udah donlot tapi ngga ada yang ngecet,NEGATIF
Lag gabisa login,NEGATIF
Aku kira gratis ee gak tau nya bayar jga,NEGATIF
Ehh yg dapat teman dari hello talk caranya gimana sih aku gadapat dapat,NEGATIF
"aneh, udah patuh aturan eh tiba"" kena banned tanpa alasan",NEGATIF
Aplikasi yang sangat bermanfaat,POSITIF
Apakah kalo chattan harus berbayar!!,NEGATIF
Lebih Di Tingkatkan Lagi,POSITIF
Aku tidak tau apa yang harus ku katakan tentang aplikasi ini.....😁,POSITIF
Aplikasi ini cukup bagus,POSITIF
aplikasi ini bgus skali jdi aku kasih bintang4,POSITIF
"Aku kasih bintang 1 dulu, soalnya apa² hrs pake duit di hello talk",NEGATIF
Aplikasinya bikin bangkrut kuota.,NEGATIF
Tai asu celeng.mau ndaftar aja susah amat,NEGATIF
knp ga bsa di download,NEGATIF
Aplikasinya sangat bagus👍👍,POSITIF
Aplikasi nya bagus banget,POSITIF
Sangat bagus apl ini,NEGATIF
Kenapa aku tidak bisa mengirim atau menerima pesan😥,POSITIF
Kenapa akun ku gak bisa login bgst,NEGATIF
SUMPAH GW NYESALLLL UNDUH INI APK NGGAK ADA UNTUNG BAGI GW...PADA SOMBONG2 SEMUA ORANG2 BARUNYA PADAHAL GW AKUN ASLI POTO ASLI PERSETAN DENGAN APK INI...TAIPILAT!!!,NEGATIF
Aku beri bintang. Satu karena aku gak bisa cara nya aku bingung 😕 lagi,NEGATIF
Banyak yang ga mau membalas obrolan saya,NEGATIF
Terima kasih hello talk semoga makin sukses,POSITIF
kenpa ya kok bagus kali wkwkkkwkw,POSITIF
Aplikasi yang sangat membantu,POSITIF
Kenapa gabisa di download?,NEGATIF
Kenapa kok gk bisa di download ya?,NEGATIF
Apakah saya bisa membeli hello Japanese selama 1 bulan?,POSITIF
Tidak bisa mendownload,NEGATIF
Kenapa saya tidak bisa memposting moment?,NEGATIF
sulit login knp?,NEGATIF
Mantap sangat m3mbantu,POSITIF
Kenapa saya tidak bisa menginstal aplikasi ini,NEGATIF
"Cukup memuaskan,",POSITIF
Mudah mudah bagus',POSITIF
maaf gue copot jasa penerjemah harus beli!....huff,NEGATIF
Aplikasinya bagus banget👍👍👍👍👍👍👍🤞👍👍👍👍👍👍👍👍👍👍👍👍🏿👍🏿👍🏿👍🏿👍🏿👍🏼👍🏼👍🏼👍🏼👍🏼👍🏼👍🏼👍🏼👍🏼👍🏼👎❤,POSITIF
kenapa saya masuk gak bisa ya?,NEGATIF
APlikasi yang sangat bagusss,POSITIF
Vip di hilangin udh itu aja saran nya:),POSITIF
Susah untuk transletin nya,NEGATIF
Huaaa Kecewaaa Harus Beberapa Kali Dowload dulu Bru Bisaa:(,NEGATIF
Banyak teman yg mau membantu hehehe....,POSITIF
saya suka karna saya bisa ada sahabat jauh,POSITIF
kenapa ga bisa gue download??!?!?,NEGATIF
Sumpah lodingnya lama banget,NEGATIF
ga bisa di install,NEGATIF
"Thanks A Lot,jadi ketemu jodoh wkwk",POSITIF
Aplikasinya bagus,POSITIF
Aplikasihnya ok bagus,POSITIF
Aplikasinya bagus 👍,POSITIF
aplikasinya baguss,POSITIF
Parahh lemot bangett!,NEGATIF
Aplikasi nya bagus,POSITIF
Gak bisa di Download tolol,NEGATIF
APLIKASINYA JELEK?!?!?!?!?!?!?!?!?!?!?!?!?!?!?!?!?!?!?!?!?!?!?!?!?!?!?!?!?!?!?!?!?!?!?!?!?!?!?!?!?!?!?!?!?!?!?!?!?!?!?!?!?!?!?!?!?!?!?!?!?!?!?!?!?!?!?!?!? TAPI BOONG APLIKASINYA BAGUS KOK KALIAN WAJIB DOWNLOAD SEKARANG YA!!! KARNA KINI BISA BUAT CHATAN SAMA ORANG KOREA BRAZIL PORTUGIS INDIA DAN LAIN LAIN POKOKNYA BAGUS DEH SAYA SUKA BANGET!!!!!!!!!!!!!!!!!!!! 😍😍😍👍👍👍👏👏👏🙌🙌🙌🤝🤝🤝👼👼👼KALO NGGAK DI DOWNLOAD PASTI NYESEL DEH YA DOWNLOAD SEKARANG YA GUYS SOALNYA INI GRATIS LOH YA BAYBAY!,POSITIF
Gk terlalu,POSITIF
Cara daftar aplikasinya g mana sih,POSITIF
Dpt tmn bru,POSITIF
gak bisa ganti akun,NEGATIF
MASA GABISA DI PAKAI. TOLONG PERBAIKI SISTEM NYA,NEGATIF
Bismillah moga aplikasi ini memuaskan,POSITIF
Tolong kembalikan keversi sebelumnya 🙏,NEGATIF
Aplikasi yg bagus,POSITIF
Apk ini emang baguss,POSITIF
Saya suka dengan aplikasi ini,POSITIF
Sama saja gak bisa woiiii,NEGATIF
Ngal ada bahasa Indonesia,NEGATIF
Sangat bagus sekali,POSITIF
sangat bermanfaat,POSITIF
Aku baru coba. Tapi aku tetap kasih bintang 5.,POSITIF
download nya lama,POSITIF
BERKAT APLIKASI INI SAYA PUNYA BAYAK TEMAN DARI JEPANG!! THANKS 😌,POSITIF
Aplikasi sangat jelek,POSITIF
bagaimana jika akun saya di hapus dan saya ingin kembali lagi bagaimana caranya,NEGATIF
Susah sekali di download,POSITIF
Saya sangat suka dengan aplikasi ini,POSITIF
Karna apk ini saya jd kenal sama Bella😣😸,POSITIF
Mau download aja susah bgt,NEGATIF
Gak Bisa Bahasa Jepang:v,POSITIF
Knp si mahal bgt klo mau Vip,NEGATIF
Kayak nya bagus,POSITIF
G jlsss g bisa di download!!!!!!,NEGATIF
Bagus banget aplikasinya👌👌👌👍👍,POSITIF
"Sampah, apa"" mesti vip...mending private sekalian lol",NEGATIF
Apk nya bagus,POSITIF
Bagus aplikasi nya,POSITIF
Sangat membantu,POSITIF
Sangat membantu ku....,POSITIF
Makasih gw dapet pacar orng amerika dan langgeng sampe skrng,POSITIF
Dilarang akses,NEGATIF
Knp g bisa d download,NEGATIF
oke sangat membantu,POSITIF
Mau ganti bahasa aja bayar,NEGATIF
"Bagus banget, sukak",POSITIF
Aplikasi yang kerenn👍👍,POSITIF
Saya ingin bertanya apakah membeli yg lifetime itu permanen ?,POSITIF
Sangat membantu,POSITIF
hi saya pengguna baru di apk ini,POSITIF
Susah banget di download... pdhl jringan bgs,NEGATIF
Sungguh luar biasa_-,POSITIF
Wow!!!!!!!!!!!!!!!!!!!!!!!!!!!!!!! Ini mantap banget,POSITIF
Kata ilham aplikasi ini sampah,NEGATIF
Baru pengen coba semoga bagussss,POSITIF
Sangat bermanfaat,POSITIF
Saya suka aplikasi ini,POSITIF
Saya beri bintang segini dulu soalnya saya masih awal,POSITIF
sangat membantu,POSITIF
LUPA KATA SANDI. MAU KIRIM EMAIL TIDAK TERDETEKSI MULU. JADI MALES,NEGATIF
Aku baru coba hehe Jangan lupa follow ig aku Melani_rahma2 Youtube nya Melanirahma2,POSITIF
Bagus kok....... Sumpah aku g bohong ya.... !!!!! ☺☺☺👌👌👌,POSITIF
Bagus bangat aku suka,POSITIF
Sedih banget harus bayar,NEGATIF
Cara ganti gender gimana sih,NEGATIF
Wajib download intinya,POSITIF
Bagus APKnya,POSITIF
Bagus bangat sumpah pebuh deh bintangnya,POSITIF
Akhirnya aku dapat teman!!!!!?!!!!???!?!!??!!!!!!!!!!!!!!!!!!!!!!!j!!!!!!!!!!!!!!!!!!!!!!!!!!!!!!!!!!!!!!!!!!!!!!!!!!!!!!!!!!!!!!! Walaupun cuma 1🙂,POSITIF
Insyaallah aplikasi ini bgus,POSITIF
Hai guys aku di aplikasi ini aku punya 100 temen pasti kalian gak punya kan😝😜🤪😝😝😜😜😜😛😛😝kalian gk boleh iri🤪🤪kalian pasti gk punya temen 😒😒😒😎🤪🤪yaudahhh kalian gak boleh iriii aku punya temen namanya bella kalian pasti gk punya kan😜😜😜😜😚😚😚😝😝😝😝😛😛😛😒😒😒😎😎🤪🤪😜😜😎😚😎😚🤪😚jangan iriii jangan iri jangan iri dengki jangan jangan iri😜😜😜😜😜😎😎😎😎😎😝😝😝😝😚😝😚😛🤪😛😒🤪😒🤪😜🤪😜😎😒😛😝😚😝😚😛🤪😜😎😒😎😛😚😝😛😚😒🥰🥰😘🥰🥰😚😚😘😙😙😙😙😙🤗🤗🤣🤣,POSITIF
Masi kurang apk nya,POSITIF
"Ko aneh yah..pdhl 82% tiba"" ngulng lgi",NEGATIF
aIhamduIIah Bagus apk nya 🤲🏻💘😧,POSITIF
Cara atasi akun hello talk di blokir gimana?,NEGATIF
Memuaskan utk awal belajar,POSITIF
Apakah harus VIP kah?,NEGATIF
Bikin memo pnh,NEGATIF
lovee untuk ini .,POSITIF
Mainnya hebat,NEGATIF
Masa dikit vp bae,NEGATIF
Kasih nilai 4 dulu ya..,POSITIF
Ga bisa masuk,NEGATIF
Bagus banget.saya suka,POSITIF
Bismillah dapat cewek jepang,POSITIF
belum coba sihh tp,POSITIF
Aku suka sekali,POSITIF
Cara menganti kelamin gimana jir😬 gw kira gw pake laki² eh pas gw chat org Korea gw di bilang cewe😌,POSITIF
Jadi aku makin bisa deh,POSITIF
Apk Nya Mnrut Sya Bagus Dan Membatu Utk Bljr Bhs Dan Jg Mmbntu Utk Mnmbh Tmn ♡,POSITIF
Satu aja ya baru nyoba,NEGATIF
Bagus bangetttt sukaaa,POSITIF
😄 Semoga mendapatkan Teman yang baik ya untuk ku. Aamiin,POSITIF
kenapa harus bayar,NEGATIF
Baru coba coba bintang satu dulu,NEGATIF
Jelek banget!!!!!!!!!!!!!!!!!!!!!!!!!!!!!!!!!!!!!!!!!!!!!!!!!!!!!!!!!!!!!!!!!!!!!!!!!!!!!!!!!!!!!!!!!!!!!!!!!!!!!!!###!###################sbsbbsdbdbdbdb####=#=#tapi boong palpalepale,POSITIF
Belum dicoba,NEGATIF
Semoga jaya selalu,POSITIF
Tolong jangan,NEGATIF
Kok harus bayar siiiih,NEGATIF
Seru banget aku punya teman filipina,POSITIF
G bisa di download,POSITIF
VIP aja semua,NEGATIF
Ngk ngerti sumpah,NEGATIF
Oke kok.. sippp,POSITIF
Blum ku coba,NEGATIF
Kirain bisa vc.. Gk jlas asu,NEGATIF
Baru ingin mencoba..,POSITIF
Bgus Untu belajar,POSITIF
Kenapa harus VIP,NEGATIF
anyeong haseyo jounen amos imnida,NEGATIF
Gw di Baned kenapa,NEGATIF
Bagus aku sukaaa,POSITIF
Belom mencoba,POSITIF
Saya akan mencoba,NEGATIF
Kok berbayar,NEGATIF
Bayar ya ges oh nasip ku,NEGATIF
Perbaiki lagi,POSITIF
Baru mau nyoba..,POSITIF
I like it 💙💚🤍🐉,POSITIF
Oke,POSITIF
This app is very good,POSITIF
Amazing apps.,POSITIF
"Why did have upgrade to VIP, i'm happy using this app but we're have to pay😡",NEGATIF
ok,POSITIF
"HelloTalk is a fun application in my opinion, this is where we can have fun and meet new friends, even though different countries, but HelloTalk can make it happen, I highly recommend HelloTalk, because it can be used without age restrictions, and it's also very easy to use.",POSITIF
Nice app,POSITIF
"The app is normal again, thanks Dev😄👍",POSITIF
"This app is really help me to go more deeper learning German,thank you so much Dev,this is really help",POSITIF
"thank you very much for your attention, my application is back to normal. I will give five stars for this application because it helps me to learn languages ​​from other countries and can find many new friends",POSITIF
force users to vip,NEGATIF
Best apps to improve our English.,POSITIF
Very good app thankyou,POSITIF
This app is very good to learn languages 🤍,POSITIF
"Saya upgrade hello talk terbaru kenapa tidak bisa terhubung via wifi , @ht_linda199",POSITIF
New update is expensive time,NEGATIF
why this app? I can't login what is this?,NEGATIF
I like,POSITIF
"hey i'm confused by the policy of hellotalk. why do you limit users to use voice room? it would be better to improve other features to lure users to top up on Hellotalk, now I'm having trouble learning English on hellotalk because of the time limit. Not all rooms always accept foreigners. Many of my friends left hellotalk and maybe i will too. I always top up for gifts, not for VIP. But it's still affected, please fix it, maybe your data shows a decrease in users. Thank you",NEGATIF
Jepang,POSITIF
"why can't my hellotalk account log in, is the hellotalk application now having an error?",NEGATIF
No coment,NEGATIF
Happy learning,POSITIF
Good,POSITIF
Bruh i have no friend :'),POSITIF
mantap,POSITIF
good app..thanks,POSITIF
Wow,POSITIF
Ajib,POSITIF
Update Mulu elu sih apk males,NEGATIF
Sangat bagus,POSITIF
Это приложение не имеет функции перевода,NEGATIF
"хорошо, мне нравится",POSITIF
Like,POSITIF
this application is very good and cool!!!,POSITIF
"The apk is very good, I can get friends from outside, the apk is really great",POSITIF
"It's good, it's just that the bug has to be fixed, the person is off but still online in the notification.",POSITIF
suka bangetttt,POSITIF
Ntapz、dapet temen jepang gua🗿👍 ありがとうございます！！！！！！,POSITIF
"the notification comes in ""chatted with you"" but the message doesn't come in, how is this please processed immediately. my message is not received but the chat notification is always there.",POSITIF
Nice Aplikasi 👍,POSITIF
"Since I joined to this page, I can improve my English significantly. I can talk directly to natives, as I rarely meet natives in my small town. Not only English, I also wanna encourage my self to learn Spanish. And I have started.. thanks HelloTalk",POSITIF
Oke,POSITIF
Very good👍🏿,POSITIF
Bad,NEGATIF
Bagus,POSITIF
Bagus,POSITIF
Gg,POSITIF
"I think it's good but don't give 5 contacts per day, but it's good",POSITIF
Great . But iam a newbie,NEGATIF
Wow,POSITIF
nice to meet people from different countries,POSITIF
Bgs,POSITIF
So far I love the application but there may be some to add like sending a song,POSITIF
"Overall this app is good, but I wish the developer can give VIP trial. The new user can experience how VIP is so we can decide to subscribe or not",POSITIF
Thanks to this application I got a lot of friends from abroad,POSITIF
APK ANJ,NEGATIF
"Update: I have got enough of the issues that your customer care service can't solve. Every now and then, the app disconnects and takes too long to load. It doesn't even load photos on ""Moments"". I contacted your customer care and sent them screenshots, but your customer care rep. couldn't do anything!!!!!!!!",NEGATIF
Good but I also haven't got any friends😟,POSITIF
👍,POSITIF
Good,POSITIF
This oke....,POSITIF
Please make a video on a momentt🥺,POSITIF
"I love this app, because of this app i finally have new friends from different countries :)",POSITIF
Amazing app,POSITIF
Sedikit bagus,NEGATIF
Bagus,POSITIF
Amazing,POSITIF
Nice,POSITIF
Good,POSITIF
"The best, thank you🙏",POSITIF
bagusss,POSITIF
Perfect,POSITIF
nice solution.. thankyou very much..,POSITIF
This App help me to the bone 😁✌🏻,POSITIF
Great Application to enhance English skills,POSITIF
"This is good, now i have friends from other country",POSITIF
i cant stop to open this app,POSITIF
Sangat bagus,POSITIF
Cool,POSITIF
Great 👍👍👍👍,POSITIF
"Assalamu'alaikum, here I would like to give suggestions and criticism. This app is great. There is a translation so I find it quite helpful. The people are friendly too. However, it's a shame, why should there be VIP? Actually I feel less satisfied. I hope there is an increase in the number of introductory restrictions from 10 to 15 people in my opinion is enough. Thank you.",NEGATIF
"l very like this app,thank you very much for this app😊😊😊😊😊😊😊😊",POSITIF
"I think this is very helpful for me to learn, sorry for the previous rating and maybe the bugs should be fixed soon,I don't want that bug to happen again",POSITIF
جيد,POSITIF
Good,POSITIF
This application help me for learn other languages,POSITIF
Good luck baby,POSITIF
Good,POSITIF
"Please, fix the verify email, it's so hard to enter code.",POSITIF
Nice app...i recommend to you use this app guys.,POSITIF
Good app.. Congratulations,POSITIF
nice this app,POSITIF
Sangat bagus,POSITIF
Cool,POSITIF
Good,POSITIF
This app compatible on Android 11/R ?,POSITIF
ぐうｄ,POSITIF
Bagus,POSITIF
"tonight i will try to use the app,i hope this app can make me more smart, more good in english or another langauge,and i hope development can hear all suggest or critics from user this application im sorry if there mistakes for my word because im just learned the language healthly greeting",POSITIF
"Because this app,i can be close with my Japanese friends:)))),thanks a lot...",POSITIF
👍,POSITIF
"I can't sign up, why?",NEGATIF
why was my account deleted? What did I do wrong? 🥺,NEGATIF
"Sorry, but I can't make payment here on my local server for the premium app because it restricted. Hope you guys fix it soon.",POSITIF
Thank you hello talk. I get the appropriate friends to learn language and I can address a friendly from another country with a very polite attitude I'm happy to use this application😊😊😊😇😇,POSITIF
Apk jelek,NEGATIF
Membantu,POSITIF
mantul,POSITIF
Good apps,POSITIF
"App like this very helpful, and i can learn english language with many people,I'm so excited🥳🥳🥳",POSITIF
So helpful and user friendly. Thanks to developer,POSITIF
HelloTalk is a language exchange app for making friends from different countries. I recommend all of you who want to learn foreign languages and make new friends from different countries!,POSITIF
Good,POSITIF
"If we're not a VIP member, it's almost the same as not using the app function at all. I first downloaded this app two years ago, uninstalled it, and decided to install it again now. But such a disappointment that so many features are locked now (for not VIP). The VIP price is kinda expensive as well (at least for me, an ordinary student). I am sorry, I uninstalled it again. Give it +1 star cause I actually liked this app. It's a really great app tho, if you can afford it. Thank you.",NEGATIF
Mantap,POSITIF
Good for learn any langunge.,POSITIF
Why i can't make new account fttt Hello talk says = you cannot register further hellotalk account with this device !!!,NEGATIF
Giod,POSITIF
Good app,POSITIF
👍,POSITIF
"the application is very helpful, but why are the complete facilities only for VIPs? I am not able to increase VIP I suggest that all facilities be opened without having to be VIP, thank you.I understand, but I'm only from a simple family still can't afford to buy VIP maybe not only I'm out there too, if it's possible not to have to be VIP I'm very grateful developer",POSITIF
Good,POSITIF
Perfect! But I Miss my first HelloTalk account :(,POSITIF
Good apk benerbener bagus bangett yaampunn,POSITIF
Why is my Hello Talk application having problems ... I can't hear other people's recordings or my own recordings? what should be uninstalled first?? ¿???????,POSITIF
Gooddddd,POSITIF
Membantu,POSITIF
👍👍👍👍👍,POSITIF
"It's help me to practice the other language, and this app help me to find foregin friends",POSITIF
Good app. I finally got some friends who can help me learn japanese,POSITIF
best app for learn japanese,POSITIF
This app the best,POSITIF
WHY CAN'T I APPLY ???,NEGATIF
I like it...,POSITIF
Good app.,POSITIF
Very helpful,POSITIF
Amazing,POSITIF
nice,POSITIF
Bagus,POSITIF
Bagus,POSITIF
It's very useful for me. Thanks,POSITIF
I can't send a picture😖😓,POSITIF
"Hello hellotalk admin, I like this app so much but I can not login to my account since I forgot my password, I try to reset through email but it says invalid email, I am sure that I use correct email to login, pls help",POSITIF
Sangat bagus,POSITIF
GOOD,POSITIF
This app very good though,POSITIF
"One day Alhamdulillah got a good friend. I love four stars, because perfection belongs to God. The point is really a recommendation.",POSITIF
why when I translate the language must pay? .,POSITIF
Sangat bagus,POSITIF
Nice application,POSITIF
Good,POSITIF
Bagus,POSITIF
Good.,POSITIF
i like this,POSITIF
"Tnis good, thanks",POSITIF
Nice apps😍😍😍,POSITIF
Mantap jiwa,POSITIF
Mantaaaab,POSITIF
Recommended,POSITIF
Good,POSITIF
ok,POSITIF
👍,POSITIF
Thanks for your app,POSITIF
Nice,POSITIF
Good,POSITIF
"nothing is perfect, but try to approach perfection 😅",POSITIF
"Udah 2 tahun make, seru, punya temen2 dari negara yg aku pengen",POSITIF
ฉันลงทะเบียนหลายครั้ง แต่ไม่ประสบความสำเร็จ,NEGATIF
Be like,POSITIF
Terimakasih,POSITIF
❤❤❤❤❤❤,POSITIF
Why we have to pay when we want to make translation?,POSITIF
Recommended for all who will learn all languages and you can have many friends,POSITIF
"Well, I made some new friends from japan and french. They help me to learn japanese and french , and we have a plan to meet next year. This apps really awesome, i love it.",POSITIF
Sangat bagus,POSITIF
bagus,POSITIF
good,POSITIF
Good,POSITIF
Good,POSITIF
I like this ..aplikasi sngt mmbabtu,POSITIF
いいですよ,POSITIF
Bgus,POSITIF
If it's free it will definitely be more explode Best app,POSITIF
Good,POSITIF
Anyone can help me please? i cannot create a new account even though i already deleted my old account. please help me !!!,POSITIF
I'm happy 😊😘,POSITIF
Eggcellent,POSITIF
Sugoii,POSITIF
good,POSITIF
i love u HelloTalk 💜,POSITIF
I LOVE THIS APP SO MUCH!!! IT'S REALLY HELPFUL FOR YOU GUYS WHO WANT TO LEARNING OTHE LANGUAGES!!!😊😊💕💕💕❤️❤️❤️❤️😍😍😍😍,POSITIF
Hellotalk made learning languages so easy and fun for me that I had not ever imagined.... Thanks to All developers of this beautiful application,POSITIF
jelek ..,NEGATIF
Bagus,NEGATIF
good,POSITIF
"now the app has good, thnks",POSITIF
senang bisa berada disini bertemu dengan teman-teman baru yang juga belajar bahasa dari seluruh dunia. banyak teman baik disini,POSITIF
"I can't use group call, why ?",POSITIF
It's great,POSITIF
"Terima kasih hello talk berkat aplikasi ini saya punya banyak teman baru. thankyou so much, for helping me too log in again in my account. terima kasih banyak Admin and staff hello talk🙏.",POSITIF
Suka banget,POSITIF
keren,POSITIF
goog,POSITIF
Why my native language changed to Indonesian after I set English as my native in the first? I am not an Indonesian even though l live in Indonesia,POSITIF
bagus banget,POSITIF
nice app,POSITIF
좋아요,POSITIF
"it's Good, really",POSITIF
This app really help me to find some kind people in other countries .... 👍👍👍,POSITIF
recomend app,POSITIF
💕,POSITIF
bagus,POSITIF
thank you so much HelloTalk !! I really likes this app !!,POSITIF
good app,POSITIF
"why can't send a messege? and there is the phrase ""temporarily, you not permitted to send messages""",NEGATIF
this app really help to learn language and get native speaker friend .,POSITIF
okeeeeeeeeee,POSITIF
"free learning app.. we could have friends from around the world, talk to them, text them, it's helping.. thanks",POSITIF
เกนมากค่ะ,POSITIF
nice,POSITIF
keren,POSITIF
good,POSITIF
great,POSITIF
"hello, I want to ask ... why does this application suddenly come out by itself, even though I didn't do it, when I want to log in again I forget my password and when I want to confirm via email it turns out that the email address is not registered because there is one wrong letter and that really can't ... while this application can only be used by one account ... is there no other way to login even though I like this application very much ... please give me a solution",POSITIF
this app help me a lot to learn 'bout everything!:),POSITIF
terima kasih,POSITIF
Ok,POSITIF
don't be a social media please,POSITIF
i love this so much as far.. meet lots of nice people here,POSITIF
