comment,VALUE
hapus app krn memory full ponsel download app chat belum dahulu hilang yg chat masuk doang blm balas blm follow jd ga ketemu akun tolong kembali chat yg,NEGATIF
kecewa banget hellotalk dulunya unlimited join room vip unlimitednya aplikasi yg hrsnya bantu ajar orang2 yg ekonomi nya pas2an eh mala paksa banget bayar utk unlimited join room ajar praktik nya,NEGATIF
suka app but orang app vip join unlimited room menerut bantu orang orang milik batas ekonomi bantu ajar situasi stabil cuman aplikasi batu tau dunia internasional please company erti,POSITIF
ucap terima kasih buat aplikasi batu ajar bahasa asing teruta temu langsung native speaker kecewa denga limit paksa upgrade vip tolong emis paksa user top up tiga ulas bintang 1 sistem ubah ubah 2  terima kasih,NEGATIF
hellotalk tiba2 ga buka kondisi loading gak sinyal,POSITIF
error sambung pakai vpn ngga diinstall,NEGATIF
benci bangetbaru upgrade vip ga masuk akun udah email lum sebel,NEGATIF
udah beekali kali instal gak jaring internet lancar,NEGATIF
apk nya bagus dapet teman fi terjemah bahasa asing nya keren sii,POSITIF
update aneh fitur-fitur baik bagus hilang ga seru pokok ,NEGATIF
update fitur kurang bayar moga aplikasi dulu,NEGATIF
bagus si  ko teman ko vip,POSITIF
ko pas bikin room nya bates sin tolong kaya ajah kaga bates sin wapaper room mending pake wapaper milik room nya ajah polos warna biru yg tolong kemarin pas enak ajah bikin room kanya gitu tolong ya,NEGATIF
ga login signal internet bagussss,NEGATIF
tolong tambakan fitur video apk,NEGATIF
fungsi apps alam orang negara bahasa sayang msh byk bug error contoh online message banget sampenya jarang notifnya yg bnr2 ajar bahasa asing cocok bgt dsni byk jg akun yg ajar bahasa indonesia sayang jg byk yg menyalahgunakan aplikasi so be carefull for u guys banget modus tipu good luck,POSITIF
gak suara nya gak muncul sinyal aman aman aja,NEGATIF
aplikasi nya bagus tambah teman tahu tolong bantu terjemah batas ganti negara batalin tolong baik,POSITIF
sungguh kecewa pakai apk ngk telepon haruss pakai vip tdk udah pakai apk,NEGATIF
seru pakai aplikasi males pakai limit member vipnya mahal banget kemarin ga login server error aplikasi mahal kualitas murah,NEGATIF
download 2 cek ricek aplikasi bagus langgan metode bayar ubah sedia bayar bentuk rp metode bayar sedia ubah drastis wechat alipay sungguh kecewa,NEGATIF
aplikasi materi ajar bahasa asing chattingan org negara story follow fitur room chatnya keren lengkap dgn penerjemahfitur yg batas yg gak premium ya fitur call group call mantul deh aplikasi,POSITIF
senang aplikasi bantu benar orang native speaker bantu orang bahasa aplikasi saring orang sopan tingkat,POSITIF
apk nya bagus tapichat nya knp dibatasin,POSITIF
haisaya affan kali masuk akun google akun facebook suruh hapus ulang gimana sih aplikasi suruh hapus ulang bilang bagus pas hapus ulang gimana sih tolong ya hellotalk main aplikasi hellotalk tolong help,NEGATIF
skitar 3 pake app bagus banget ringan fitur yg nikmat vip users jg ngga ramah banget yg niat emg ajar fokus on learning languages tp app curhat cari jodoh banget yg niat ajar hadehh,NEGATIF
mohon tambah fitur attachment documen word or pdf overall bantu banget aplikasi user friendly komunikatif senang teman bahan dunia,POSITIF
2 bintang fitur aplikasi lihat coba mendownload kali kali maksud,NEGATIF
tolong tambahankan bhs indonesia sulit terjemah pake bhs inggris  tolong iklanstatusnya video biar gk bosan status foto  aplikasi knapa terjemah bayar susah cari teman asing  tolong kembali cari teman asing susah,NEGATIF
kecewa bgt limit nya habis mulu maksa vip bagus apk ny minus ny limit nya cepat habis pengaruh bgtjadi ga masuk voice room kecewa berat,NEGATIF
aplikasi teman akun login alas lapor berintetaksi 1 orang,NEGATIF
jelek suka error aplikasi,NEGATIF
aneh banned gak ngelanggar apa2 problem gak seru,NEGATIF
aplikasi bagus profil orang baca nya 150 pesan ganggu masuk akun kesal tolong status nya video pesan yg hapus gk baca orang tambah bahasa indonesia sulit bahasa inggris gk bahasa indonesia transletnya bayar suruh bagus tolong respon,POSITIF
mengupdate nya suruh update,NEGATIF
aplikasi ajar bahasa asing bagus bagus menu tambah trending chat baguspenggunanya tingkat menu tambah,POSITIF
bagus banget cuman bagus coba langgan rekomen banget aplikasi bagus temen ajar voice call nggak langgan nggak video call,POSITIF
update baru bosan bahasa sesuai birth place gua lancar bahasa inggris andal bahasa indonesia susah nyari partner ajar bahasa banyak ajar bahasa inggris,NEGATIF
aplikasi oke cuman kirim pesan jaring lancar pas cache nya hapus ngiyil hasil tolong baik ya,POSITIF
apk manfaat vip pilih bahasa ajar,POSITIF
hallo tolong kolom cari baharu nama id guna lumayan sulit temu teman hilang akibat uninstall apknya lupa memfollow tmn pas cari teman sulit temu,POSITIF
video call speaker suara suara speaker yg atur speaker hello talk hp coba hp yg moga bug cepat selesai,POSITIF
aplikasi bagus chatting orang kesal orang chatting premium pesan membalasnyakarena uangkalau chatting orang premium kecewa aplikasi tolong update lagi,POSITIF
pas daftar email nya masalah password nya udah bener trus pas nyoba log in langsung log out udah selesai registrasi nya tulis daftar akun hellotalk perangkat ini,NEGATIF
aplikasi yga bagussangat sukamembantu ajar bahasa kenal dunia luarjika yg rese aneh2 menipumereka langsung removed appgooodterus tinggkatka,POSITIF
bantu tingkat skill bahasa learn pembelajaranny koreksi salah tulis,POSITIF
bantu ajar komunikasi teman negara sayang menu translate laku 10 kali guna,POSITIF
aplikasi bagus pas bangun tidur buka hp apps hilang gak ngehapus trus unduh apps masuk lagin pakai akun ko ga masuk sandi udah bener bilang salahitu maksud gimana login akun situ cape follow udah temanbanyak koreksi orangmasa hilang gitu aja cape main,NEGATIF
bagus sih bolehin nambah 1 bahasa ajar bayar ya harga premium dimurahin deh,POSITIF
akun palsu teman orang indonesia negara kasih tipu tolong parbaiki sistem nya tolong blokir akun palsu,NEGATIF
dapet temen2 ga cm dlm negri tp jg negrisaling ajar masing2 bahasa yg pahamgood choice to learn new languages,POSITIF
registrasi selesai sampe masuk aplikasi masuk akun nya perangkat gimana ya ga ga selesai registrasi nyangkut,NEGATIF
sungguh beterima kasih apk udh banget ken temen buleudh download apk biar dpt tmn bule gk mendownload apk langsung dpt tmn bule 1 jam makasih developer hellotalk apk hellotalk mata duit rena pake uang mohon mata duit  rena mendownload apk krn temu teman bule boros uang,POSITIF
masuk aplikasi hello talk id  oksuryamaulana,NEGATIF
aplikasi bantu maaf pencet tulis translation muncul get hello talk vip yg suruh bayar pencet no thanks translation aplikasi bayar,NEGATIF
keren sih temen-temen negeri ngelatih bahasa asing dibantuin salah inti sih takut salah keren aplikasi,POSITIF
suka banget apk gimna ya suruh upgrade mulu nge chat ga bisaselalu bayar kaya gitu harap bantu,POSITIF
waitaku ngasih bintang 5 karna suka apk iniso plisss tolong bayar ge premium apk inisaya angka berapaberapa 1 bulannya12bulannyaaku bayar nyaplissss help meeeeee,POSITIF
kali kali download apk ajar bahasa korea gak hafal hafal kak borassem kasih tau ajar bahasa korea pake apk pake kasih  bayar tolong baik,POSITIF
obrol kirim pesan muncul resend message tolong kasih ngatasin nya aplikasi bantu mohon ya,POSITIF
suka banget aplikasi cakap cakap orang aplikasi translate dictionary nya terimakasih,POSITIF
ugh ajar dengan vip sih berlajar orang kek pelit mo bicara aja chat didiemin aja,NEGATIF
kesini kesanaselama pake hellotalk gada login,NEGATIF
memang kalo translate bayar ya muncul bayar kalo translate kirim pesan bayar,POSITIF
apk nya baguss banget senang apk harap hello talk sukses yah suka peduli orang bantu nilai english a hehe,POSITIF
download langsung ketemu temen2 yg asik2,POSITIF
orang kirim pesan ku golong vip  baca pesan buka pesan meng-upgrade nya langgan vip kecewa  suka aplikasi nya orang kirim pesan ku langgan vip ,NEGATIF
ngidupin mic voice room nya gmn yaa gak ,POSITIF
halo tolong sign up nya sulit karna pake akun akun google hapus harap fitur akun terima kasih,POSITIF
assalamu alaikum nama aq adel aq suka aplikasi mksh ya aplikasi aq senang banget aq temen korea aq kpopers blm download silah download jamin gk nyesel deh kalo salah hp aplikasi,POSITIF
maap ya min ya jelek apk ya kasih transelet ya permanen masak gua toup gua gk uang asli ya nih apk bagus sumpah sayang ya ya doang transelet ya gk permanen nin oky min permanen nin ya,POSITIF
aplikasi bagus ajar bahasa asing tambah teman beda negara tambah wawas good app,POSITIF
download hellotalk siang sampe malam gak download nya gak jalan2 jalan banget tolong baik,NEGATIF
bagus banget teman jepang apk bagus wajib dowlod deh fitur leg nya hp pokok apk the best ,POSITIF
daftar susah akun udah hapus ganti kecewa,NEGATIF
sumpaahhh perfect banget nih apk bnran deh dri sni udh dpt banyaaak temen dri negeri trutama korea kpopers juga pokok yg blm download hrs download klo brteman lbih luas oke,POSITIF
seruuu bangetttttt asliiiii wajib download berkat aplikasi kenal orang bahasa inggris bener ajar bahasa budaya orang gitu,POSITIF
logindengan alas chat arah sexualpadahal itudan akun device kena bannedini gimana solusi,NEGATIF
aplikasi bagus koreksi salah ajar bahasa pakai ajar bahasa rusia  please batas cari teman dar ajar bahasa aja jarang orang rusia ajar bahasa indonesia orang negara ajar rusia  koreksi orang rusia ajar bahasa pilih teman rusia ,POSITIF
aneh aplikasi hp -akhir notif visited klo yg chat pesan masuk,NEGATIF
bagus banget teman negeri turki jerman swedia inggris australia dll orang sopan sopan jarang kasar enak teman ngobrol,POSITIF
aplikasi bagus teman koreksi kata2 tulis yg salah baik,POSITIF
sebenernya apk bagus download apk ajar but cari temen hehebaru nemu temen bener-bener sefrekuensimakasih 3,POSITIF
alami kendala bayar via pulsa pulsa ntah bilang pulsa cukup,NEGATIF
ngeinstal kali tetep ga buka applikasinya pas udah sampe 100 instal ulang,NEGATIF
aplikasi bagus sih kendala gara2 ga chattan pribadi orang turki nya hello talk nya ga muncul,POSITIF
pindah aplikasi hilolocal bayar bicara pakai limit  jual,NEGATIF
gimana sih udh download copot udh 100 kali chat gk trus dikit eror kaya chat tanda seru  warna merah talong baik yh mohonnnn,NEGATIF
harus nya syukur udah aplikasi aplikasi bahasa asing bahasa syukur tuhan maha esa aplikasi capek aplikasi suka banget aplikasi terima kasih,POSITIF
download ganti hp instal hp gk diinstal muncul tulis menginstal hellotalk tolong gimana,NEGATIF
gw bingung kagak download y simpan amandata aman aja salah pas download tetep gagal mulu tolong gw netizeen,NEGATIF
horeeee alhamdulillah aplikasi ajar bahasa inggris tukar bahasa orang dunia-belahan bumi mana pakai bahasa indonesia pakai bahasa inggris hahahahaha  alhamdulillah teman negara asah mampu bahasa inggris ,POSITIF
error kirim pesan translate app nya bagus tbah teman,NEGATIF
yg serius ajar mncoba mmpraktikkan bahasa yg sdang d plajari ,POSITIF
saran pakek english native nya biar temen nya pakek indo dikit,POSITIF
jujur nya suka aplikasi kecewa pas hapus aplikasih masuk gak mau akun lgi gak bisa,POSITIF
bagus bgt bs dapet temen dr negara aplikasi jg tmbh lancar pake bahasa serius aplikasi nya bagus bgt suka bgt mksh,POSITIF
suka dapet temen degeri ajar bahasa,POSITIF
bagus native speaker ramah klo yg kenal gak liat balastolong kurang layan vip apk kembang layan vip rang,POSITIF
aplikasi maksa vip kalo ga vip batas teman 10 ,NEGATIF
aplikasi bagus  keren dah pokok nya  vip nya kaya  mahal kantong orang indo oke thanks admin,POSITIF
apk-nya bagus,POSITIF
makasih bantu gw hello talk,POSITIF
bantu improve english,POSITIF
aplikasi bagus salah apa langsung banned 5 timbang sempat mohon timbang tolong biar host voice room,POSITIF
bjiirr saking nya dah langsung direspon langsung masuk auto 5 dah janji ya dev ok makasih,POSITIF
nih apk lumayan bagus gw bahasa orng poko bets dik ngelag,POSITIF
suka aplikasix temantapi kunjung fotox blur buka karna vip balas ,POSITIF
cari teman scrol tulis temu hasil relavan mohon baik nya ,NEGATIF
thanks hellotalk teman negeri senang sekali bicara bahasa inggris orang luar i learn english thank you hellotalk,POSITIF
akun gua di-block orang nge block langsung eror emang dah badahal neng temenan orang gabisa login aneh emang gabisa,NEGATIF
tulis sambung kirim pesan tanda seru chat kirim,NEGATIF
base language tbtb ubah hapus akun,NEGATIF
mohon maaf masuk account hello talk maka masuk nyuruh log in coba aplikasi facebookdan tolong bantu,POSITIF
bagus aplikasi ajar komunikasi teman2 i like this,POSITIF
pake apk gak bayar bahasa ambil 2 bahasa aja bayar,NEGATIF
bantu ajar bahasa asing membntuku memdapatkan temn,POSITIF
aplikasi bagusss banget bantu ajar bahasa inggris ayo cepetan download aplikasi jamin gk nyesel dehh buru,POSITIF
hi there keluh maaf pas download apk ngulang ya  kayak seru banget bener bener butuh temen  tolong ya,NEGATIF
ah suka aplikasi aplikasi dapet sahabat thailand suka aplikasi depan tolong langsung translate vip aja,POSITIF
orang jepang balas respon orang yg bantu ajar bahasa jepang terima kasih,POSITIF
muas aplikasi jga pakai bahasa inggris waah jengkel skali,POSITIF
coba langsung kasih 5 bintang harap aplikasi bagus lancar jaya sesuai unistal copot bintangthanks,POSITIF
aplikasi bagus ajar bahasa apa aplikasi terimakasih hello talk,POSITIF
bagus banget aplikasi nya lumayan temu teman latih bahasa,POSITIF
aplikasi bagus tambah ilmu teman negara korea ,POSITIF
aplikasi bantu ajar bahasa inggris hati hati akun nomor wa,POSITIF
tarik krn temu teman  ajar negara yg,POSITIF
update lot pesan kirim please fix ganggu,POSITIF
maaf 3 bintang aplikasi masuk lagi susah teman aplikasi,POSITIF
aplikasi bagus salah pilih bahasa bisasaya pilih turki bahasa turki ganti nyatolong bantu,POSITIF
aplikasi bagus banget skarang udh bahasa korea sya teman korea,POSITIF
lupa password coba reset password login tolonh baik,NEGATIF
hai guna nya cuman bahasa korea sedikittapi dgn mendownload bahasa korea lancarrthanks,POSITIF
lumayan tambah ilmu akun akun nya fake yg usia nya lumayan jarang aktif,POSITIF
teman2 yg susah gara2 vip beli aj yg 1 bulanhargny 100kklu beli yg 12 blm niat bljr smpe 12bulan 100k lumyn 1 bs chatan sm orng asingdr pd gk bs d baca gr2 gk beli vip kanklu orng niat bljr ma psti modal jg apk bgs klu ad orng niat bljr,POSITIF
ya pas daftar app ny pake email gak terima langsung malh nyoba tolong informasi ny gmn daftar app,NEGATIF
gabisa update udh 99 persen update pas pgn 100 gabisa,NEGATIF
aplikasi nya bagus banget eh bohong aplikasi jelek banget eh bohong aplikasi nya jelek kanshsnsndmuenehej asli bela member bts temenin y u ekonomi ejjanhsnsg dunn mm rap ynynjswjsnakbaksbxkx,POSITIF
gak basa basi inti gw suka nih aplksi bagus bngat yg ajar native nya langsung,POSITIF
aplikasi nya jelek banget udah download berkali2 tetep gk instal,NEGATIF
aplikasi bantu ajar bahasa asing teman orang asing,POSITIF
akun blokirsaya kirim pesan bantu ajar bahasa korea mohon baik akun hello talk asli akun palsuini email saudara angkat indonesia,NEGATIF
aplikasi bagus banget suka banget ajar bahasa asing teman,POSITIF
mantap berkat ni aplikasi bahasa inggris sendat lumayan bisa,POSITIF
aplikasi bagus bangetaku bahasa asingyah tau dikit mantap aplikasi,POSITIF
gimana sih udah loading lh gak baik udah gak bngt,NEGATIF
suka aplikasi mem bantu belajr bahasa yg inggin kansaya kasih bintang 5tank you hello talk,POSITIF
good aplication bantu ajar bahasa,POSITIF
bagus sihtapi pas login sulit tulisanya email nya daftar,NEGATIF
aplikasi aneh gw ulang ulang download habis sin kouta aja ni aplika,NEGATIF
aplikasi login failed registrasi login kali ,NEGATIF
ko gabisa masuk tulis masuk 1 email kecewa beratttttt,NEGATIF
maaf adminsemalam apliksa hello talk hapus download ulang aplikasi nya download pesan teman hilang pesan teman tolong bantu nya,POSITIF
gimana ya ganti bahasa kalo salah pilih bahasa indo pingin bljr korea pencet korea indo,POSITIF
sayang banget nggak posting video tolong tambah posting video status,NEGATIF
bagus aplikasi bendera kayak bendera korea gk ganti gimana gantiya kasih tau ya,POSITIF
suka sma apk tpi menit kmudian mood lngsung ubah bayar chatingan suruh vip,NEGATIF
data suruh isi female  perempuan male  laki laki klik female pas masuk akun nya situ gender isi male  laki laki tolong aplikasi nya ya ,NEGATIF
aneh banget ga download udah 100 ngulang,NEGATIF
aplikasi begimana si vip minat ajar bahasa asing bejibun tolong apk baik kasi ajar bahasa halang vip,NEGATIF
terima kasih hellotalk aplikasi ajar bahasa inggris kasih wkwk,POSITIF
bagus bagus tuju gue pake app ajar bahasa china eng gua bagus hahahahahah,POSITIF
apliakasi bagus orang tanggap pesan saya,POSITIF
bilang aplikasi bagus diskon teman jepang berkat aplikasi,POSITIF
kirim pesan upgrade vip tolong,POSITIF
aplikasi bagus cocok cara sahabat tau aplikasi chanel youtube nya kak boressem bagus banget chanel nya,POSITIF
aplikasi nya bagus akun salah langsung banned 5 tanggung,NEGATIF
maaf adminnya pakai aplikasi hello talk curhat ajar bahasa momen hari maaf terimakasih hari dikehidupanannya kasih bintang  5,POSITIF
muas  bantu bahasa inggris ku fasih,POSITIF
bagus sayang bayar yg ajar bahasa indo,POSITIF
hello talk status vip ubah saldo googleplay potong tolong bantu,NEGATIF
suka bagus yg ajar bahasa ajar,POSITIF
bagus sihdapat alam ajar bahasa asing,POSITIF
teman mampu bahasa tingkat,POSITIF
log susah gak kayak pas download tetep the best,POSITIF
aplikasi download download 100 0,NEGATIF
aplikasi bagusshanya kali memakainyajadi terbiasasukses,POSITIF
nanyaaku download ko susah yaa pas udah selesai dowload gilir instal nya gabisa,NEGATIF
apk bagus mantap cocok serius ajar bahasa,POSITIF
tingkat mampu bahasa inggris,POSITIF
bagus banget coba deh unduh gk nyesel cmn enak pake pket premium,POSITIF
gak pake bahasa indonesia tolong gak terlu paham bahasa inggris,NEGATIF
maaf kasih bintang 2 ganti bahasa language exchangenya habis gimana ngisi language exchange,NEGATIF
susah banget didownload jaring bagus,NEGATIF
update log in  aplikasi bagus,NEGATIF
game nya bagus banget cari teman rusia nya kasih bintang 5 ya,POSITIF
apk bagus teman terimakasih hello talk,POSITIF
aplikasi jelek posting nggak bls komen nggak dibls bantu cari teman,NEGATIF
dapat aplikasi ajar bahasa inggris lancar,POSITIF
bantu,POSITIF
aplikadi bagus ajar bahasa inggris,POSITIF
kak ga login server error mulu,NEGATIF
kirim gambar video stuck loading galeri,POSITIF
aplikasih nya bagus sya kawan negeri ahkrap,POSITIF
install tulis hellotalk terinstall tolong baik min,NEGATIF
kali oake neng banget jarena ku langsung dapet temen luartp kogt udh gk kirim oesan teman barukatanya vip dulu apakah membelinyamaaf kasih bintang seginitolong kembang teman,POSITIF
login failed registrasi login kali bisa,NEGATIF
aplikasi guna ajar bahasa asing jamin kagak kecewa,POSITIF
eh tolong ya kalo saye legit donloat cepat biar pakai chat borasam,POSITIF
akun buka,POSITIF
aplikasi nya bagus vip kirim pesan,NEGATIF
inti paten kali app sygnya gada duit ga upgrade,POSITIF
aplikasi nya bagus keren ajar bahasa inggris ,POSITIF
bantu practice english,POSITIF
log in email deteksi tolong bantu,POSITIF
tolong maksimal learn free nya,POSITIF
gak instal aplikasi udah berapa coba gagal2 internetkusangt lancar,NEGATIF
bagus kasih 4 bintang ya sesuai,POSITIF
bayar ribet teman,NEGATIF
overall aplikasi bagus aman pakai ajar praktik native speaker ya kadang kadang ngeleg gitu gimana ya kayak tampil fbook buka laman web moga maju hello talk love yousaya guna 3 thaun non vip recommend gantung beneran ajar,POSITIF
kembali pesan arsip,POSITIF
unggah vidio,POSITIF
snagat bantu ajar bahasa ,POSITIF
seru apk nyakita nal orang negara ajar bahasa,POSITIF
selesai download me download ulang tolong baik,NEGATIF
update bodoh ngirim pesan aja vip dlu enak versi uninstall udah,NEGATIF
udah 4 kali posting ngak temenan mandang umur d capek banget teman aja susah uninstall aja apk,POSITIF
aplikasi bagus suka bener gabisa nirim pesan,POSITIF
download udah 99 tiba2 twing gitu nginstal,NEGATIF
aplikasi bantu ajar bahasa terima kasih hello talk,POSITIF
apk bagus teman negara yg download hello talk pokok bintang,POSITIF
aplikasi nya mantepppaku buanyak temen bahan dunia orang nya ramah ramah sekaleeeedan ehemkeren kerennnapalagi orang jepang kawai kawai kakak kakak nyakalo niat nya cari temen senengwalau baekdahlasudahi sedih download aja mah gak nyesel,POSITIF
bagus siih keren visa temu banyan teman negara so i like this app,POSITIF
cuman 5menit dikit banget hrs byr trs wktunya jalan tpi ga diksi materi tu kosongggggg semuaaaa tpi wktunya trus jalan sampe abis mau apasiii,NEGATIF
aplikasi bagus yg bayar,POSITIF
dapet temen asing aplikasi iniudah 2 gak lost kontak wkwkwk,POSITIF
maaf nggak download ya udah 100 persen 0 persen tolong baik ya,NEGATIF
aplikasi sebenernya bagus bingung login,POSITIF
top up bayar viptapi layan vip,NEGATIF
bagus arti terjemah klmaan bayar nyblin,POSITIF
gw eror nih muter muter mulu kirim pesan gx nyampe nyampe buka wa aman youtube aman fb aman ig aman,NEGATIF
senang temu aplikasi pacar aplikasi tapiakun delete dah,POSITIF
ga download pdhl ruang simpan banyakdari tdi tunda ga download,NEGATIF
terjemah nya permanenkenapa to up ga uangbintang aja dah apk nya,NEGATIF
apk ny baguss banget watashi jdi bsa bhsa jepang deh watashi jga pnya sahabat pena jepang nmanny taichi ajhima tpi sya mnggilny taichi-kun ayo instal apk ny sngt keren jamin ga nyesel,POSITIF
app ny bagus bngt weh ku contact sm org korea kaks hrs download deh ga download nyesel loohhhh,POSITIF
aplikasi bantu sayadan aplikasi bagus jagan sungkan kalo mendonlot aplikasi bagus ,POSITIF
kenapakok logindengan terang reportpadahal yg burukplease gimana balik,POSITIF
aplikasi bayar ya orang duit cocok apa daya,NEGATIF
ngga download sii muter teruss dah,NEGATIF
aplikasi nya bagus ketemu orang jadiin temen,POSITIF
install aplikasi tpi aja muter muter loading kouta byk bikin gue emosi aja,NEGATIF
hello talk bantu ajar bahasa inggris,POSITIF
bagus aplikasi kalo vc,POSITIF
bagus banget premium nya tetep bagus,POSITIF
buanyak pakai akun palsu salah kirim pesan,NEGATIF
thankyou for this app ajar korea langsung masyarakat,POSITIF
bagus gak tarik pesan ya,POSITIF
fitur gratis pelit gapapa dapet temen orang jepang udah gitu kawaii,POSITIF
the best app sih temen dah 156 foll puji tuhan orang jg ramah,POSITIF
say hi 5 orang aja gabisa 2 lebih bahasa,NEGATIF
apk bagus,NEGATIF
bagus manfaat teman korea asli,POSITIF
kak bagus banget dapet temen russiachinabelandasphanyol kak baguss deh tolong ya kakak,POSITIF
pakai gak kirim pesan,NEGATIF
download aplikasi 3 jam waw sinyal full,NEGATIF
bagus banget sayang gua aktif,POSITIF
bingung buka klo chat ga ngrti cht doang,NEGATIF
nice aplikasi bantu ajar bahasa ktmu tmn,POSITIF
langgan isi formulir live vidio streaming konfirmasi live streaming konfirmasi voice streaming tolong konfirmasi live vidio streaming id helloindyindriy  please ,POSITIF
bagus moga depan posting video,POSITIF
aplikasi nya bagus tolong tambah fitur cari pasang,POSITIF
download nya udh 1 gak selesai selesai mas 72,NEGATIF
tolong gambar muncul ya,NEGATIF
ga download memo 240 gb aneh bat udah bersihin sampah hp tpi ttp ga ,NEGATIF
nak coba ni moga lancar bahasa faham bahasa terima kasih admin,POSITIF
bagus sih sayang nya batas nya bayar,POSITIF
sukka banget temen koreaa ajar juga,POSITIF
hallo selamat siang tolong aplikasi pake duit ya teman orang bule kalo gin boros duit terimakasih,POSITIF
makasih banget gw nginstall apk kemaren sampe gw teman temen gw d jerman,POSITIF
moga bantu ajar bahasa asing,POSITIF
teman ajar bahasa inggris,POSITIF
login facebook please baik,NEGATIF
ajar moga aplikasi bantu bagus kok,POSITIF
ganti ajar nggk ganti ajar gampang gonta ganti anehh banget,NEGATIF
aplikasi bagus bayar translate,NEGATIF
bayar sidikit bayar niat cari teman eh suruh bayar biar vip mood langsung turun,NEGATIF
hemeh aplikasi guna gk nyesel coba app coba drops  lingodeer knp knp coba yg lainkarna ajar 5 app gk nempel otak hello talk muak knp bilang karna coba cari aplikasi ajar bahasa yg bagus inspirasi bosan muter play store mulu gk kaya coba rekomen atas  develover hello talk izin pinjam kolm komntar gk nyesel,NEGATIF
menginstal aplikasi ulang,NEGATIF
update otomatis,NEGATIF
gagal login,POSITIF
gak enak banget batas join roomnya,NEGATIF
bagussaku tementapi tolong update biar post video,POSITIF
log out log in lagipadahal email password,NEGATIF
aplikasi bahasa asing bagus,POSITIF
bintang 4 download kalo mudah paham kasih bintang 5,POSITIF
sulit sign up udah kali coba gagal melulu,NEGATIF
padahala yg suka aplikasi sayang bayar,NEGATIF
keren terjemah good lahh,POSITIF
aplikasi bagus banget si tolong harga permium turunin mata duit banget si,POSITIF
sumpah ngerti banget suka aplikasi ya bahasa inggris  bahasa inggris,POSITIF
guna ngechat teman suruh bayar nya nya denga hello talk kesel banget,NEGATIF
aplikasi bagus bangetaku dapet teman bahan dunia,POSITIF
sya gk daftar ya susah ribet banget gk kaya apk nya,NEGATIF
ya lumayan banyak yg pakr apk pda tuir2 ups sorry,POSITIF
suka mohon mudah jelas aplikasi,POSITIF
pas login server eror ya tolong,NEGATIF
yg gk upload video,POSITIF
menginstal aplikasi nya pdahal memory ponsel penuh,NEGATIF
bagus karna bayar,NEGATIF
tolong akun email gak buka aplikasi nya ajadeh bintang nya,NEGATIF
bantu  terimakasihh apk nie,POSITIF
diupgrade brkali2 tpi ndak bsa2 log in,NEGATIF
apk ni bagus banget udah temen apk buru download gih,POSITIF
aplikasi bagus  cuman lot,POSITIF
apk nya bagusss bgt wajib download kalo temen negara yukk ,POSITIF
suka sm hello talk gak nemuin orang yg pervert beda sm app,POSITIF
nyesel gw dwonlod pas daftar mala kembai mulu tau dah gw uninstal lg udah yah jgn dwonload appk ntar nysel,NEGATIF
hei tolong mudah yg gk beli vip ku kit ati apk nya bagus cuman klo gk beli vip dibatesin mlu,POSITIF
bangai nya hapus akun karna akun salah bahasa kuasa mohon bantu nya,NEGATIF
ajar bahasa korea dapet pacar,POSITIF
suka aplikasi teman negeri sahabat negara,POSITIF
bagus sih aplikasi translatenya bernayar vip aja maksutnya gimana,POSITIF
nggk daftar ya loading ny bnget,NEGATIF
bnyak teman bantu utk ajar bahasa inggris,POSITIF
ken ajar bahasa karna suka banget korea,POSITIF
knp loading mlu pdhal bagus jaring sinyal,POSITIF
hubung jaring bagus tolong bantu,POSITIF
bantu teman ikut tolong biar bagaiman,POSITIF
sedih ga orang negrinya tolong baik,NEGATIF
apk bagus banget knp banyak orang korsel ya tpi neng deh makasih ya yg apk,POSITIF
i got question  kenapaaa yah kalo update moment love skrng jangkau jdi dikit pake vip  please help me,POSITIF
terima kasih developer hellotalk  berkat aplikasi impi milik teman orang korea wujud,POSITIF
instal,POSITIF
udah download gak masuk,NEGATIF
bagus temen negri gara2 apk huhuu,POSITIF
its good tpi susah download,POSITIF
aplikasi bagus diapdate,POSITIF
wawww nal ajar ilmu tahu korean,POSITIF
apk nya bagus cuman bayar kek gak enak aja gtu,POSITIF
hellotalk aplikasi bagus guna,POSITIF
aplikasi bhasa inggris yg bagus,POSITIF
anjy gara gara ni aplikasi gw teman orang jepang btw makasih bnget cuk,POSITIF
min ga muncul layar aplikasi nya ya,POSITIF
suka bgts apliksi mantap pokok kenal orang2 bahan dunia,POSITIF
tolong hilangin fitur vip nya susah terima pesan orang,NEGATIF
woyy knpa gw udh download bolak mqlah download ppadahal gw u80 trs tiba2 0 lg anjg,NEGATIF
lumayan ajar bahasa,POSITIF
nih masuk situ  perangkat tambah akun gajelas banget,NEGATIF
mendownload aplikasi data hilang kembali data,NEGATIF
appnya bagus bantu,POSITIF
aplikasi bagus bantu,POSITIF
apk gila udh bayar login ga,NEGATIF
aplikasi bagus bingung,POSITIF
coba klo gratis nya bilang teman sebanyak2 nya klo bayar pindah aplikasi belah aja,POSITIF
micro transaction chatting,NEGATIF
aplikasi nya bagus teman korea,POSITIF
thankyouuuuuu gila make apps temen negri bngt,POSITIF
aplikasi bagus kotapi ohvipnya ganggu sekali,POSITIF
bagus banget dowload ya,POSITIF
bagus banget kuasa bahasa laincocok banget terima kasih hello talk ,POSITIF
enak game nya temen negeri ahh seru pokok nya donglot,POSITIF
aplikasi bagus bangatttttttttttttttttttttttt,POSITIF
masuk  email sandi,NEGATIF
bantu ajar bahasa jepang,POSITIF
orang app cari pacar orang indo nanya nya ga sopan,NEGATIF
chat orang buka vip plislah gausah pake vip vip an,NEGATIF
iya akun terima pesan masuk iya,NEGATIF
teman ajar english terima kasih hello talk ,POSITIF
suka apk cuman fitur vip yg ngebayangin ga translate chat nya batas nya,POSITIF
hey akun akun yg hapus ken bikin akun gk bisaa,NEGATIF
aplikasi bgus sngat mmbantu dpet tman dri cina,POSITIF
suka aplikasi aplikasi teman negara lain,POSITIF
seru banget apk nya ga download rugi download aplikasi ak aga ngerti bahsa negri makas devloper udah bikin aplikasi,POSITIF
nggk daftar ya loading ny,NEGATIF
gara gara aplikasi cepet dapet temen negri ,POSITIF
guys buru download deh jamin asikk gw dapet temen orang ramah ganteng ganteng uhuyy,POSITIF
knp ak download udh 100 ulang 0 sebal ,NEGATIF
login hello talk yaa,NEGATIF
makasih apk memmbantu ,POSITIF
tolong bayar translate,NEGATIF
login ya tolong bantu,NEGATIF
daftarudh berkali2 coba,NEGATIF
pas log in akun,NEGATIF
sumpah gue udh dapetin 7 orng negri wa neng banget,POSITIF
aplikasi bagus tingkat aman aplikasi,POSITIF
coba ajar bahasa inggris,POSITIF
aplikasi nya bagus edukasi,POSITIF
bagus sih cuman pas hp ku rusak ganti hp eh ilang history chatnya kasih 4 ya,POSITIF
persetan aplikasi inisudah instal kali pasang,NEGATIF
akun banned ya gabisa komentar dak room voice ga ngapangapain solusi gimna,NEGATIF
gak diinstal yaa,NEGATIF
maksud vip bayar apapakai gitu sih gimana trasledenya bayar ,NEGATIF
ga instal sih udah download ga diinstal,NEGATIF
tolong donk fitur vip nya rang gitu sulit cari teman nya,POSITIF
ulang aplikasi karna kena banned,NEGATIF
top up coba aplikasi ,POSITIF
gak download,NEGATIF
suka fitur premium,NEGATIF
yh udh 100 49 habisin kuota,NEGATIF
bagus bangus cuman jahat xixixi,NEGATIF
susah daftar masukdia ulang,NEGATIF
woww aplikasi keren btw lupa follow yah hellonaurah,POSITIF
ku banned cuman kirim fotofoto game binggung ama ni apk,NEGATIF
akun baned lapor email hello talk respon emaiil aplikasi ya lapor email,NEGATIF
terimakasih aplikasi temu orang2 ,POSITIF
ganti lepas pantai queensland australia buka wawrinka final liga champions musim,POSITIF
ban device ban akun becanda orang,NEGATIF
suka kak terimakasih aplikasi ya,POSITIF
aplikasi nya terinstal,NEGATIF
yaa susah install,NEGATIF
bintang aplikasi bagus,POSITIF
buruk kecewa ,NEGATIF
aplikasi bagusaku suka,POSITIF
knp susah install,POSITIF
gak masuk yah daftar gak,NEGATIF
gabisa sign in sih pdhl dh account,NEGATIF
sangking seru asik nya no coment deh pokok ,POSITIF
download rekomendasi tiktok moga manfaat ,POSITIF
terimakasih  apk ini ounya teman dri negara lainn,POSITIF
byr vip susah bngt gagal mulukmrin mo pake plsa gk bsgopay jg gk bs,POSITIF
daftar nya sekali,NEGATIF
oke banget bingung,POSITIF
aplikasi bagus gw kasih bintang 5 ya ,POSITIF
ga asik skrg batas hrs upgrade vip dlu bru bs saran sih mnding kasih iklan aja drpd hrs beli vip,NEGATIF
aplikasi bagus suka,POSITIF
instal,NEGATIF
nyoba sii pas udah nyoba ku naikin ranting sans aja,POSITIF
yg temany masyarakat judulny  sopan santun pas buka tetep koskata no2 hbs g artiny ad yg kata2ny mohon bales,NEGATIF
aplikasi hello talk macet,NEGATIF
aplikasi baik aq coba rekomend bgt deh,POSITIF
maaf ya kasih bintang 4solnya aplikasi nya blm cocok ama kriteria gue,POSITIF
g masuk sih,NEGATIF
nice aplikasi bantu,POSITIF
apk bguss bngtt pnya bnyk tmn negeri ,POSITIF
aplikasi nya bgus,POSITIF
bantu ajar,POSITIF
suruh download ngabisin kuota aj dah mls bet gw tolong knpa gw download,NEGATIF
iyaa nama cakap negara,POSITIF
tolong akun daftar,NEGATIF
kurang mb nya gak isntal,NEGATIF
gabisa log in sih,NEGATIF
gimana biar chat dibales orang org jepang susah x cuk g dibales bales klo lu org yg g sabar plis jan donlot darah tinggi,POSITIF
coba nya bagus tambah nyesel,NEGATIF
mendownload apk ny ya,NEGATIF
cari teman  scroll,POSITIF
vip biar akses fiturnya jelek,NEGATIF
ihhh bagus banget  anak anak lho gak papa ,POSITIF
ko gak login ya,NEGATIF
aplikasi bagus nih wajib install,POSITIF
bagus moga smakin bagus,POSITIF
pasu akun registrasi tolong bantu,NEGATIF
ga guna ni aplikasi gabisa instal,NEGATIF
tambah teman negeri,POSITIF
suka aplikasi bantu,POSITIF
nih aplikasih henti,NEGATIF
bagus aplikasi syaa dapet cewek korea ,POSITIF
coba aplikasi kasih trial vip biar ngerasain vip kasi ngerasain bayar,POSITIF
awalx neng gak satu bertemen sm ak,NEGATIF
tolong kirim pesan ngobrol pake vip ngobrol yg tolong murahin vip kalo ngobrol vip in,POSITIF
terimakasih aplikasi,POSITIF
oke aplikasi,POSITIF
makasih aplikasi pandai bakor,POSITIF
bayar cuman terjemah,POSITIF
mantap bagus,POSITIF
apl bantu mula ajar bahasa inggris,POSITIF
gara2 apk dapet temen korea makasih deh pokok nya,NEGATIF
bagus bgt ni aplikasi gw udah dapet temen orang,POSITIF
gak kirim pesan,POSITIF
aplikasi nya bayar,POSITIF
login device,NEGATIF
ya aplikasi bagus dah ,POSITIF
coba mangkanya ku kasih bintang 2,NEGATIF
ngga bs nginstall dr td ya,NEGATIF
ya moga lancar bahasa korea amin ya rabbal alamin ,POSITIF
nyesel karna app bagus,POSITIF
suka aplikasi,POSITIF
lupa sandi tolong bantu masuk,POSITIF
apk bagus suka,NEGATIF
parah sih dapet temen banget gak sepi deh,POSITIF
aplikasi super duper keren,POSITIF
aplikasi bagus banget,POSITIF
moga aplikasi kecewa yah,POSITIF
bagus banget teman ma orng luarr,POSITIF
kirim pesan,NEGATIF
wow aplikasi bagus,POSITIF
gg anjay berkat aplikasi teman negeri,POSITIF
nonton iklan,POSITIF
aplikasi kagak jelasakun gua hapus bikin akun aja bikin ribet njirrr,NEGATIF
seru banget nambah teman negeri,POSITIF
udh download 3 kali g install,NEGATIF
coba terima kasih,POSITIF
translate batas cht batas habis suruh join vip bayar nggk ga cht nya,NEGATIF
mantapsemoga maju depa,POSITIF
mohon maaf app bug,NEGATIF
gak log in,NEGATIF
gratis maaf unistal,NEGATIF
bagus sahabat korea,POSITIF
udah donlot ngga ngecet,NEGATIF
lag gabisa login,NEGATIF
gratis ee gak tau nya bayar jga,NEGATIF
ehh yg teman hello talk gimana sih gadapat,NEGATIF
aneh udah patuh atur eh kena banned alas,NEGATIF
bantu teman,POSITIF
aplikasi manfaat,POSITIF
kalo chattan bayar,NEGATIF
tingkat,POSITIF
tau ku aplikasi ini,POSITIF
aplikasi bagus,POSITIF
aplikasi bgus skali jdi kasih bintang4,POSITIF
kasih bintang 1 hrs pake duit hello talk,NEGATIF
aplikasi bikin bangkrut kuota,NEGATIF
tai asu celengmau ndaftar aja susah,NEGATIF
knp ga bsa download,NEGATIF
aplikasi bagus,POSITIF
aplikasi nya bagus banget,POSITIF
bagus apl,NEGATIF
kirim terima pesan,POSITIF
akun ku gak login bgst,NEGATIF
sumpah gw nyesallll unduh apk nggak untung gwpada sombong2 orang2 baru gw akun asli poto asli persetan apk initaipilat,NEGATIF
bintang gak nya bingung ,NEGATIF
ga balas obrol,NEGATIF
terima kasih hello talk moga sukses,POSITIF
kenpa ya bagus kali wkwkkkwkw,POSITIF
aplikasi bantu,POSITIF
gabisa download,NEGATIF
gk download ya,NEGATIF
beli hello japanese 1,POSITIF
mendownload,NEGATIF
memposting moment,NEGATIF
sulit login knp,NEGATIF
mantap m3mbantu,POSITIF
menginstal aplikasi,NEGATIF
muas,POSITIF
mudah mudah bagus,POSITIF
maaf gue copot jasa terjemah belihuff,NEGATIF
aplikasi bagus banget,POSITIF
masuk gak ya,NEGATIF
aplikasi bagusss,POSITIF
vip hilangin udh aja saran nya,POSITIF
susah transletin nya,NEGATIF
huaaa kecewaaa kali dowload bru bisaa,NEGATIF
teman yg bantu hehehe,POSITIF
suka karna sahabat,POSITIF
ga gue download,NEGATIF
sumpah lodingnya banget,NEGATIF
ga install,NEGATIF
thanks a lotjadi ketemu jodoh wkwk,POSITIF
aplikasi bagus,POSITIF
aplikasihnya ok bagus,POSITIF
aplikasi bagus ,POSITIF
aplikasi baguss,POSITIF
parahh lot bangett,NEGATIF
aplikasi nya bagus,POSITIF
gak download tolol,NEGATIF
dibanned alas,NEGATIF
aplikasi jelek boong aplikasi bagus wajib download ya karna chatan orang korea brazil portugis india pokok bagus deh suka banget kalo nggak download nyesel deh ya download ya guys gratis loh ya baybay,POSITIF
tolong kembali versi ,NEGATIF
gk,POSITIF
daftar aplikasi g sih,POSITIF
kak jgn ksih vip ka pls,NEGATIF
dpt tmn bru,POSITIF
gak ganti akun,NEGATIF
gabisa pakai tolong baik sistem nya,NEGATIF
bismillah moga aplikasi muas,POSITIF
aplikasi yg bagus,POSITIF
apk emang baguss,POSITIF
suka aplikasi,POSITIF
gak woiiii,NEGATIF
ngal bahasa indonesia,NEGATIF
bagus,POSITIF
manfaat,POSITIF
coba kasih bintang 5,POSITIF
download nya,POSITIF
berkat aplikasi bayak teman jepang thanks ,POSITIF
aplikasi jelek,POSITIF
akun hapus,NEGATIF
susah download,POSITIF
suka aplikasi,POSITIF
karna apk jd kenal bella,POSITIF
download aja susah bgt,NEGATIF
gak bahasa jepangv,POSITIF
knp si mahal bgt klo vip,NEGATIF
kayak nya bagus,POSITIF
g jlsss g download,NEGATIF
bagus banget aplikasi,POSITIF
sampah mesti vipmending private lol,NEGATIF
apk nya bagus,POSITIF
bagus aplikasi nya,POSITIF
bantu,POSITIF
bantu ku,POSITIF
makasih gw dapet pacar orng amerika langgeng sampe skrng,POSITIF
larang akses,NEGATIF
knp g d download,NEGATIF
oke bantu,POSITIF
ganti bahasa aja bayar,NEGATIF
bagus banget sukak,POSITIF
beli yg lifetime permanen,POSITIF
bantu,POSITIF
hi guna apk,POSITIF
susah banget download pdhl jringan bgs,NEGATIF
sungguh biasa-,POSITIF
wow mantap banget,POSITIF
ken coba moga bagussss,POSITIF
manfaat,POSITIF
suka aplikasi,POSITIF
bintang gin,POSITIF
bantu,POSITIF
lupa sandi kirim email deteksi mulu males,NEGATIF
coba hehe lupa follow ig melanirahma2 youtube nya melanirahma2,POSITIF
bagus sumpah g bohong ya  ,POSITIF
bagus bangat suka,POSITIF
sedih banget bayar,NEGATIF
ganti gender gimana sih,NEGATIF
wajib download inti,POSITIF
bagus apknya,POSITIF
bagus bangat sumpah pebuh deh bintang,POSITIF
temanj 1,POSITIF
insyaallah aplikasi bgus,POSITIF
hai guys aplikasi 100 temen gak kan kalian gk iri kalian gk temen yaudahhh gak iriii temen nama bella gk kan jangan iriii iri iri dengki iri,POSITIF
mas apk nya,POSITIF
ko aneh yahpdhl 82 ngulng lgi,NEGATIF
aihamduiiah bagus apk nya ,POSITIF
atas akun hello talk blokir gimana,NEGATIF
muas utk ajar,POSITIF
vip kah,NEGATIF
lovee,POSITIF
bikin memo pnh,NEGATIF
dikit vp bae,NEGATIF
kasih nilai 4 ya,POSITIF
ga masuk,NEGATIF
bagus bangetsaya suka,POSITIF
bismillah cewek jepang,POSITIF
coba sihh tp,POSITIF
suka,POSITIF
anti kelamin gimana jir gw gw pake laki eh pas gw chat org korea gw bilang cewe,POSITIF
deh,POSITIF
apk nya mnrut sya bagus batu utk bljr bhs jg mmbntu utk mnmbh tmn ,POSITIF
aja ya nyoba,NEGATIF
bagus bangetttt sukaaa,POSITIF
 moga teman ya ku aamiin,POSITIF
bayar,NEGATIF
coba coba bintang,NEGATIF
jelek banget sbsbbsdbdbdbdb tapi boong palpalepale,POSITIF
coba,NEGATIF
moga jaya,POSITIF
tolong,NEGATIF
bayar siiiih,NEGATIF
seru banget teman filipina,POSITIF
g download,POSITIF
vip aja,NEGATIF
ngk ngerti sumpah,NEGATIF
oke sippp,POSITIF
blum ku coba,NEGATIF
kirain vc gk jlas asu,NEGATIF
coba,POSITIF
bgus untu ajar,POSITIF
vip,NEGATIF
anyeong haseyo jounen amos imnida,NEGATIF
gw baned,NEGATIF
bagus sukaaa,POSITIF
bom coba,POSITIF
coba,NEGATIF
bayar,NEGATIF
bayar ya ges oh nasip ku,NEGATIF
baik,POSITIF
nyoba,POSITIF
s vs,NEGATIF
i like it ,POSITIF
oke,POSITIF
this app is very good,POSITIF
amazing apps,POSITIF
why did have upgrade to vip i m happy using this app but we re have to pay,NEGATIF
ok,POSITIF
hellotalk is a fun application in my opinion this is where we can have fun and meet new friends even though different countries but hellotalk can make it happen i highly recommend hellotalk because it can be used without age restrictions and it s also very easy to use,POSITIF
nice app,POSITIF
the app is normal again thanks dev,POSITIF
this app is really help me to go more deeper learning germanthank you so much devthis is really help,POSITIF
thank you very much for your attention my application is back to normal i will give five stars for this application because it helps me to learn languages from other countries and can find many new friends,POSITIF
force users to vip,NEGATIF
best apps to improve our english,POSITIF
very good app thankyou,POSITIF
this app is very good to learn languages ,POSITIF
upgrade hello talk baru hubung via wifi  htlinda199,POSITIF
new update is expensive time,NEGATIF
why this app i can t login what is this,NEGATIF
i like,POSITIF
hey i m confused by the policy of hellotalk why do you limit users to use voice room it would be better to improve other features to lure users to top up on hellotalk now i m having trouble learning english on hellotalk because of the time limit not all rooms always accept foreigners many of my friends left hellotalk and maybe i will too i always top up for gifts not for vip but it s still affected please fix it maybe your data shows a decrease in users thank you,NEGATIF
jepang,POSITIF
why can t my hellotalk account log in is the hellotalk application now having an error,NEGATIF
no coment,NEGATIF
happy learning,POSITIF
good,POSITIF
bruh i have no friend ,POSITIF
mantap,POSITIF
good appthanks,POSITIF
wow,POSITIF
ajib,POSITIF
update mulu elu sih apk males,NEGATIF
bagus,POSITIF
     ,NEGATIF
  ,POSITIF
like,POSITIF
this application is very good and cool,POSITIF
the apk is very good i can get friends from outside the apk is really great,POSITIF
it s good it s just that the bug has to be fixed the person is off but still online in the notification,POSITIF
suka bangetttt,POSITIF
ntapz dapet temen jepang gua ,POSITIF
the notification comes in chatted with you but the message doesn t come in how is this please processed immediately my message is not received but the chat notification is always there,POSITIF
nice aplikasi ,POSITIF
since i joined to this page i can improve my english significantly i can talk directly to natives as i rarely meet natives in my small town not only english i also wanna encourage my self to learn spanish and i have started thanks hellotalk,POSITIF
oke,POSITIF
very good,POSITIF
bad,NEGATIF
bagus,POSITIF
bagus,POSITIF
gg,POSITIF
i think it s good but don t give 5 contacts day but it s good,POSITIF
great  but iam a newbie,NEGATIF
wow,POSITIF
nice to meet people from different countries,POSITIF
bgs,POSITIF
so far i love the application but there may be some to add like sending a song,POSITIF
overall this app is good but i wish the developer can give vip trial the new user can experience how vip is so we can decide to subscribe or not,POSITIF
thanks to this application i got a lot of friends from abroad,POSITIF
apk anj,NEGATIF
update i have got enough of the issues that your customer care service can t solve every now and then the app disconnects and takes too long to load it doesn t even load photos on moments i contacted your customer care and sent them screenshots but your customer care rep couldn t do anything,NEGATIF
good but i also haven t got any friends,POSITIF
,POSITIF
good,POSITIF
this oke,POSITIF
please make a video on a momentt,POSITIF
i love this app because of this app i finally have new friends from different countries,POSITIF
amazing app,POSITIF
bagus,NEGATIF
bagus,POSITIF
amazing,POSITIF
nice,POSITIF
good,POSITIF
the best thank you,POSITIF
bagusss,POSITIF
perfect,POSITIF
nice solution thankyou very much,POSITIF
this app help me to the bone ,POSITIF
great application to enhance english skills,POSITIF
this is good now i have friends from other country,POSITIF
i cant stop to open this app,POSITIF
bagus,POSITIF
cool,POSITIF
great ,POSITIF
assalamu alaikum here i would like to give suggestions and criticism this app is great there is a translation so i find it quite helpful the people are friendly too however it s a shame why should there be vip actually i feel less satisfied i hope there is an increase in the number of introductory restrictions from 10 to 15 people in my opinion is enough thank you,NEGATIF
l very like this appthank you very much for this app,POSITIF
i think this is very helpful for me to learn sorry for the previous rating and maybe the bugs should be fixed sooni don t want that bug to happen again,POSITIF
,POSITIF
good,POSITIF
this application help me for learn other languages,POSITIF
good luck baby,POSITIF
good,POSITIF
please fix the verify email it s so hard to enter code,POSITIF
nice appi recommend to you use this app guys,POSITIF
apk bok3p,NEGATIF
good app congratulations,POSITIF
nice this app,POSITIF
bagus,POSITIF
cool,POSITIF
good,POSITIF
this app compatible on android 11 r,POSITIF
,POSITIF
bagus,POSITIF
tonight i will try to use the appi hope this app can make me more smart more good in english or another langaugeand i hope development can hear all suggest or critics from user this application im sorry if there mistakes for my word because im just learned the language healthly greeting,POSITIF
because this appi can be close with my japanese friendsthanks a lot,POSITIF
,POSITIF
i can t sign up why,NEGATIF
why was my account deleted what did i do wrong ,NEGATIF
sorry but i can t make payment here on my local server for the premium app because it restricted hope you guys fix it soon,POSITIF
thank you hello talk i get the appropriate friends to learn language and i can address a friendly from another country with a very polite attitude i m happy to use this application,POSITIF
apk jelek,NEGATIF
bantu,POSITIF
mantul,POSITIF
good apps,POSITIF
app like this very helpful and i can learn english language with many peoplei m so excited,POSITIF
so helpful and user friendly thanks to developer,POSITIF
hellotalk is a language exchange app for making friends from different countries i recommend all of you who want to learn foreign languages and make new friends from different countries,POSITIF
good,POSITIF
if we re not a vip member it s almost the same as not using the app function at all i first downloaded this app two years ago uninstalled it and decided to install it again now but such a disappointment that so many features are locked now for not vip the vip price is kinda expensive as well at least for me an ordinary student i am sorry i uninstalled it again give it 1 star cause i actually liked this app it s a really great app tho if you can afford it thank you,NEGATIF
mantap,POSITIF
good for learn any langunge,POSITIF
why i can t make new account fttt hello talk says  you cannot register further hellotalk account with this device,NEGATIF
giod,POSITIF
good app,POSITIF
,POSITIF
the application is very helpful but why are the complete facilities only for vips i am not able to increase vip i suggest that all facilities be opened without having to be vip thank youi understand but i m only from a simple family still can t afford to buy vip maybe not only i m out there too if it s possible not to have to be vip i m very grateful developer,POSITIF
good,POSITIF
perfect but i miss my first hellotalk account,POSITIF
good apk benerbener bagus bangett yaampunn,POSITIF
why is my hello talk application having problems  i can t hear other people s recordings or my own recordings what should be uninstalled first ,POSITIF
gooddddd,POSITIF
bantu,POSITIF
,POSITIF
it s help me to practice the other language and this app help me to find foregin friends,POSITIF
good app i finally got some friends who can help me learn japanese,POSITIF
best app for learn japanese,POSITIF
this app the best,POSITIF
why can t i apply,NEGATIF
i like it,POSITIF
good app,POSITIF
very helpful,POSITIF
amazing,POSITIF
nice,POSITIF
bagus,POSITIF
bagus,POSITIF
it s very useful for me thanks,POSITIF
i can t send a picture,POSITIF
hello hellotalk admin i like this app so much but i can not login to my account since i forgot my password i try to reset through email but it says invalid email i am sure that i use correct email to login pls help,POSITIF
bagus,POSITIF
good,POSITIF
this app very good though,POSITIF
one day alhamdulillah got a good friend i love four stars because perfection belongs to god the point is really a recommendation,POSITIF
why when i translate the language must pay,POSITIF
bagus,POSITIF
nice application,POSITIF
good,POSITIF
bagus,POSITIF
good,POSITIF
i like this,POSITIF
tnis good thanks,POSITIF
nice apps,POSITIF
mantap jiwa,POSITIF
mantaaaab,POSITIF
recommended,POSITIF
good,POSITIF
ok,POSITIF
,POSITIF
thanks for your app,POSITIF
nice,POSITIF
good,POSITIF
nothing is perfect but try to approach perfection ,POSITIF
udah 2 make seru temen2 negara yg ken,POSITIF
 ,NEGATIF
be like,POSITIF
terimakasih,POSITIF
,POSITIF
why we have to pay when we want to make translation,POSITIF
recommended for all who will learn all languages and you can have many friends,POSITIF
well i made some new friends from japan and french they help me to learn japanese and french  and we have a plan to meet next year this apps really awesome i love it,POSITIF
bagus,POSITIF
bagus,POSITIF
good,POSITIF
good,POSITIF
good,POSITIF
i like this aplikasi sngt mmbabtu,POSITIF
,POSITIF
bgus,POSITIF
if it s free it will definitely be more explode best app,POSITIF
good,POSITIF
anyone can help me please i cannot create a new account even though i already deleted my old account please help me,POSITIF
i m happy ,POSITIF
eggcellent,POSITIF
sugoii,POSITIF
good,POSITIF
i love u hellotalk ,POSITIF
i love this app so much it s really helpful for you guys who want to learning othe languages,POSITIF
hellotalk made learning languages so easy and fun for me that i had not ever imagined thanks to all developers of this beautiful application,POSITIF
jelek,NEGATIF
bagus,NEGATIF
good,POSITIF
now the app has good thnks,POSITIF
senang temu teman ajar bahasa dunia teman,POSITIF
i can t use group call why,POSITIF
it s great,POSITIF
terima kasih hello talk berkat aplikasi teman thankyou so much for helping me too log in again in my account terima kasih admin and staff hello talk,POSITIF
suka banget,POSITIF
keren,POSITIF
goog,POSITIF
why my native language changed to indonesian after i set english as my native in the first i am not an indonesian even though l live in indonesia,POSITIF
bagus banget,POSITIF
nice app,POSITIF
,POSITIF
it s good really,POSITIF
this app really help me to find some kind people in other countries  ,POSITIF
recomend app,POSITIF
,POSITIF
bagus,POSITIF
thank you so much hellotalk  i really likes this app,POSITIF
good app,POSITIF
why can t send a messege and there is the phrase temporarily you not permitted to send messages,NEGATIF
this app really help to learn language and get native speaker friend,POSITIF
okeeeeeeeeee,POSITIF
free learning app we could have friends from around the world talk to them text them it s helping thanks,POSITIF
,POSITIF
nice,POSITIF
keren,POSITIF
good,POSITIF
great,POSITIF
hello i want to ask  why does this application suddenly come out by itself even though i didn t do it when i want to log in again i forget my password and when i want to confirm via email it turns out that the email address is not registered because there is one wrong letter and that really can t  while this application can only be used by one account  is there no other way to login even though i like this application very much  please give me a solution,POSITIF
this app help me a lot to learn bout everything,POSITIF
terima kasih,POSITIF
ok,POSITIF
don t be a social media please,POSITIF
i love this so much as far meet lots of nice people here,POSITIF
this application is very useful and good for study english language,POSITIF
hello talk hilft mir fuer fremdsprachen lernen,POSITIF
good aplication ,POSITIF
hebat,POSITIF
